Employee_ID,Employee_Name,Department,Job_Title,Warehouse_ID,Hire_Date,Salary
1,Employee 00001,Warehouse,Manager,677,2017-04-09,41910.6
2,Employee 00002,Sales,Supervisor,343,2022-07-07,177466.27
3,Employee 00003,Warehouse,Executive,6,2018-12-11,71046.42
4,Employee 00004,Warehouse,Coordinator,89,2016-05-06,51513.61
5,Employee 00005,Procurement,Coordinator,689,2018-05-09,37362.11
6,Employee 00006,Procurement,Analyst,97,2023-04-14,130441.73
7,Employee 00007,Warehouse,Coordinator,635,2019-04-08,76152.49
8,Employee 00008,Procurement,Supervisor,16,2021-08-17,170174.11
9,Employee 00009,warehouse,Associate,339,2017-08-15,72560.53
10,Employee 00010,Procurement,Executive,597,2022-04-25,85057.08
11,Employee 00011,Logistics,Associate,739,2017-04-08,157627.38
12,Employee 00012,Sales,Manager,877,2021-04-26,145635.07
13,Employee 00013,finance ,Analyst,980,2020-05-12,147696.24
14,Employee 00014,Finance,Executive,149,2015-10-01,56731.06
15,Employee 00015,Sales,Executive,875,2017-07-03,64823.93
16,Employee 00016,Sales,Analyst,610,2015-11-26,93892.77
17,Employee 00017,Procurement,Coordinator,732,2020-10-07,175534.1
18,Employee 00018,Sales,Manager,550,2021-07-04,151516.85
19,Employee 00019,Sales,Analyst,433,2016-01-31,134790.57
20,Employee 00020,Warehouse,Manager,13,2016-03-26,111047.96
21,Employee 00021,Finance,Coordinator,833,2016-11-13,47314.11
22,Employee 00022,Operations,Associate,996,2020-07-28,98079.39
23,Employee 00023,Procurement,Analyst,824,2023-11-05,24842.12
24,Employee 00024,Warehouse,Manager,257,2021-12-04,129380.31
25,Employee 00025,Operations,Coordinator,728,2022-03-03,115597.42
26,Employee 00026,Warehouse,Analyst,469,2024-03-29,173137.82
27,Employee 00027,Warehouse,Associate,286,2015-07-10,31620.35
28,Employee 00028,Operations ,Manager,935,2017-03-10,104383.04
29,Employee 00029,Procurement,Executive,23,2021-08-30,79252.31
30,Employee 00030,Warehouse,Executive,968,2019-06-21,65481.58
31,Employee 00031,Sales ,Supervisor,825,2017-07-25,133451.35
32,Employee 00032,Finance,Coordinator,665,2021-05-29,100643.26
33,Employee 00033,Procurement,Manager,662,2023-08-06,152089.61
34,Employee 00034,Warehouse,Manager,57,2016-03-21,174533.9
35,Employee 00035,Sales,Coordinator,389,2017-10-06,43532.19
36,Employee 00036,Operations,Analyst,59,2020-07-10,135906.93
37,Employee 00037,Warehouse,Associate,857,2023-06-07,103943.0
38,Employee 00038,Warehouse,Analyst,708,2020-07-23,135142.8
39,Employee 00039,Operations,Coordinator,709,2018-03-30,54695.46
40,Employee 00040,Warehouse,Associate,176,2018-04-16,97755.84
41,Employee 00041,Operations,Associate,256,2021-05-17,88004.23
42,Employee 00042,Finance,Manager,680,2022-07-05,88156.92
43,Employee 00043,Operations,Associate,732,2021-02-12,62605.64
44,Employee 00044,Warehouse,Executive,554,2018-07-14,75088.37
45,Employee 00045,Operations,Executive,566,2020-05-28,147952.31
46,Employee 00046,Finance,Executive,942,2015-12-16,143615.92
47,Employee 00047,Logistics,Coordinator,276,2015-03-03,74353.53
48,Employee 00048,Warehouse,Coordinator,737,2024-01-05,34058.74
49,Employee 00049,Logistics,Associate,252,2017-07-09,73263.02
50,Employee 00050,Operations,Manager,424,2021-12-13,24990.81
51,Employee 00051,Sales,Coordinator,66,2021-11-03,29170.58
52,Employee 00052,Procurement,Manager,318,2018-06-11,62066.53
53,Employee 00053,Procurement,Executive,334,2016-04-08,140018.3
54,Employee 00054,Operations,Analyst,607,2017-01-26,136393.04
55,Employee 00055,Warehouse,Manager,275,2022-07-20,132094.93
56,Employee 00056,Sales,Manager,232,2024-02-08,63523.23
57,Employee 00057,Sales,Associate,46,2017-03-24,24499.09
58,Employee 00058,Warehouse,Coordinator,684,2015-08-21,170917.2
59,Employee 00059,Sales,Coordinator,459,2015-11-26,155938.89
60,Employee 00060,Finance,Manager,414,2024-03-16,73759.2
61,Employee 00061,Logistics,Manager,424,2020-02-09,66066.02
62,Employee 00062,Procurement,Analyst,543,2017-05-26,76238.32
63,Employee 00063,finance,Executive,42,2021-10-10,155337.89
64,Employee 00064,Operations,Executive,162,2016-05-06,175202.22
65,Employee 00065,Warehouse,Executive,245,2023-10-03,108531.56
66,Employee 00066,Sales,Associate,259,2022-06-06,50423.91
67,Employee 00067,Finance,Supervisor,283,2019-04-18,129921.82
68,Employee 00068,Operations,Analyst,372,2018-07-24,105721.01
69,Employee 00069,Sales,Coordinator,882,2019-08-24,99202.07
70,Employee 00070,Operations,Supervisor,915,2017-06-07,136511.77
71,Employee 00071,Warehouse,Coordinator,940,2015-08-26,153591.26
72,Employee 00072,Logistics,Analyst,734,2017-11-09,133708.04
73,Employee 00073,Warehouse,Supervisor,371,2015-12-21,117958.03
74,Employee 00074,Logistics,Executive,68,2023-11-28,105873.3
75,Employee 00075,Operations,Executive,53,2015-07-22,158211.58
76,Employee 00076,Sales,Associate,197,2020-07-01,124544.93
77,Employee 00077,Sales,Executive,628,2021-12-15,102904.81
78,Employee 00078,Finance,Manager,739,2020-12-05,18375.66
79,Employee 00079,Logistics,Supervisor,946,2023-02-19,143604.98
80,Employee 00080,Warehouse,Manager,47,2017-08-19,62105.17
81,Employee 00081,Operations,Manager,832,2020-01-04,103594.51
82,Employee 00082,Logistics,Analyst,567,2019-09-07,63485.17
83,Employee 00083,Logistics,Analyst,539,2015-11-05,110884.44
84,Employee 00084,Finance,Analyst,183,2019-11-27,135712.76
85,Employee 00085,Finance,Manager,910,2022-06-07,172018.2
86,Employee 00086,Sales,Analyst,135,2022-06-26,165218.86
87,Employee 00087,Sales,Coordinator,362,2016-03-12,104936.1
88,Employee 00088,Warehouse,Supervisor,368,2019-06-17,25473.93
89,Employee 00089,Finance,Associate,550,2021-03-09,174312.07
90,Employee 00090,Warehouse,Associate,36,2023-06-19,60907.81
91,Employee 00091,Operations,Coordinator,438,2022-08-02,165508.16
92,Employee 00092,Finance,Coordinator,49,2022-11-23,162169.72
93,Employee 00093,Finance,Manager,147,2023-10-20,44918.17
94,Employee 00094,Finance,Associate,186,2018-10-14,43258.89
95,Employee 00095,Procurement,Manager,95,2016-10-11,65299.07
96,Employee 00096,Sales,Supervisor,227,2020-05-16,118762.7
97,Employee 00097,,Analyst,428,2023-10-06,117587.35
98,Employee 00098,Logistics,Associate,365,2023-05-31,174272.47
99,Employee 00099,Procurement,Supervisor,316,2018-08-14,116023.47
100,Employee 00100,,Coordinator,916,2016-08-11,37917.79
101,Employee 00101,Finance,Executive,951,2022-05-21,28554.32
102,Employee 00102,Finance,Associate,936,2020-03-01,82882.8
103,Employee 00103,Sales,Manager,365,2015-01-08,147499.02
104,Employee 00104,Warehouse,Coordinator,893,2023-05-21,106405.44
105,Employee 00105,Logistics,Supervisor,636,2017-08-07,107568.85
106,Employee 00106,Operations,Manager,194,2020-12-14,122088.25
107,Employee 00107,Logistics,Associate,444,2015-06-01,140913.64
108,Employee 00108,Procurement,Associate,364,2019-01-13,29225.37
109,Employee 00109,Procurement,Associate,145,2015-09-10,135723.29
110,Employee 00110,Sales,Supervisor,734,2017-12-14,112064.9
111,Employee 00111,Logistics,Associate,889,2021-08-02,146913.93
112,Employee 00112,Sales,Executive,752,2015-06-26,141124.45
113,Employee 00113,Procurement,Supervisor,182,2018-06-30,137539.13
114,Employee 00114,Procurement,Executive,602,2016-06-25,129271.26
115,Employee 00115,Warehouse,Analyst,931,2020-10-01,151237.0
116,Employee 00116,Sales,Coordinator,430,2015-07-31,67237.01
117,Employee 00117,Procurement,Supervisor,881,2021-09-05,46387.55
118,Employee 00118,Procurement,Analyst,848,2024-04-25,22383.23
119,Employee 00119,Sales,Associate,668,2018-09-25,88046.67
120,Employee 00120,Operations,Supervisor,45,2017-09-10,91735.16
121,Employee 00121,Procurement,Executive,323,2020-02-25,141106.72
122,Employee 00122,Sales,Analyst,559,2018-01-25,22438.49
123,Employee 00123,Operations,Manager,211,2023-01-23,85256.71
124,Employee 00124,Warehouse,Coordinator,579,2023-06-09,154595.48
125,Employee 00125,Operations,Associate,569,2020-06-20,62345.63
126,Employee 00126,Warehouse,Coordinator,652,2021-04-28,151434.02
127,Employee 00127,Procurement,Analyst,632,2015-12-17,46910.0
128,Employee 00128,Sales,Executive,5,2024-06-23,34989.87
129,Employee 00129,Warehouse,Executive,537,2017-04-05,175827.63
130,Employee 00130,Warehouse,Manager,200,2021-01-23,95427.51
131,Employee 00131,Warehouse,Associate,277,2016-06-21,49568.76
132,Employee 00132,Procurement,Analyst,130,2017-05-23,79827.44
133,Employee 00133,logistics,Analyst,883,2016-06-24,79345.4
134,Employee 00134,Logistics,Coordinator,198,2017-10-22,132410.25
135,Employee 00135,Logistics,Executive,93,2019-12-10,56580.38
136,Employee 00136,Sales,Executive,966,2023-12-16,155980.03
137,Employee 00137,Finance,Supervisor,728,2017-06-09,153785.22
138,Employee 00138,Sales,Coordinator,732,2017-02-01,152582.06
139,Employee 00139,Operations,Manager,654,2021-09-10,169092.15
140,Employee 00140,Warehouse,Analyst,913,2015-10-09,47686.74
141,Employee 00141,Finance,Analyst,891,2016-12-23,123636.81
142,Employee 00142,Logistics,Executive,2,2015-01-19,113764.89
143,Employee 00143,Operations,Supervisor,267,2015-06-29,38479.32
144,Employee 00144,Operations,Executive,455,2021-05-25,48313.18
145,Employee 00145,Operations,Manager,337,2019-03-19,68859.0
146,Employee 00146,Procurement,Associate,2,2022-12-01,-10000.0
147,Employee 00147,Procurement,Manager,75,2017-10-06,168648.8
148,Employee 00148,Sales,Analyst,249,2018-03-12,51067.34
149,Employee 00149,Warehouse,Supervisor,539,2019-07-06,84978.11
150,Employee 00150,Logistics,Associate,326,2019-05-18,105389.51
151,Employee 00151,Finance,Coordinator,995,2015-01-28,51045.78
152,Employee 00152,Finance,Executive,633,2018-11-11,142153.05
153,Employee 00153,Sales,Executive,475,2017-04-26,58303.55
154,Employee 00154,Finance,Supervisor,857,2020-04-18,83310.92
155,Employee 00155,Logistics,Associate,791,2024-03-24,79924.88
156,Employee 00156,sales,Associate,561,2017-02-28,41039.05
157,Employee 00157,Warehouse,Associate,618,2017-07-29,176267.26
158,Employee 00158,Finance,Supervisor,638,2017-12-05,171242.48
159,Employee 00159,Logistics,Executive,952,2022-06-15,69711.83
160,Employee 00160,Finance,Executive,172,2017-08-05,160202.45
161,Employee 00161,Procurement,Manager,576,2020-10-14,52430.57
162,Employee 00162,Warehouse,Executive,985,2020-01-06,108817.57
163,Employee 00163,Procurement,Supervisor,186,2020-04-08,20617.1
164,Employee 00164,Finance ,Manager,826,2017-04-15,78871.0
165,Employee 00165,Procurement,Manager,800,2021-10-15,145515.79
166,Employee 00166,Warehouse,Supervisor,763,2022-06-01,155684.59
167,Employee 00167,finance ,Associate,601,2017-05-08,31653.09
168,Employee 00168,Logistics,Executive,47,2019-11-12,125966.92
169,Employee 00169,Operations,Manager,625,2015-03-06,117447.73
170,Employee 00170,Finance,Associate,76,2018-07-10,83046.44
171,Employee 00171,Sales,Associate,530,2018-11-29,0.0
172,Employee 00172,Logistics,Manager,60,2015-09-12,132945.59
173,Employee 00173,Procurement,Analyst,92,2022-07-05,108121.42
174,Employee 00174,Logistics,Coordinator,89,2015-03-22,110400.76
175,Employee 00175,Operations,Supervisor,213,2018-07-14,63777.86
176,Employee 00176,Logistics,Executive,79,2020-07-17,57590.21
177,Employee 00177,Operations,Analyst,978,2018-01-29,103873.76
178,Employee 00178,Sales,Supervisor,563,2022-02-06,170225.39
179,Employee 00179,Finance,Analyst,413,2022-11-27,84121.67
180,Employee 00180,Sales,Analyst,442,2017-08-01,72023.22
181,Employee 00181,Procurement,Supervisor,391,2018-12-24,95793.33
182,Employee 00182,Operations,Associate,781,2019-04-26,135011.91
183,Employee 00183,Logistics,Manager,1000,2019-07-04,98608.71
184,Employee 00184,Finance,Executive,274,2016-10-23,164894.98
185,Employee 00185,Logistics,Manager,28,2019-12-01,95672.07
186,Employee 00186,Operations,Analyst,58,2016-08-19,174671.03
187,Employee 00187,Finance,Manager,456,2017-05-12,44275.94
188,Employee 00188,Warehouse,Executive,427,2022-07-08,148410.93
189,Employee 00189,Warehouse,Manager,904,2019-06-25,120345.93
190,Employee 00190,Warehouse,Manager,230,2016-08-17,170486.23
191,Employee 00191,Logistics,Coordinator,45,2018-11-08,63052.77
192,Employee 00192,Logistics,Supervisor,143,2015-12-02,97266.87
193,Employee 00193,Sales,Associate,80,2024-01-15,162001.32
194,Employee 00194,Finance,Coordinator,669,2020-02-08,128699.6
195,Employee 00195,Sales,Analyst,474,2019-09-16,112041.18
196,Employee 00196,Logistics,Analyst,134,2017-01-20,40358.78
197,Employee 00197,Procurement,Analyst,655,2024-06-19,127868.86
198,Employee 00198,Procurement,Executive,462,2017-04-26,160570.56
199,Employee 00199,Logistics,Manager,70,2017-08-27,86236.91
200,Employee 00200,Sales,Analyst,468,2022-11-01,28785.61
201,Employee 00201,Sales,Associate,943,2021-10-10,106259.54
202,Employee 00202,Sales,Manager,7,2020-12-23,61113.95
203,Employee 00203,Logistics,Manager,213,2021-02-01,76520.92
204,Employee 00204,Operations,Executive,922,2015-11-09,160016.07
205,Employee 00205,Procurement ,Executive,165,2020-04-09,159876.31
206,Employee 00206,Procurement,Associate,382,2023-11-28,61713.4
207,Employee 00207,Logistics,Manager,249,2021-06-27,152529.8
208,Employee 00208,Logistics,Coordinator,372,2018-08-04,110639.55
209,Employee 00209,Logistics,Coordinator,311,2019-01-14,65486.42
210,Employee 00210,Finance,Manager,188,2022-09-21,46724.16
211,Employee 00211,Logistics,Manager,883,2015-04-20,23662.23
212,Employee 00212,Procurement,Executive,355,2015-08-22,74350.61
213,Employee 00213,Procurement,Coordinator,340,2020-08-19,80421.64
214,Employee 00214,Warehouse,Analyst,927,2023-09-03,61559.9
215,Employee 00215,Sales,Analyst,828,2020-10-17,18303.24
216,Employee 00216,Warehouse,Executive,546,2015-07-09,42050.81
217,Employee 00217,Sales,Supervisor,559,2021-12-15,160409.16
218,Employee 00218,Logistics,Coordinator,802,2020-10-28,137815.81
219,Employee 00219,Logistics,Associate,299,2021-08-22,110973.7
220,Employee 00220,Procurement,Manager,333,2021-10-09,29124.55
221,Employee 00221,Sales,Coordinator,423,2021-04-15,77629.52
222,Employee 00222,Logistics,Analyst,878,2018-08-09,93461.35
223,Employee 00223,Finance,Executive,662,2019-01-21,126924.39
224,Employee 00224,Warehouse,Analyst,820,2020-04-15,35302.32
225,Employee 00225,Warehouse,Analyst,376,2019-03-24,45855.57
226,Employee 00226,Warehouse,Manager,304,2021-08-03,105197.05
227,Employee 00227,Logistics,Coordinator,669,2020-08-11,169091.26
228,Employee 00228,Procurement,Analyst,746,2016-12-22,165235.69
229,Employee 00229,Sales,Executive,530,2017-05-08,20641.55
230,Employee 00230,Finance,Executive,993,2015-06-24,58360.31
231,Employee 00231,Finance,Supervisor,39,2019-08-22,35992.95
232,Employee 00232,Warehouse,Executive,776,2017-04-07,46327.46
233,Employee 00233,Sales,Supervisor,118,2023-04-11,46068.2
234,Employee 00234,Operations ,Executive,699,2020-01-13,26549.36
235,Employee 00235,Sales,Manager,147,2016-04-19,113871.3
236,Employee 00236,Finance,Coordinator,354,2021-05-20,160164.14
237,Employee 00237,Sales,Executive,482,2016-09-19,25737.64
238,Employee 00238,Logistics,Supervisor,285,2020-05-10,105565.78
239,Employee 00239,Warehouse,Analyst,726,2018-12-08,154257.89
240,Employee 00240,Sales,Associate,894,2016-09-15,24225.95
241,Employee 00241,Sales,Executive,629,2023-09-02,54349.96
242,Employee 00242,Sales,Supervisor,705,2016-07-15,60694.91
243,Employee 00243,Procurement,Manager,8,2015-06-01,99038.97
244,Employee 00244,Finance,Associate,571,2017-02-28,49178.57
245,Employee 00245,Logistics,Executive,725,2022-03-20,95984.54
246,Employee 00246,,Analyst,885,2022-02-07,175628.58
247,Employee 00247,Operations,Associate,15,2019-06-10,142299.88
248,Employee 00248,Warehouse,Manager,745,2022-05-26,71910.05
249,Employee 00249,Finance,Analyst,209,2020-10-23,37895.13
250,Employee 00250,Procurement,Executive,490,2016-05-11,57421.81
251,Employee 00251,Warehouse,Supervisor,179,2021-02-28,58590.45
252,Employee 00252,Warehouse,Analyst,252,2018-02-01,46981.51
253,Employee 00253,Operations,Manager,183,2022-08-09,162844.23
254,Employee 00254,Sales,Associate,800,2017-06-07,37475.02
255,Employee 00255,Procurement,Associate,277,2015-10-10,149565.02
256,Employee 00256,Warehouse,Associate,458,2023-02-02,63378.51
257,Employee 00257,Logistics,Manager,34,2020-10-08,30232.47
258,Employee 00258,Logistics,Coordinator,42,2023-03-19,91476.68
259,Employee 00259,Sales,Manager,560,2016-10-30,44335.85
260,Employee 00260,Sales,Analyst,658,2021-04-05,71561.71
261,Employee 00261,Sales,Analyst,116,2016-10-06,81867.23
262,Employee 00262,Warehouse,Supervisor,931,2021-11-18,121870.85
263,Employee 00263,Operations,Associate,66,2017-09-02,100366.92
264,Employee 00264,Warehouse,Associate,908,2016-12-31,164003.4
265,Employee 00265,Sales,Coordinator,709,2021-09-03,148466.3
266,Employee 00266,Procurement,Executive,899,2021-06-17,51823.58
267,Employee 00267,Logistics ,Associate,583,2015-02-19,93189.12
268,Employee 00268,Warehouse,Supervisor,726,2015-03-29,89807.61
269,Employee 00269,Sales,Manager,626,2016-04-13,139538.15
270,Employee 00270,Warehouse,Associate,867,2018-07-24,76894.91
271,Employee 00271,Warehouse,Associate,753,2017-03-11,155911.76
272,Employee 00272,Finance,Analyst,76,2020-07-11,29761.22
273,Employee 00273,Procurement,Executive,301,2022-12-21,138968.64
274,Employee 00274,Sales,Coordinator,140,2016-05-11,154945.84
275,Employee 00275,Operations,Analyst,358,2020-09-25,77626.59
276,Employee 00276,Sales,Supervisor,83,2024-06-14,62131.63
277,Employee 00277,Procurement,Coordinator,985,2019-08-15,144832.71
278,Employee 00278,Operations ,Supervisor,756,2018-05-14,47907.26
279,Employee 00279,Finance,Associate,530,2018-11-06,63759.33
280,Employee 00280,Logistics,Manager,151,2022-05-12,163294.78
281,Employee 00281,Finance,Manager,51,2023-09-10,80368.61
282,Employee 00282,Sales,Manager,670,2022-08-19,120493.9
283,Employee 00283,Procurement,Associate,373,2021-08-12,73529.84
284,Employee 00284,Operations,Coordinator,728,2022-02-26,54401.49
285,Employee 00285,Operations,Analyst,320,2015-10-12,124008.95
286,Employee 00286,operations,Analyst,275,2021-10-11,136782.11
287,Employee 00287,Operations,Associate,169,2015-06-05,108910.13
288,Employee 00288,Warehouse,Supervisor,871,2018-09-06,133504.2
289,Employee 00289,Warehouse,Manager,944,2021-10-21,105017.26
290,Employee 00290,Logistics,Supervisor,635,2023-02-13,109767.64
291,Employee 00291,Warehouse,Supervisor,662,2016-06-19,72836.76
292,Employee 00292,Sales,Analyst,636,2021-11-26,113531.45
293,Employee 00293,Finance,Supervisor,568,2017-11-04,173524.23
294,Employee 00294,Sales,Analyst,487,2016-06-03,87698.48
295,Employee 00295,,Supervisor,51,2016-07-17,142254.75
296,Employee 00296,Procurement,Manager,498,2015-12-30,96669.14
297,Employee 00297,finance,Analyst,373,2023-02-10,94404.87
298,Employee 00298,Sales,Manager,298,2018-05-16,156871.15
299,Employee 00299,Finance,Supervisor,442,2015-02-17,105082.55
300,Employee 00300,Warehouse,Associate,287,2019-12-16,106491.8
301,Employee 00301,Sales,Analyst,965,2024-01-14,23022.47
302,Employee 00302,Finance,Executive,777,2018-05-31,55575.2
303,Employee 00303,,Analyst,752,2018-08-23,20253.38
304,Employee 00304,Operations,Supervisor,491,2017-06-29,140610.32
305,Employee 00305,Sales,Executive,29,2019-02-27,69984.63
306,Employee 00306,Finance,Supervisor,416,2021-03-06,45889.54
307,Employee 00307,Warehouse,Coordinator,833,2020-03-19,30552.74
308,Employee 00308,Operations,Executive,808,2024-01-27,69035.17
309,Employee 00309,Sales,Executive,357,2021-03-03,26368.87
310,Employee 00310,Procurement,Executive,186,2015-05-22,145237.41
311,Employee 00311,Warehouse,Executive,208,2019-09-19,72802.98
312,Employee 00312,Procurement,Coordinator,334,2023-02-01,158722.64
313,Employee 00313,Finance,Manager,950,2015-06-04,148761.03
314,Employee 00314,Operations,Executive,641,2023-08-21,132734.39
315,Employee 00315,Logistics,Associate,61,2019-03-06,118071.94
316,Employee 00316,Warehouse,Manager,43,2019-01-27,148719.17
317,Employee 00317,Operations,Manager,152,2015-11-30,147935.94
318,Employee 00318,Sales,Supervisor,194,2021-02-05,39640.81
319,Employee 00319,Procurement,Associate,475,2023-09-07,143890.34
320,Employee 00320,Warehouse,Analyst,294,2022-06-14,49213.36
321,Employee 00321,Warehouse,Coordinator,994,2023-07-04,58362.78
322,Employee 00322,Operations,Executive,994,2022-12-30,87257.53
323,Employee 00323,Warehouse,Manager,9,2018-10-17,81689.88
324,Employee 00324,Finance,Manager,549,2017-10-07,147052.05
325,Employee 00325,Sales,Coordinator,216,2016-11-08,33754.96
326,Employee 00326,Finance,Coordinator,409,2016-05-03,82132.89
327,Employee 00327,Logistics,Coordinator,203,2019-02-15,42620.09
328,Employee 00328,Operations,Analyst,128,2015-11-04,158522.19
329,Employee 00329,,Supervisor,48,2016-06-25,166949.16
330,Employee 00330,Logistics,Supervisor,844,2015-11-01,46841.28
331,Employee 00331,Operations,Coordinator,994,2018-03-16,110111.48
332,Employee 00332,Finance,Associate,114,2016-11-09,159299.22
333,Employee 00333,Warehouse,Coordinator,98,2021-03-13,127508.74
334,Employee 00334,Sales,Coordinator,698,2015-06-17,98750.86
335,Employee 00335,Logistics,Manager,731,2024-02-13,81791.48
336,Employee 00336,Operations,Associate,691,2019-10-31,20520.57
337,Employee 00337,Operations,Coordinator,473,2022-03-19,55817.31
338,Employee 00338,Warehouse,Supervisor,766,2016-01-29,122544.1
339,Employee 00339,Finance,Supervisor,236,2016-01-25,49272.62
340,Employee 00340,Sales,Executive,893,2023-09-24,54405.37
341,Employee 00341,Procurement,Executive,673,2018-03-07,110617.36
342,Employee 00342,Operations,Associate,440,2021-01-25,23638.69
343,Employee 00343,Warehouse,Associate,431,2021-03-08,70581.51
344,Employee 00344,Operations,Executive,703,2020-06-07,93547.22
345,Employee 00345,Logistics,Coordinator,544,2024-07-01,60639.0
346,Employee 00346,Logistics,Analyst,164,2017-04-11,120402.92
347,Employee 00347,Logistics,Coordinator,298,2016-03-04,123702.18
348,Employee 00348,Procurement,Supervisor,737,2018-03-31,99704.51
349,Employee 00349,Operations,Coordinator,483,2019-03-11,79448.51
350,Employee 00350,Warehouse,Associate,589,2020-09-25,95712.22
351,Employee 00351,Procurement,Supervisor,95,2021-07-22,80007.28
352,Employee 00352,Logistics,Executive,365,2018-01-18,154332.13
353,Employee 00353,Procurement,Executive,482,2016-02-12,50040.36
354,Employee 00354,Logistics,Supervisor,976,2017-08-25,38204.48
355,Employee 00355,Procurement,Analyst,339,2020-01-11,138245.27
356,Employee 00356,Sales,Manager,339,2018-10-01,89532.48
357,Employee 00357,Procurement,Executive,961,2015-09-01,99701.55
358,Employee 00358,Finance,Analyst,961,2016-06-08,160656.17
359,Employee 00359,Logistics,Analyst,488,2020-10-22,172128.13
360,Employee 00360,Procurement,Supervisor,909,2020-04-22,113974.55
361,Employee 00361,Finance,Manager,686,2019-07-15,178531.78
362,Employee 00362,Procurement,Supervisor,263,2022-06-27,-10000.0
363,Employee 00363,Sales,Supervisor,59,2024-01-30,0.0
364,Employee 00364,Logistics,Analyst,768,2016-08-26,95879.42
365,Employee 00365,Sales,Coordinator,149,2019-11-16,158357.51
366,Employee 00366,Sales,Executive,981,2018-04-30,128618.49
367,Employee 00367,Procurement,Coordinator,133,2017-01-29,162704.47
368,Employee 00368,logistics,Analyst,876,2024-02-27,80690.42
369,Employee 00369,Finance,Analyst,752,2020-05-14,0.0
370,Employee 00370,Logistics,Manager,229,2015-11-19,108223.71
371,Employee 00371,Operations,Analyst,182,2023-02-09,30554.44
372,Employee 00372,Warehouse,Analyst,632,2022-10-30,114777.81
373,Employee 00373,Operations,Coordinator,577,2023-02-18,147468.3
374,Employee 00374,Finance,Supervisor,71,2016-10-10,85773.82
375,Employee 00375,Warehouse,Executive,166,2023-02-21,68783.3
376,Employee 00376,Operations,Executive,170,2021-01-06,105600.79
377,Employee 00377,Finance,Associate,828,2021-01-25,174619.1
378,Employee 00378,Logistics,Associate,788,2024-03-25,157156.68
379,Employee 00379,Sales,Coordinator,598,2015-02-13,69222.96
380,Employee 00380,Warehouse,Associate,722,2019-04-19,79653.36
381,Employee 00381,Finance,Manager,140,2023-01-08,102264.61
382,Employee 00382,Operations,Analyst,355,2018-04-09,34568.29
383,Employee 00383,Sales,Analyst,608,2019-05-07,174781.68
384,Employee 00384,Logistics,Associate,18,2018-03-04,40752.91
385,Employee 00385,Sales,Analyst,689,2015-04-20,85330.66
386,Employee 00386,Logistics,Analyst,376,2021-11-01,119156.85
387,Employee 00387,Operations,Associate,949,2019-03-16,146622.43
388,Employee 00388,Procurement,Coordinator,303,2019-04-10,56826.6
389,Employee 00389,Warehouse,Analyst,1,2017-08-09,97945.4
390,Employee 00390,Sales,Analyst,484,2022-08-30,94852.8
391,Employee 00391,Operations,Manager,643,2022-03-03,130830.25
392,Employee 00392,Operations,Executive,66,2019-12-15,39968.04
393,Employee 00393,Procurement,Supervisor,570,2018-05-23,174255.43
394,Employee 00394,Procurement,Executive,532,2024-04-19,102628.07
395,Employee 00395,Operations,Supervisor,790,2024-01-17,93886.08
396,Employee 00396,Warehouse,Associate,712,2017-05-23,48755.64
397,Employee 00397,Warehouse,Analyst,423,2021-06-12,106843.24
398,Employee 00398,Warehouse,Manager,396,2017-04-10,87173.18
399,Employee 00399,Warehouse,Coordinator,914,2016-06-21,106127.78
400,Employee 00400,Sales,Supervisor,159,2016-02-10,105798.49
401,Employee 00401,Warehouse,Supervisor,903,2017-03-13,53864.94
402,Employee 00402,Sales,Associate,50,2020-10-11,66428.74
403,Employee 00403,Logistics,Analyst,509,2024-06-13,74629.06
404,Employee 00404,Finance,Associate,795,2019-06-17,103847.02
405,Employee 00405,Sales,Manager,77,2017-05-19,99469.01
406,Employee 00406,Logistics,Executive,533,2021-04-08,121698.32
407,Employee 00407,Warehouse,Coordinator,583,2023-12-13,22572.54
408,Employee 00408,Warehouse,Associate,68,2016-09-21,140372.55
409,Employee 00409,Warehouse,Supervisor,269,2015-07-04,61089.84
410,Employee 00410,Finance,Executive,214,2018-08-02,137609.06
411,Employee 00411,Procurement,Associate,261,2022-10-14,149179.5
412,Employee 00412,Finance,Analyst,150,2019-08-16,179777.69
413,Employee 00413,Finance,Supervisor,402,2024-05-06,62187.13
414,Employee 00414,Sales,Analyst,243,2019-12-21,59420.92
415,Employee 00415,Procurement,Manager,100,2019-02-17,63459.44
416,Employee 00416,Logistics,Analyst,62,2018-01-12,24088.03
417,Employee 00417,Sales,Associate,639,2022-06-24,120292.89
418,Employee 00418,Procurement,Manager,606,2015-08-10,31083.65
419,Employee 00419,Warehouse,Executive,835,2024-04-08,178971.15
420,Employee 00420,Procurement,Manager,998,2021-08-23,159455.65
421,Employee 00421,Finance,Supervisor,400,2017-04-15,123021.8
422,Employee 00422,Sales,Analyst,933,2021-11-23,39344.02
423,Employee 00423,Procurement,Associate,277,2019-11-24,89242.32
424,Employee 00424,Sales,Manager,531,2019-06-03,129043.84
425,Employee 00425,Warehouse,Coordinator,271,2022-07-26,71783.23
426,Employee 00426,Sales,Supervisor,964,2017-06-28,127617.16
427,Employee 00427,Logistics,Executive,322,2015-04-26,100807.35
428,Employee 00428,Procurement,Coordinator,805,2021-03-17,30693.38
429,Employee 00429,Logistics,Supervisor,710,2024-06-25,80662.23
430,Employee 00430,Procurement,Executive,725,2024-02-13,81231.16
431,Employee 00431,Procurement,Coordinator,100,2019-10-23,0.0
432,Employee 00432,Procurement,Supervisor,864,2016-10-07,68192.36
433,Employee 00433,Warehouse,Analyst,81,2021-08-16,102614.44
434,Employee 00434,Operations,Analyst,253,2020-08-16,99481.82
435,Employee 00435,Procurement,Coordinator,949,2023-12-29,35483.21
436,Employee 00436,Sales,Associate,872,2017-01-15,0.0
437,Employee 00437,Warehouse,Manager,247,2017-04-08,169293.03
438,Employee 00438,Procurement,Supervisor,813,2015-04-15,37922.36
439,Employee 00439,Logistics,Analyst,972,2015-09-02,36102.97
440,Employee 00440,Warehouse,Analyst,379,2019-03-26,83907.69
441,Employee 00441,Finance,Manager,434,2019-09-18,101826.14
442,Employee 00442,Sales,Coordinator,615,2019-12-28,111989.07
443,Employee 00443,Finance,Manager,951,2023-02-07,132355.19
444,Employee 00444,Logistics,Manager,554,2022-08-31,128960.66
445,Employee 00445,Procurement,Associate,689,2015-10-10,68193.9
446,Employee 00446,Warehouse,Analyst,274,2016-01-19,50024.41
447,Employee 00447,Finance,Associate,3,2016-04-23,88752.42
448,Employee 00448,Finance,Supervisor,273,2018-07-20,49570.6
449,Employee 00449,Warehouse,Executive,413,2024-02-13,85337.96
450,Employee 00450,Warehouse,Associate,275,2016-04-29,70978.53
451,Employee 00451,Procurement,Analyst,608,2019-11-10,158223.29
452,Employee 00452,Sales,Associate,573,2018-09-13,111292.32
453,Employee 00453,Finance,Supervisor,441,2019-01-02,160745.42
454,Employee 00454,Operations,Supervisor,56,2023-04-13,69301.82
455,Employee 00455,Warehouse,Executive,954,2021-10-01,154012.21
456,Employee 00456,Finance,Manager,838,2016-01-12,40204.26
457,Employee 00457,Logistics,Manager,227,2019-09-26,178021.73
458,Employee 00458,Finance,Supervisor,789,2016-04-09,21486.75
459,Employee 00459,Sales,Analyst,883,2017-09-04,153452.04
460,Employee 00460,Finance,Coordinator,916,2018-06-05,60938.68
461,Employee 00461,Logistics,Associate,125,2018-02-23,71888.2
462,Employee 00462,Warehouse,Manager,117,2019-06-18,31647.38
463,Employee 00463,Procurement,Manager,301,2019-04-26,130252.68
464,Employee 00464,Procurement,Manager,689,2023-03-08,137659.85
465,Employee 00465,Operations,Coordinator,791,2022-11-01,151866.24
466,Employee 00466,Finance,Analyst,888,2024-05-15,25891.06
467,Employee 00467,Warehouse,Executive,245,2019-03-30,172060.36
468,Employee 00468,Finance,Analyst,622,2024-07-22,138941.77
469,Employee 00469,Sales,Manager,224,2015-08-15,85164.69
470,Employee 00470,Warehouse,Associate,407,2019-03-10,110511.17
471,Employee 00471,Operations,Coordinator,990,2018-09-09,151986.31
472,Employee 00472,Operations,Manager,152,2019-04-24,85192.36
473,Employee 00473,Sales,Executive,722,2018-10-04,53105.49
474,Employee 00474,Finance,Analyst,802,2022-11-28,109422.12
475,Employee 00475,Procurement,Associate,871,2022-07-16,20298.46
476,Employee 00476,Procurement,Analyst,299,2018-04-07,94371.38
477,Employee 00477,Logistics,Coordinator,137,2016-04-13,40471.19
478,Employee 00478,Logistics,Executive,103,2023-07-09,111252.42
479,Employee 00479,Logistics,Analyst,597,2024-01-23,97718.03
480,Employee 00480,Finance,Supervisor,265,2024-05-19,125607.7
481,Employee 00481,Operations,Executive,9,2024-04-23,178195.95
482,Employee 00482,Finance,Executive,205,2017-05-15,73980.42
483,Employee 00483,Logistics,Supervisor,736,2022-12-31,113003.35
484,Employee 00484,Procurement,Supervisor,872,2021-02-01,40971.96
485,Employee 00485,Logistics,Executive,933,2020-06-06,63642.52
486,Employee 00486,Warehouse,Executive,702,2015-12-28,156677.73
487,Employee 00487,Sales,Coordinator,842,2022-12-10,86535.2
488,Employee 00488,Finance,Associate,349,2015-08-27,23558.66
489,Employee 00489,Warehouse,Supervisor,243,2019-03-19,155737.0
490,Employee 00490,Logistics,Supervisor,276,2016-07-16,110175.75
491,Employee 00491,Finance,Coordinator,846,2016-05-12,22449.61
492,Employee 00492,Finance ,Executive,802,2018-05-24,135788.47
493,Employee 00493,Logistics,Coordinator,638,2018-03-23,48299.54
494,Employee 00494,Procurement,Manager,270,2022-09-23,159033.32
495,Employee 00495,Operations,Executive,156,2016-03-21,153196.05
496,Employee 00496,Procurement,Manager,445,2015-04-05,175259.88
497,Employee 00497,Operations,Associate,510,2022-10-04,42993.62
498,Employee 00498,Logistics,Analyst,2,2016-12-08,177646.87
499,Employee 00499,Operations,Manager,441,2015-03-06,37852.74
500,Employee 00500,Operations,Coordinator,257,2023-11-20,144151.92
501,Employee 00501,Procurement,Coordinator,566,2018-04-06,130367.14
502,Employee 00502,,Supervisor,544,2018-01-03,122292.84
503,Employee 00503,Warehouse,Supervisor,177,2022-10-26,85521.62
504,Employee 00504,Finance,Analyst,271,2019-06-24,41142.52
505,Employee 00505,Sales,Supervisor,336,2016-10-10,51347.23
506,Employee 00506,Logistics,Supervisor,530,2022-07-22,85657.41
507,Employee 00507,Warehouse,Associate,798,2023-06-16,41129.3
508,Employee 00508,Operations,Executive,548,2015-01-07,82806.51
509,Employee 00509,Warehouse,Coordinator,352,2015-09-24,100831.49
510,Employee 00510,Operations,Associate,937,2018-07-09,49489.35
511,Employee 00511,Logistics,Associate,810,2023-09-12,40896.35
512,Employee 00512,Procurement,Manager,126,2017-10-01,145847.17
513,Employee 00513,Warehouse,Supervisor,406,2016-10-15,56330.24
514,Employee 00514,Finance,Supervisor,331,2023-11-14,72612.48
515,Employee 00515,Finance,Supervisor,764,2020-01-29,29938.49
516,Employee 00516,Operations,Executive,863,2015-12-07,105202.18
517,Employee 00517,Sales,Coordinator,632,2017-06-16,57134.05
518,Employee 00518,Logistics,Analyst,350,2016-12-15,65858.13
519,Employee 00519,Sales,Analyst,199,2020-09-05,63948.53
520,Employee 00520,Logistics,Executive,148,2015-06-30,95049.27
521,Employee 00521,Logistics,Executive,892,2016-11-01,70496.38
522,Employee 00522,Operations,Analyst,280,2016-12-15,73229.61
523,Employee 00523,Finance,Associate,261,2015-06-10,43042.5
524,Employee 00524,Operations,Supervisor,637,2015-10-31,157348.71
525,Employee 00525,Operations,Supervisor,853,2016-11-27,119202.92
526,Employee 00526,Warehouse,Executive,619,2018-08-27,71079.45
527,Employee 00527,Sales,Analyst,214,2022-07-28,85539.69
528,Employee 00528,Sales,Supervisor,408,2020-05-08,108710.34
529,Employee 00529,Procurement,Coordinator,431,2016-04-12,158490.36
530,Employee 00530,Finance,Supervisor,334,2018-01-14,123499.3
531,Employee 00531,Operations,Executive,561,2015-09-10,122404.77
532,Employee 00532,Operations,Associate,653,2017-11-21,42254.57
533,Employee 00533,Warehouse,Supervisor,832,2016-02-04,179432.4
534,Employee 00534,Sales,Coordinator,232,2021-06-26,141065.25
535,Employee 00535,Finance,Coordinator,397,2015-12-23,96866.67
536,Employee 00536,Procurement,Analyst,561,2024-01-02,153509.83
537,Employee 00537,Warehouse,Supervisor,790,2015-02-05,116682.04
538,Employee 00538,Procurement,Executive,970,2016-01-30,24724.74
539,Employee 00539,Operations,Coordinator,207,2020-11-30,26401.16
540,Employee 00540,Sales,Associate,263,2023-05-04,94971.19
541,Employee 00541,Warehouse,Manager,682,2017-12-13,170098.07
542,Employee 00542,Procurement,Associate,825,2017-12-30,33381.84
543,Employee 00543,Procurement,Coordinator,217,2023-07-04,135922.37
544,Employee 00544,Warehouse,Manager,157,2016-02-03,91031.12
545,Employee 00545,Procurement,Analyst,6,2016-12-28,152189.74
546,Employee 00546,Logistics,Executive,17,2022-07-11,43673.14
547,Employee 00547,Sales,Executive,81,2017-06-19,30392.04
548,Employee 00548,Finance,Associate,31,2017-02-12,157112.16
549,Employee 00549,Procurement,Coordinator,782,2018-02-12,26736.92
550,Employee 00550,Logistics,Supervisor,951,2015-12-18,39974.12
551,Employee 00551,Procurement,Manager,379,2017-02-03,175154.28
552,Employee 00552,Operations,Analyst,239,2018-10-11,113466.29
553,Employee 00553,Operations,Supervisor,337,2016-12-29,177969.42
554,Employee 00554,Logistics,Supervisor,847,2018-09-23,31913.21
555,Employee 00555,Procurement,Analyst,468,2024-03-06,54807.89
556,Employee 00556,Sales,Supervisor,85,2022-07-23,29762.3
557,Employee 00557,Procurement,Manager,555,2019-04-09,130358.03
558,Employee 00558,Warehouse,Analyst,556,2024-05-14,100220.12
559,Employee 00559,Warehouse,Manager,137,2015-10-26,33295.8
560,Employee 00560,Warehouse,Coordinator,851,2016-02-11,91837.36
561,Employee 00561,Finance,Supervisor,77,2016-02-17,50547.29
562,Employee 00562,Logistics,Coordinator,655,2023-08-13,65975.22
563,Employee 00563,Logistics,Analyst,16,2018-09-08,159791.88
564,Employee 00564,Operations,Coordinator,534,2017-11-07,35423.02
565,Employee 00565,Warehouse,Coordinator,50,2023-03-24,121299.18
566,Employee 00566,Logistics,Coordinator,551,2017-10-08,100485.58
567,Employee 00567,Sales,Executive,187,2018-11-22,110562.46
568,Employee 00568,Procurement,Manager,315,2016-04-14,59513.28
569,Employee 00569,Sales,Associate,357,2022-10-28,122684.12
570,Employee 00570,Operations,Manager,227,2019-09-21,19909.05
571,Employee 00571,Warehouse,Associate,667,2023-09-17,98921.69
572,Employee 00572,Finance,Executive,11,2023-01-03,93083.36
573,Employee 00573,Logistics,Supervisor,417,2020-11-27,48644.78
574,Employee 00574,Warehouse,Supervisor,517,2015-06-27,164542.92
575,Employee 00575,Warehouse,Coordinator,650,2022-11-25,19623.28
576,Employee 00576,Procurement,Coordinator,768,2022-12-28,127544.77
577,Employee 00577,Logistics,Analyst,935,2022-03-28,166394.62
578,Employee 00578,Sales,Associate,949,2016-01-31,117645.15
579,Employee 00579,Sales,Supervisor,143,2017-07-31,43932.07
580,Employee 00580,Procurement,Coordinator,984,2019-06-07,100654.2
581,Employee 00581,Operations,Executive,590,2023-12-07,99202.73
582,Employee 00582,Logistics,Analyst,371,2015-01-20,73248.14
583,Employee 00583,Finance ,Coordinator,303,2020-10-03,40264.01
584,Employee 00584,Sales,Executive,125,2020-05-04,54688.32
585,Employee 00585,Logistics,Associate,268,2020-10-19,56649.45
586,Employee 00586,Procurement,Coordinator,212,2018-04-23,80879.76
587,Employee 00587,Sales,Analyst,717,2023-02-07,86790.26
588,Employee 00588,Operations,Associate,670,2023-09-10,73350.84
589,Employee 00589,Procurement,Executive,835,2023-08-14,154790.38
590,Employee 00590,Logistics,Executive,356,2016-11-26,0.0
591,Employee 00591,Sales,Supervisor,408,2019-01-22,30430.94
592,Employee 00592,Logistics,Executive,185,2020-05-13,69302.5
593,Employee 00593,Finance,Executive,39,2022-11-28,65007.22
594,Employee 00594,Logistics,Analyst,927,2016-06-10,158412.58
595,Employee 00595,Operations,Supervisor,118,2019-07-02,61907.78
596,Employee 00596,Logistics,Executive,222,2018-10-02,74452.02
597,Employee 00597,warehouse,Supervisor,453,2021-08-18,117164.99
598,Employee 00598,Operations,Manager,823,2017-05-23,29996.24
599,Employee 00599,Logistics,Analyst,561,2021-09-29,135021.97
600,Employee 00600,logistics,Supervisor,573,2024-07-19,20756.66
601,Employee 00601,Warehouse,Coordinator,118,2021-11-14,159698.06
602,Employee 00602,Procurement,Supervisor,746,2019-06-13,137544.22
603,Employee 00603,Sales,Manager,522,2023-11-17,39607.88
604,Employee 00604,Logistics,Executive,868,2015-07-17,115383.7
605,Employee 00605,Sales,Supervisor,969,2016-06-08,178008.86
606,Employee 00606,Sales,Executive,78,2015-07-31,157359.39
607,Employee 00607,Operations,Executive,406,2017-06-27,151850.45
608,Employee 00608,Logistics,Analyst,935,2023-05-24,124195.73
609,Employee 00609,Finance,Coordinator,480,2019-01-13,46989.84
610,Employee 00610,Logistics,Analyst,441,2015-10-26,133460.06
611,Employee 00611,logistics,Manager,156,2024-07-16,151250.24
612,Employee 00612,Warehouse,Associate,122,2016-06-08,144675.92
613,Employee 00613,Sales,Manager,744,2017-02-06,45796.94
614,Employee 00614,Operations,Manager,449,2021-11-13,54059.08
615,Employee 00615,Procurement,Associate,648,2020-01-09,92256.87
616,Employee 00616,Operations,Analyst,42,2016-12-01,74885.51
617,Employee 00617,Procurement,Coordinator,738,2018-02-01,175284.59
618,Employee 00618,Sales,Executive,561,2023-12-19,128034.14
619,Employee 00619,Finance,Analyst,412,2022-02-11,83846.97
620,Employee 00620,Finance,Executive,197,2023-08-02,105291.34
621,Employee 00621,Warehouse ,Supervisor,924,2022-10-03,30910.41
622,Employee 00622,Operations,Supervisor,229,2020-03-19,153000.35
623,Employee 00623,Sales,Coordinator,434,2023-09-20,61795.54
624,Employee 00624,Operations,Manager,696,2019-09-15,176772.7
625,Employee 00625,Sales,Analyst,355,2018-11-23,26261.39
626,Employee 00626,Warehouse,Analyst,161,2017-06-05,119140.14
627,Employee 00627,Sales,Associate,167,2023-03-28,150594.97
628,Employee 00628,Procurement,Analyst,756,2016-05-27,73165.37
629,Employee 00629,Operations,Analyst,956,2015-03-10,32716.96
630,Employee 00630,Operations,Manager,306,2020-12-17,23490.11
631,Employee 00631,Warehouse,Manager,703,2022-11-16,64590.35
632,Employee 00632,Logistics,Executive,223,2022-12-02,150461.86
633,Employee 00633,,Coordinator,200,2021-09-28,81633.36
634,Employee 00634,Procurement,Supervisor,399,2020-04-05,18004.22
635,Employee 00635,finance,Manager,206,2017-11-12,71685.2
636,Employee 00636,Warehouse,Supervisor,467,2019-04-30,45102.62
637,Employee 00637,Logistics,Supervisor,354,2015-11-07,55340.89
638,Employee 00638,Warehouse,Analyst,119,2024-02-01,117593.2
639,Employee 00639,Logistics,Analyst,546,2023-04-16,22091.29
640,Employee 00640,Warehouse,Supervisor,736,2018-07-25,137041.08
641,Employee 00641,Finance,Manager,918,2023-10-31,129211.25
642,Employee 00642,Finance,Manager,142,2017-11-28,35106.15
643,Employee 00643,Logistics,Analyst,193,2021-08-26,37346.25
644,Employee 00644,Logistics,Manager,239,2019-08-31,143451.83
645,Employee 00645,Procurement,Coordinator,527,2015-11-24,117335.71
646,Employee 00646,Finance,Associate,615,2018-08-17,47072.53
647,Employee 00647,Sales,Supervisor,223,2018-11-10,158683.3
648,Employee 00648,Sales,Associate,718,2024-02-29,141532.72
649,Employee 00649,Logistics,Supervisor,104,2021-01-20,120366.84
650,Employee 00650,Procurement,Analyst,208,2018-02-23,103611.57
651,Employee 00651,Logistics,Associate,63,2016-10-31,30431.86
652,Employee 00652,Operations,Manager,377,2017-08-24,81102.77
653,Employee 00653,Operations,Coordinator,871,2021-09-21,55227.07
654,Employee 00654,Warehouse,Analyst,36,2019-12-24,127374.71
655,Employee 00655,Logistics,Coordinator,396,2022-05-17,70990.73
656,Employee 00656,Finance ,Supervisor,311,2019-12-12,166632.4
657,Employee 00657,Operations,Analyst,757,2016-10-17,139858.36
658,Employee 00658,Procurement,Coordinator,732,2020-11-27,113643.32
659,Employee 00659,Sales,Associate,504,2019-12-05,31515.23
660,Employee 00660,Procurement,Coordinator,819,2019-07-04,164099.75
661,Employee 00661,Procurement,Analyst,130,2020-04-30,32436.04
662,Employee 00662,Finance,Analyst,470,2018-01-14,113708.35
663,Employee 00663,Sales,Supervisor,556,2020-11-29,93554.86
664,Employee 00664,Procurement,Supervisor,330,2022-05-05,127974.56
665,Employee 00665,Operations,Analyst,316,2020-11-20,89520.65
666,Employee 00666,Warehouse,Associate,849,2022-06-28,101498.79
667,Employee 00667,Procurement,Coordinator,363,2024-06-07,163381.25
668,Employee 00668,Operations,Analyst,268,2024-04-10,161682.15
669,Employee 00669,Sales,Associate,402,2016-05-08,57280.36
670,Employee 00670,Warehouse,Supervisor,894,2020-09-12,34421.59
671,Employee 00671,Operations,Executive,303,2022-06-29,81842.62
672,Employee 00672,Operations,Supervisor,136,2019-01-23,162182.73
673,Employee 00673,Logistics,Analyst,190,2016-06-25,62701.28
674,Employee 00674,Sales,Executive,984,2021-03-24,174348.88
675,Employee 00675,Sales,Coordinator,549,2022-06-26,125295.41
676,Employee 00676,Sales,Associate,627,2020-09-08,89600.03
677,Employee 00677,Sales,Coordinator,862,2022-12-19,156632.18
678,Employee 00678,Logistics,Coordinator,155,2020-07-03,40364.43
679,Employee 00679,Logistics,Analyst,821,2016-01-23,130449.24
680,Employee 00680,Procurement,Coordinator,145,2021-02-12,126649.05
681,Employee 00681,Operations,Executive,969,2024-04-25,165407.78
682,Employee 00682,Operations,Analyst,470,2020-09-23,121866.14
683,Employee 00683,Finance,Analyst,775,2022-03-20,160560.35
684,Employee 00684,Procurement,Executive,916,2018-06-07,38349.59
685,Employee 00685,Finance,Coordinator,160,2016-08-12,160771.78
686,Employee 00686,Logistics,Supervisor,933,2021-02-01,95278.05
687,Employee 00687,Warehouse,Coordinator,936,2019-07-10,100387.11
688,Employee 00688,Warehouse,Coordinator,98,2017-10-23,66940.6
689,Employee 00689,Sales,Analyst,620,2019-11-29,41171.0
690,Employee 00690,Sales,Manager,831,2023-06-07,81822.92
691,Employee 00691,Logistics,Executive,76,2016-08-26,53432.11
692,Employee 00692,Operations,Manager,32,2017-12-28,29711.99
693,Employee 00693,Procurement,Manager,490,2023-10-08,90067.59
694,Employee 00694,Procurement,Analyst,990,2023-04-07,178494.67
695,Employee 00695,Procurement,Coordinator,980,2022-10-29,25091.3
696,Employee 00696,Sales,Coordinator,331,2020-12-03,153242.09
697,Employee 00697,Warehouse,Supervisor,120,2015-11-07,166261.66
698,Employee 00698,Finance,Manager,937,2017-05-01,23464.51
699,Employee 00699,Procurement,Coordinator,524,2019-05-20,63987.46
700,Employee 00700,Procurement,Executive,409,2016-04-02,29613.63
701,Employee 00701,Logistics,Associate,702,2022-03-01,104689.08
702,Employee 00702,Sales,Associate,40,2024-07-23,174508.47
703,Employee 00703,Sales,Supervisor,500,2018-10-02,48520.25
704,Employee 00704,Sales,Associate,184,2016-11-08,86566.53
705,Employee 00705,Logistics,Supervisor,308,2023-07-22,42826.96
706,Employee 00706,Finance,Coordinator,725,2019-12-23,110731.1
707,Employee 00707,Sales,Analyst,344,2016-11-18,142871.37
708,Employee 00708,Operations,Supervisor,123,2019-10-19,37310.01
709,Employee 00709,Operations,Coordinator,770,2023-05-20,21920.31
710,Employee 00710,Warehouse,Coordinator,676,2019-12-27,126057.47
711,Employee 00711,Warehouse,Supervisor,495,2021-06-23,56725.68
712,Employee 00712,Procurement,Analyst,134,2017-10-10,84911.81
713,Employee 00713,Logistics,Executive,508,2018-09-19,162324.0
714,Employee 00714,Operations,Executive,407,2017-11-19,125594.49
715,Employee 00715,Finance,Executive,843,2018-12-07,48173.88
716,Employee 00716,Logistics,Coordinator,955,2016-10-07,135101.54
717,Employee 00717,Warehouse ,Manager,885,2019-08-26,142662.18
718,Employee 00718,Operations,Associate,63,2019-01-14,123987.81
719,Employee 00719,Sales,Coordinator,386,2023-08-16,135164.4
720,Employee 00720,Operations,Manager,704,2015-05-13,121469.42
721,Employee 00721,Operations,Associate,609,2016-05-10,122557.83
722,Employee 00722,Procurement,Coordinator,582,2020-06-22,82368.71
723,Employee 00723,Logistics,Supervisor,941,2020-10-07,140919.85
724,Employee 00724,Finance,Executive,249,2016-02-08,126461.65
725,Employee 00725,Sales,Analyst,907,2015-04-13,162579.89
726,Employee 00726,Logistics,Manager,73,2015-07-09,110511.96
727,Employee 00727,Sales,Supervisor,674,2022-12-12,62408.57
728,Employee 00728,Warehouse,Associate,23,2022-11-04,68327.13
729,Employee 00729,Sales,Executive,980,2024-04-01,47820.11
730,Employee 00730,Procurement,Associate,653,2015-06-20,167323.75
731,Employee 00731,Operations,Executive,263,2017-06-04,177426.93
732,Employee 00732,Sales,Manager,926,2018-01-02,130950.85
733,Employee 00733,Procurement,Manager,797,2021-04-24,67025.77
734,Employee 00734,Procurement,Manager,203,2017-11-16,120021.09
735,Employee 00735,Finance,Coordinator,400,2023-06-05,157165.03
736,Employee 00736,Warehouse,Supervisor,919,2017-02-09,131461.49
737,Employee 00737,Warehouse,Analyst,872,2016-07-30,75235.33
738,Employee 00738,Logistics,Analyst,390,2015-06-02,140979.76
739,Employee 00739,Operations,Analyst,474,2018-09-28,87492.58
740,Employee 00740,Finance,Associate,986,2016-02-14,115335.45
741,Employee 00741,Operations,Supervisor,689,2017-05-26,24103.16
742,Employee 00742,Procurement,Supervisor,405,2019-11-15,57072.13
743,Employee 00743,Finance,Analyst,767,2018-01-05,60792.94
744,Employee 00744,Sales,Associate,559,2015-08-23,165650.5
745,Employee 00745,Finance,Associate,845,2016-02-27,77955.55
746,Employee 00746,Logistics,Supervisor,170,2020-08-28,176062.25
747,Employee 00747,Sales,Coordinator,952,2020-03-24,171746.09
748,Employee 00748,Logistics,Supervisor,437,2015-02-05,179597.58
749,Employee 00749,Logistics,Coordinator,306,2020-08-11,24667.54
750,Employee 00750,Sales,Coordinator,889,2023-04-13,122030.21
751,Employee 00751,Warehouse,Coordinator,705,2022-07-26,64250.96
752,Employee 00752,Operations,Executive,388,2016-02-02,24615.09
753,Employee 00753,,Associate,299,2024-07-08,99044.28
754,Employee 00754,Operations,Supervisor,484,2021-07-24,68797.54
755,Employee 00755,Sales,Supervisor,436,2015-04-10,179520.6
756,Employee 00756,Logistics,Associate,674,2018-12-21,158261.91
757,Employee 00757,Finance,Supervisor,133,2019-10-21,44035.25
758,Employee 00758,Warehouse,Executive,181,2022-12-20,176236.38
759,Employee 00759,Procurement,Analyst,809,2021-04-19,114208.34
760,Employee 00760,Sales,Supervisor,752,2021-07-09,85277.72
761,Employee 00761,Sales,Supervisor,919,2017-09-23,141661.73
762,Employee 00762,Finance,Associate,954,2020-08-31,27005.71
763,Employee 00763,Warehouse,Manager,541,2018-09-26,38746.98
764,Employee 00764,Procurement,Executive,44,2023-05-20,43432.96
765,Employee 00765,Warehouse,Executive,679,2015-07-07,92866.91
766,Employee 00766,Procurement,Manager,573,2024-02-04,144522.96
767,Employee 00767,Logistics,Executive,361,2021-03-29,167162.45
768,Employee 00768,Sales,Coordinator,692,2015-07-25,162469.45
769,Employee 00769,Warehouse,Associate,30,2020-11-14,142657.79
770,Employee 00770,Logistics,Coordinator,977,2019-02-07,59808.69
771,Employee 00771,Finance,Supervisor,921,2020-07-26,121986.72
772,Employee 00772,Operations,Associate,795,2016-07-29,54787.28
773,Employee 00773,Logistics,Executive,826,2022-04-03,173607.68
774,Employee 00774,Operations,Coordinator,374,2020-11-20,100533.51
775,Employee 00775,Finance,Executive,931,2016-09-23,138047.9
776,Employee 00776,Procurement,Coordinator,436,2020-03-28,39079.78
777,Employee 00777,Warehouse,Analyst,55,2023-09-11,69710.7
778,Employee 00778,Sales,Analyst,395,2020-07-18,21949.09
779,Employee 00779,Sales,Supervisor,561,2019-09-28,176403.53
780,Employee 00780,Operations,Supervisor,550,2019-11-02,100669.91
781,Employee 00781,Procurement,Supervisor,768,2016-04-26,40430.32
782,Employee 00782,Finance,Executive,463,2018-08-17,163407.0
783,Employee 00783,Procurement,Manager,859,2021-04-25,150853.57
784,Employee 00784,Warehouse,Associate,552,2019-08-16,28239.55
785,Employee 00785,Procurement,Associate,191,2021-08-24,116334.11
786,Employee 00786,Logistics,Manager,44,2017-08-14,73612.93
787,Employee 00787,Warehouse,Associate,919,2017-07-29,74697.6
788,Employee 00788,Warehouse,Executive,976,2016-10-13,178996.16
789,Employee 00789,Sales,Coordinator,271,2021-02-26,116468.0
790,Employee 00790,sales,Analyst,798,2019-10-09,127941.04
791,Employee 00791,Procurement,Analyst,787,2016-07-11,21927.5
792,Employee 00792,Sales,Supervisor,406,2024-06-09,142616.61
793,Employee 00793,Logistics ,Analyst,488,2020-08-29,114938.89
794,Employee 00794,Operations,Associate,181,2021-02-26,130277.24
795,Employee 00795,Logistics,Supervisor,739,2023-11-26,79764.98
796,Employee 00796,Finance,Analyst,918,2017-05-04,91432.88
797,Employee 00797,Finance,Supervisor,419,2019-01-17,99822.78
798,Employee 00798,Warehouse,Manager,730,2023-03-17,31973.07
799,Employee 00799,Logistics,Associate,997,2017-02-18,77874.11
800,Employee 00800,Operations,Manager,604,2021-02-12,109091.87
801,Employee 00801,Procurement,Coordinator,830,2018-05-23,85568.85
802,Employee 00802,Procurement,Supervisor,779,2019-08-02,130452.49
803,Employee 00803,Procurement,Manager,790,2018-03-01,99596.65
804,Employee 00804,Sales,Analyst,220,2018-05-06,167333.28
805,Employee 00805,Operations,Supervisor,155,2020-07-21,50562.19
806,Employee 00806,Procurement,Associate,829,2015-11-10,106156.06
807,Employee 00807,Procurement,Supervisor,187,2016-12-02,97159.92
808,Employee 00808,Procurement,Analyst,462,2020-10-03,175136.25
809,Employee 00809,Operations,Associate,837,2015-07-22,90947.86
810,Employee 00810,Logistics,Analyst,184,2020-01-02,120830.14
811,Employee 00811,Warehouse,Executive,651,2017-01-24,101517.88
812,Employee 00812,Logistics,Manager,620,2016-03-31,144495.74
813,Employee 00813,Finance,Coordinator,781,2015-03-16,24073.8
814,Employee 00814,Finance,Analyst,501,2019-08-14,38976.12
815,Employee 00815,Sales,Analyst,936,2018-09-03,109158.51
816,Employee 00816,Operations,Analyst,820,2019-12-04,0.0
817,Employee 00817,Procurement,Executive,790,2024-03-31,78701.73
818,Employee 00818,Sales,Supervisor,495,2017-10-26,148618.94
819,Employee 00819,Procurement,Coordinator,734,2017-10-30,47756.93
820,Employee 00820,Warehouse,Analyst,954,2016-05-16,145796.29
821,Employee 00821,Procurement,Analyst,953,2016-12-31,173447.45
822,Employee 00822,Finance,Associate,980,2024-05-13,162287.49
823,Employee 00823,Finance,Executive,284,2023-12-02,42269.84
824,Employee 00824,Procurement,Associate,74,2015-05-05,105415.11
825,Employee 00825,Sales,Executive,945,2020-01-23,65115.92
826,Employee 00826,Operations,Associate,297,2022-01-09,120339.47
827,Employee 00827,Operations,Executive,835,2021-03-04,144987.02
828,Employee 00828,Warehouse,Analyst,109,2021-05-22,92218.04
829,Employee 00829,Sales,Associate,554,2015-02-14,51132.01
830,Employee 00830,Procurement,Manager,949,2021-09-14,23592.62
831,Employee 00831,Operations,Analyst,986,2016-09-15,121332.36
832,Employee 00832,Procurement,Analyst,991,2022-03-28,149081.15
833,Employee 00833,Warehouse,Executive,603,2018-09-08,40531.44
834,Employee 00834,Logistics,Executive,812,2021-10-20,59956.72
835,Employee 00835,,Associate,731,2022-05-15,19491.63
836,Employee 00836,Procurement,Executive,536,2019-07-30,29765.19
837,Employee 00837,Finance,Manager,813,2024-01-04,113203.66
838,Employee 00838,Warehouse,Coordinator,196,2022-04-05,80381.86
839,Employee 00839,Sales,Executive,558,2018-08-11,80579.08
840,Employee 00840,Sales,Analyst,752,2017-02-21,19419.59
841,Employee 00841,Logistics,Supervisor,160,2015-07-05,152700.78
842,Employee 00842,Warehouse,Manager,669,2017-08-09,20862.81
843,Employee 00843,Logistics,Analyst,733,2019-05-18,131163.06
844,Employee 00844,Operations,Coordinator,484,2021-04-17,20703.66
845,Employee 00845,Sales,Supervisor,815,2023-06-07,81099.67
846,Employee 00846,logistics,Executive,392,2019-10-24,76175.96
847,Employee 00847,Sales,Coordinator,555,2022-01-15,51397.9
848,Employee 00848,Sales,Executive,138,2024-06-03,175871.53
849,Employee 00849,Warehouse ,Manager,75,2020-08-20,124795.55
850,Employee 00850,Warehouse,Analyst,414,2015-08-01,131209.87
851,Employee 00851,Finance,Manager,149,2020-12-07,155862.13
852,Employee 00852,Logistics,Executive,172,2023-04-16,61541.7
853,Employee 00853,Warehouse,Coordinator,708,2020-10-24,151185.3
854,Employee 00854,Sales,Manager,931,2017-07-07,153697.46
855,Employee 00855,Procurement,Analyst,342,2017-01-11,55779.6
856,Employee 00856,Operations,Executive,473,2019-07-01,103803.28
857,Employee 00857,Finance,Manager,818,2017-02-25,41916.94
858,Employee 00858,Procurement,Manager,215,2021-07-08,43190.67
859,Employee 00859,Procurement,Manager,971,2019-05-12,30371.09
860,Employee 00860,Finance,Analyst,932,2023-05-03,25256.6
861,Employee 00861,Procurement,Analyst,345,2015-04-20,160574.02
862,Employee 00862,Procurement,Supervisor,166,2021-09-19,98021.84
863,Employee 00863,Sales,Manager,142,2016-08-20,19816.54
864,Employee 00864,Finance,Associate,236,2017-05-15,70509.13
865,Employee 00865,Sales,Executive,864,2016-11-18,155360.93
866,Employee 00866,Finance,Analyst,545,2015-08-25,94249.98
867,Employee 00867,Warehouse,Manager,178,2021-11-10,162448.9
868,Employee 00868,Finance,Executive,641,2022-05-16,43001.69
869,Employee 00869,Procurement,Supervisor,890,2016-01-10,179847.47
870,Employee 00870,Operations,Associate,747,2019-04-30,137279.96
871,Employee 00871,Procurement,Coordinator,933,2016-10-19,115614.18
872,Employee 00872,Finance,Analyst,826,2017-05-31,133099.17
873,Employee 00873,Finance,Manager,936,2020-03-28,20967.55
874,Employee 00874,Sales,Supervisor,242,2016-03-01,90898.31
875,Employee 00875,Sales,Analyst,31,2018-03-02,81258.61
876,Employee 00876,Sales,Associate,153,2018-12-06,47577.91
877,Employee 00877,Finance,Manager,663,2023-04-10,139175.72
878,Employee 00878,Logistics,Supervisor,199,2018-02-16,87016.05
879,Employee 00879,Warehouse,Coordinator,504,2020-12-23,43626.38
880,Employee 00880,Finance,Manager,893,2015-08-20,19302.1
881,Employee 00881,Warehouse,Associate,517,2017-11-14,116487.4
882,Employee 00882,Procurement,Coordinator,226,2020-04-15,67388.61
883,Employee 00883,Operations,Coordinator,570,2022-05-22,130876.93
884,Employee 00884,Procurement,Associate,966,2018-11-19,156688.36
885,Employee 00885,Sales,Supervisor,36,2019-11-06,164037.5
886,Employee 00886,Logistics,Analyst,99,2015-02-13,98778.62
887,Employee 00887,Operations,Supervisor,569,2019-05-21,113141.82
888,Employee 00888,Sales,Coordinator,474,2015-09-29,133816.28
889,Employee 00889,Finance,Manager,354,2021-07-19,89209.14
890,Employee 00890,Warehouse,Manager,47,2016-09-05,120409.79
891,Employee 00891,Warehouse,Associate,279,2023-03-30,144792.9
892,Employee 00892,Finance,Executive,156,2024-07-28,127503.1
893,Employee 00893,Operations,Associate,522,2018-01-05,113077.41
894,Employee 00894,Finance,Coordinator,262,2023-10-13,116568.87
895,Employee 00895,Finance,Supervisor,581,2019-04-20,135137.34
896,Employee 00896,Finance,Associate,472,2018-04-11,173305.79
897,Employee 00897,Logistics,Executive,712,2017-08-31,106505.26
898,Employee 00898,Logistics,Coordinator,395,2022-12-29,90592.25
899,Employee 00899,Operations,Manager,440,2021-01-19,62627.13
900,Employee 00900,Operations,Executive,881,2022-05-07,171575.78
901,Employee 00901,Procurement,Coordinator,218,2023-05-26,94573.25
902,Employee 00902,Warehouse,Supervisor,3,2016-01-09,154460.73
903,Employee 00903,Sales,Supervisor,230,2021-02-08,52937.72
904,Employee 00904,Warehouse,Coordinator,749,2017-05-13,105733.3
905,Employee 00905,Procurement,Associate,463,2024-04-25,30830.38
906,Employee 00906,Finance,Executive,567,2022-09-10,151866.4
907,Employee 00907,Procurement,Manager,32,2021-10-05,171308.17
908,Employee 00908,Logistics,Coordinator,15,2017-11-26,63688.46
909,Employee 00909,Sales,Associate,939,2022-11-13,49497.44
910,Employee 00910,Logistics,Associate,714,2018-09-19,34669.61
911,Employee 00911,Procurement,Analyst,981,2022-02-03,148554.46
912,Employee 00912,Procurement,Executive,516,2018-09-30,130311.53
913,Employee 00913,Operations,Manager,713,2015-05-09,111949.39
914,Employee 00914,Warehouse,Associate,213,2015-11-09,155635.97
915,Employee 00915,Finance,Supervisor,989,2017-08-14,47928.1
916,Employee 00916,Warehouse,Coordinator,486,2019-01-09,87293.56
917,Employee 00917,Warehouse,Coordinator,185,2021-06-27,165983.64
918,Employee 00918,Finance,Manager,951,2024-07-13,70625.03
919,Employee 00919,Operations,Executive,908,2022-03-11,22638.2
920,Employee 00920,Warehouse,Associate,951,2018-08-02,134917.06
921,Employee 00921,Procurement,Manager,381,2020-03-06,107283.71
922,Employee 00922,Warehouse,Analyst,46,2016-09-11,162179.25
923,Employee 00923,Sales,Coordinator,671,2022-12-30,68365.74
924,Employee 00924,Logistics,Analyst,724,2022-09-03,76372.63
925,Employee 00925,Procurement,Associate,327,2019-01-09,32229.7
926,Employee 00926,Procurement ,Executive,178,2015-12-26,22377.32
927,Employee 00927,Sales,Manager,771,2021-04-05,97884.63
928,Employee 00928,Procurement,Supervisor,709,2020-03-02,61233.95
929,Employee 00929,Procurement,Supervisor,280,2019-04-04,164813.33
930,Employee 00930,Warehouse,Associate,70,2021-11-07,101153.72
931,Employee 00931,Procurement,Supervisor,220,2021-08-10,149866.26
932,Employee 00932,Logistics,Supervisor,899,2020-03-30,107209.01
933,Employee 00933,Procurement,Executive,395,2019-06-10,179506.27
934,Employee 00934,Procurement,Analyst,661,2016-10-16,168745.69
935,Employee 00935,Logistics,Executive,619,2023-04-09,80992.15
936,Employee 00936,Operations,Coordinator,944,2021-12-17,102050.0
937,Employee 00937,Warehouse,Analyst,375,2022-03-05,25024.08
938,Employee 00938,Logistics,Coordinator,121,2015-11-08,179657.22
939,Employee 00939,Operations,Associate,258,2016-06-27,62928.01
940,Employee 00940,Finance,Supervisor,561,2022-06-10,26413.64
941,Employee 00941,Finance,Executive,452,2018-11-27,26460.2
942,Employee 00942,Warehouse,Associate,298,2020-04-10,59743.51
943,Employee 00943,Finance,Manager,928,2018-07-28,127967.09
944,Employee 00944,Logistics,Supervisor,899,2015-04-07,120514.46
945,Employee 00945,Sales,Associate,48,2018-08-12,19410.57
946,Employee 00946,Logistics,Executive,866,2022-09-29,73513.26
947,Employee 00947,Operations,Executive,703,2022-11-07,124948.65
948,Employee 00948,Warehouse,Coordinator,966,2023-04-27,47624.18
949,Employee 00949,Operations,Manager,983,2021-02-22,69440.24
950,Employee 00950,Warehouse,Analyst,198,2015-01-23,154606.06
951,Employee 00951,warehouse,Associate,141,2017-10-30,42687.97
952,Employee 00952,Warehouse,Coordinator,953,2018-03-19,75962.91
953,Employee 00953,Warehouse,Associate,255,2021-06-04,108845.46
954,Employee 00954,Warehouse ,Manager,905,2017-08-02,67148.77
955,Employee 00955,Warehouse,Manager,353,2023-03-21,70103.7
956,Employee 00956,Operations,Analyst,705,2018-06-02,127563.32
957,Employee 00957,Logistics,Executive,950,2023-03-09,167426.97
958,Employee 00958,Warehouse,Supervisor,142,2016-10-17,56872.92
959,Employee 00959,Warehouse,Associate,922,2020-07-01,101450.83
960,Employee 00960,Finance,Associate,461,2022-10-15,38035.39
961,Employee 00961,Warehouse,Coordinator,184,2023-08-05,93567.24
962,Employee 00962,Finance,Associate,564,2017-07-09,97300.03
963,Employee 00963,Operations,Associate,374,2020-07-03,123366.13
964,Employee 00964,Procurement,Analyst,511,2019-08-19,73109.58
965,Employee 00965,Sales,Coordinator,902,2015-05-27,132848.04
966,Employee 00966,Operations,Supervisor,180,2019-10-12,91951.19
967,Employee 00967,Logistics,Supervisor,137,2023-09-26,159817.95
968,Employee 00968,Finance,Supervisor,864,2019-06-20,142578.61
969,Employee 00969,Procurement,Analyst,344,2017-11-07,148778.76
970,Employee 00970,Finance,Coordinator,556,2020-09-21,25042.2
971,Employee 00971,Logistics,Manager,892,2022-12-16,63446.79
972,Employee 00972,Sales,Supervisor,816,2023-11-05,62269.58
973,Employee 00973,Operations,Executive,601,2015-12-16,28440.11
974,Employee 00974,Sales,Associate,413,2021-11-26,116489.15
975,Employee 00975,Finance,Analyst,755,2019-08-13,97320.87
976,Employee 00976,Logistics,Supervisor,497,2023-09-12,93321.6
977,Employee 00977,Operations,Manager,320,2020-02-21,120700.6
978,Employee 00978,warehouse,Manager,530,2019-10-13,167724.63
979,Employee 00979,Procurement,Coordinator,50,2015-07-18,119245.42
980,Employee 00980,Operations,Analyst,809,2019-12-07,151693.84
981,Employee 00981,Operations,Analyst,741,2018-11-03,69043.45
982,Employee 00982,Procurement,Associate,52,2020-11-19,41387.09
983,Employee 00983,Sales,Supervisor,543,2022-03-13,135585.28
984,Employee 00984,warehouse,Manager,435,2021-01-24,108755.02
985,Employee 00985,Finance,Coordinator,496,2023-02-28,174994.66
986,Employee 00986,Operations,Manager,862,2023-08-02,133121.86
987,Employee 00987,Finance,Coordinator,110,2017-05-04,135133.92
988,Employee 00988,Logistics,Supervisor,720,2016-07-29,35954.55
989,Employee 00989,Operations,Analyst,407,2018-12-06,130000.82
990,Employee 00990,Sales,Analyst,787,2018-10-23,101215.51
991,Employee 00991,Procurement,Executive,2,2015-01-30,80503.63
992,Employee 00992,Operations,Executive,699,2019-09-15,118252.47
993,Employee 00993,Operations,Associate,963,2024-04-26,110362.76
994,Employee 00994,Logistics,Supervisor,111,2024-01-05,23091.52
995,Employee 00995,Procurement,Manager,999,2020-01-26,153281.42
996,Employee 00996,Procurement,Analyst,587,2015-03-10,76700.87
997,Employee 00997,Sales,Supervisor,50,2024-01-13,172842.92
998,Employee 00998,Sales,Supervisor,494,2015-03-29,107810.92
999,Employee 00999,Logistics,Coordinator,191,2024-05-20,62279.4
1000,Employee 01000,Finance,Manager,399,2016-05-29,71768.13
1001,Employee 01001,Warehouse,Associate,226,2021-02-14,38592.23
1002,Employee 01002,Warehouse,Associate,396,2017-09-07,69051.73
1003,Employee 01003,Procurement,Executive,666,2022-03-26,121855.62
1004,Employee 01004,Logistics,Analyst,579,2022-10-27,35512.17
1005,Employee 01005,Finance,Supervisor,146,2022-04-09,18974.46
1006,Employee 01006,Operations,Supervisor,997,2023-05-05,57355.54
1007,Employee 01007,Operations,Associate,63,2023-04-30,140054.22
1008,Employee 01008,Logistics,Supervisor,166,2023-01-31,65759.78
1009,Employee 01009,Operations,Manager,400,2022-10-11,45890.98
1010,Employee 01010,Logistics,Analyst,385,2023-08-31,27112.96
1011,Employee 01011,Operations,Manager,167,2017-06-14,137978.68
1012,Employee 01012,Operations,Manager,304,2016-01-02,48194.53
1013,Employee 01013,Sales,Manager,790,2019-11-20,31124.22
1014,Employee 01014,Logistics,Analyst,306,2021-11-14,101248.89
1015,Employee 01015,Procurement,Analyst,833,2021-08-04,21921.67
1016,Employee 01016,Procurement,Supervisor,908,2018-08-08,138304.63
1017,Employee 01017,Logistics,Coordinator,573,2023-09-13,96385.74
1018,Employee 01018,Warehouse,Coordinator,43,2024-05-11,167626.51
1019,Employee 01019,Operations,Coordinator,832,2024-07-13,125714.71
1020,Employee 01020,Warehouse,Executive,873,2022-08-03,168968.92
1021,Employee 01021,Operations,Coordinator,686,2024-03-02,120865.15
1022,Employee 01022,Operations,Executive,967,2016-10-14,125313.25
1023,Employee 01023,Finance,Executive,58,2018-06-22,23190.74
1024,Employee 01024,Logistics,Associate,569,2016-06-22,24343.81
1025,Employee 01025,Operations,Manager,513,2016-06-26,50975.1
1026,Employee 01026,Operations,Executive,841,2022-08-14,24604.49
1027,Employee 01027,Operations,Executive,923,2019-03-27,125810.1
1028,Employee 01028,Logistics,Coordinator,547,2019-02-20,59388.07
1029,Employee 01029,Sales,Manager,112,2018-09-17,136057.58
1030,Employee 01030,Logistics,Coordinator,398,2021-06-21,20306.45
1031,Employee 01031,Warehouse,Manager,115,2015-03-07,124981.73
1032,Employee 01032,Operations,Analyst,212,2023-05-14,29939.86
1033,Employee 01033,Procurement,Manager,94,2017-11-29,66251.12
1034,Employee 01034,Operations,Supervisor,675,2015-06-14,80433.8
1035,Employee 01035,Warehouse,Manager,21,2017-10-13,76907.7
1036,Employee 01036,Sales,Executive,749,2022-10-17,158370.62
1037,Employee 01037,Logistics,Analyst,314,2022-07-26,55830.74
1038,Employee 01038,Operations,Associate,401,2015-12-05,176851.16
1039,Employee 01039,Sales,Supervisor,145,2017-01-05,117560.95
1040,Employee 01040,Finance,Manager,579,2023-05-01,39939.31
1041,Employee 01041,Procurement,Analyst,142,2018-04-21,134875.04
1042,Employee 01042,Logistics,Manager,154,2017-10-11,86560.77
1043,Employee 01043,Finance,Executive,168,2017-12-20,30228.61
1044,Employee 01044,Finance,Supervisor,733,2018-09-09,82901.38
1045,Employee 01045,Sales,Executive,678,2019-09-29,120184.61
1046,Employee 01046,Logistics,Coordinator,558,2018-01-10,79511.51
1047,Employee 01047,Warehouse,Analyst,306,2020-03-21,169322.3
1048,Employee 01048,Logistics,Supervisor,599,2016-04-18,50104.56
1049,Employee 01049,Warehouse,Executive,809,2023-07-19,22023.65
1050,Employee 01050,Logistics,Associate,898,2020-07-10,33185.56
1051,Employee 01051,Logistics,Supervisor,615,2020-08-22,125253.06
1052,Employee 01052,Sales,Analyst,144,2019-04-26,35629.08
1053,Employee 01053,Finance,Supervisor,416,2023-04-13,158622.93
1054,Employee 01054,Warehouse,Associate,20,2023-06-05,59364.49
1055,Employee 01055,Finance,Supervisor,931,2021-07-15,95301.19
1056,Employee 01056,Procurement,Analyst,313,2017-01-27,25989.31
1057,Employee 01057,Finance,Supervisor,783,2020-04-22,59861.36
1058,Employee 01058,Logistics,Executive,661,2016-10-10,147714.48
1059,Employee 01059,Finance,Coordinator,234,2020-05-21,68498.43
1060,Employee 01060,Finance,Supervisor,75,2021-07-16,42249.12
1061,Employee 01061,Sales,Coordinator,202,2017-10-05,117874.01
1062,Employee 01062,Warehouse,Coordinator,131,2022-10-18,62961.69
1063,Employee 01063,Sales,Analyst,80,2018-08-19,150697.22
1064,Employee 01064,Finance,Analyst,403,2023-05-12,158585.46
1065,Employee 01065,Finance,Coordinator,857,2021-11-16,123482.37
1066,Employee 01066,Operations,Analyst,208,2016-08-23,70172.05
1067,Employee 01067,Finance,Manager,828,2015-05-15,173635.18
1068,Employee 01068,Logistics,Executive,968,2020-04-03,19931.79
1069,Employee 01069,Sales,Executive,391,2021-07-03,34857.81
1070,Employee 01070,Operations,Supervisor,865,2017-01-10,109775.11
1071,Employee 01071,Logistics,Supervisor,741,2016-10-04,145316.16
1072,Employee 01072,Operations,Manager,999,2015-08-30,26558.79
1073,Employee 01073,Sales,Analyst,177,2022-06-13,176629.43
1074,Employee 01074,,Analyst,861,2019-08-07,144051.67
1075,Employee 01075,Finance,Associate,764,2017-01-03,167979.41
1076,Employee 01076,Procurement,Associate,59,2016-07-23,149207.55
1077,Employee 01077,Logistics,Executive,18,2018-07-16,102241.4
1078,Employee 01078,Operations,Coordinator,416,2015-07-26,99039.02
1079,Employee 01079,Warehouse,Manager,659,2018-02-17,165122.12
1080,Employee 01080,Sales,Coordinator,37,2022-12-28,113398.34
1081,Employee 01081,Operations,Associate,708,2018-10-27,43957.92
1082,Employee 01082,Finance,Coordinator,275,2020-09-19,97997.68
1083,Employee 01083,Finance,Manager,753,2017-01-23,46087.83
1084,Employee 01084,Finance,Analyst,89,2020-03-05,66942.61
1085,Employee 01085,operations,Coordinator,337,2020-05-16,86785.51
1086,Employee 01086,Warehouse,Manager,837,2020-12-09,124439.87
1087,Employee 01087,Finance,Executive,860,2023-07-06,108602.99
1088,Employee 01088,Procurement,Executive,626,2020-04-23,131857.45
1089,Employee 01089,Operations,Executive,50,2017-10-05,165524.5
1090,Employee 01090,Warehouse,Associate,585,2020-07-22,94043.95
1091,Employee 01091,Sales,Analyst,641,2017-02-14,133732.11
1092,Employee 01092,Sales,Associate,600,2023-02-17,168075.39
1093,Employee 01093,Operations,Manager,427,2023-05-09,128505.55
1094,Employee 01094,Warehouse,Manager,167,2018-01-30,39935.52
1095,Employee 01095,Sales,Manager,365,2019-01-06,148797.31
1096,Employee 01096,Operations,Coordinator,87,2019-01-28,105223.51
1097,Employee 01097,Finance,Analyst,12,2015-07-17,114720.65
1098,Employee 01098,Finance,Manager,615,2019-09-14,143944.02
1099,Employee 01099,Logistics,Associate,513,2018-03-02,147813.4
1100,Employee 01100,Warehouse,Associate,817,2021-04-19,51278.59
1101,Employee 01101,Procurement,Coordinator,88,2017-11-13,94242.73
1102,Employee 01102,Logistics,Analyst,572,2023-01-18,20861.86
1103,Employee 01103,Logistics,Supervisor,191,2020-12-05,177396.02
1104,Employee 01104,Finance,Manager,975,2024-06-04,21481.67
1105,Employee 01105,,Associate,809,2020-02-21,63162.46
1106,Employee 01106,Procurement,Manager,514,2024-01-18,153819.09
1107,Employee 01107,Procurement,Supervisor,749,2020-12-25,117351.83
1108,Employee 01108,Operations,Supervisor,747,2019-11-13,41716.28
1109,Employee 01109,Procurement,Coordinator,899,2024-04-17,121054.89
1110,Employee 01110,Finance,Analyst,369,2022-09-29,129361.46
1111,Employee 01111,Warehouse,Associate,435,2015-03-28,74840.12
1112,Employee 01112,Sales,Supervisor,986,2020-08-23,141351.11
1113,Employee 01113,Procurement,Supervisor,871,2023-06-13,80385.88
1114,Employee 01114,Procurement,Manager,206,2015-03-27,137446.43
1115,Employee 01115,Warehouse,Supervisor,997,2023-10-08,25706.0
1116,Employee 01116,Finance,Associate,746,2019-06-14,65431.27
1117,Employee 01117,Finance,Executive,933,2023-12-05,23248.3
1118,Employee 01118,Warehouse,Coordinator,300,2020-08-13,154949.35
1119,Employee 01119,Sales,Analyst,914,2021-10-05,63196.12
1120,Employee 01120,Finance,Supervisor,925,2016-05-06,161346.21
1121,Employee 01121,Sales,Coordinator,833,2019-01-24,106970.88
1122,Employee 01122,Logistics,Manager,913,2017-12-21,102970.5
1123,Employee 01123,Warehouse,Manager,792,2020-10-10,142935.59
1124,Employee 01124,operations,Supervisor,244,2020-06-05,130320.41
1125,Employee 01125,Warehouse,Executive,201,2020-11-13,73473.75
1126,Employee 01126,Finance,Coordinator,615,2019-02-28,66333.09
1127,Employee 01127,Warehouse,Supervisor,818,2018-03-22,60840.86
1128,Employee 01128,Warehouse,Executive,652,2021-05-12,103593.64
1129,Employee 01129,Operations,Executive,641,2020-09-10,51398.03
1130,Employee 01130,Finance,Executive,430,2021-01-17,172012.17
1131,Employee 01131,Procurement,Coordinator,284,2016-07-19,88868.8
1132,Employee 01132,Warehouse,Manager,618,2020-03-30,105148.02
1133,Employee 01133,Logistics,Analyst,874,2015-03-14,92215.15
1134,Employee 01134,Sales,Associate,702,2018-05-29,121254.96
1135,Employee 01135,Operations,Executive,255,2017-01-09,119598.54
1136,Employee 01136,Logistics,Supervisor,472,2024-05-26,75389.42
1137,Employee 01137,Sales,Analyst,531,2020-03-18,148868.5
1138,Employee 01138,Finance,Analyst,637,2023-11-28,58806.38
1139,Employee 01139,Logistics,Executive,411,2023-07-25,122310.75
1140,Employee 01140,Finance,Manager,109,2018-11-25,55860.35
1141,Employee 01141,Operations,Associate,675,2022-06-26,91579.63
1142,Employee 01142,Operations,Associate,249,2017-01-16,60785.47
1143,Employee 01143,Finance,Executive,700,2016-03-24,35054.19
1144,Employee 01144,Warehouse,Associate,746,2023-03-04,154996.66
1145,Employee 01145,Warehouse,Associate,108,2015-04-07,100160.69
1146,Employee 01146,Procurement,Associate,480,2022-11-17,59239.97
1147,Employee 01147,Procurement,Executive,578,2019-08-31,118640.05
1148,Employee 01148,Procurement,Associate,435,2023-08-31,109349.83
1149,Employee 01149,Operations,Analyst,810,2017-10-06,174002.75
1150,Employee 01150,Logistics,Executive,179,2015-04-10,102476.13
1151,Employee 01151,Sales,Supervisor,117,2016-12-09,43071.81
1152,Employee 01152,Procurement,Supervisor,692,2020-05-04,127710.89
1153,Employee 01153,Operations,Executive,232,2019-04-06,148631.7
1154,Employee 01154,procurement,Associate,567,2022-06-12,68932.48
1155,Employee 01155,Operations,Supervisor,826,2020-01-17,162736.54
1156,Employee 01156,Finance,Coordinator,472,2018-09-01,34913.44
1157,Employee 01157,Warehouse,Executive,540,2020-04-17,41223.08
1158,Employee 01158,Sales,Executive,215,2019-04-02,97640.5
1159,Employee 01159,Procurement,Supervisor,781,2016-02-19,69448.12
1160,Employee 01160,Warehouse,Executive,904,2023-05-04,52049.54
1161,Employee 01161,Operations,Manager,64,2020-11-05,150526.03
1162,Employee 01162,Logistics,Coordinator,561,2017-10-16,71980.86
1163,Employee 01163,Finance,Manager,421,2023-10-31,134561.96
1164,Employee 01164,Procurement,Executive,486,2018-06-25,64259.66
1165,Employee 01165,Operations,Supervisor,939,2021-04-12,67697.85
1166,Employee 01166,Procurement,Manager,73,2018-01-05,79362.09
1167,Employee 01167,Warehouse,Coordinator,540,2016-11-15,111546.49
1168,Employee 01168,Logistics,Executive,758,2021-04-13,110443.42
1169,Employee 01169,Procurement,Coordinator,168,2022-07-05,90289.03
1170,Employee 01170,Finance,Associate,652,2016-09-02,30893.82
1171,Employee 01171,Operations,Associate,266,2016-11-11,101221.81
1172,Employee 01172,Logistics,Supervisor,222,2016-08-09,60697.98
1173,Employee 01173,Logistics,Coordinator,825,2023-01-08,34476.25
1174,Employee 01174,Finance,Associate,917,2024-04-01,117297.71
1175,Employee 01175,Sales,Coordinator,715,2015-11-22,49257.18
1176,Employee 01176,Sales,Executive,39,2019-04-15,142226.61
1177,Employee 01177,Operations,Analyst,391,2015-10-09,160123.07
1178,Employee 01178,Warehouse,Analyst,598,2018-05-04,123000.68
1179,Employee 01179,Sales,Supervisor,402,2015-07-25,168892.18
1180,Employee 01180,Warehouse,Supervisor,336,2018-10-20,66697.44
1181,Employee 01181,Procurement,Manager,928,2019-12-31,84856.91
1182,Employee 01182,Logistics,Coordinator,368,2024-06-08,68242.0
1183,Employee 01183,Warehouse,Supervisor,538,2019-04-30,64105.49
1184,Employee 01184,Warehouse,Analyst,802,2018-08-25,55977.37
1185,Employee 01185,Operations,Manager,964,2015-10-31,98875.66
1186,Employee 01186,Logistics,Supervisor,872,2019-11-13,130985.83
1187,Employee 01187,Procurement,Coordinator,272,2016-09-24,19348.49
1188,Employee 01188,Sales,Manager,482,2016-12-10,23487.28
1189,Employee 01189,Procurement,Associate,616,2017-09-02,25757.95
1190,Employee 01190,Operations,Analyst,732,2019-02-01,30632.01
1191,Employee 01191,Warehouse,Coordinator,674,2019-12-06,152231.71
1192,Employee 01192,Sales,Executive,515,2018-10-10,164435.29
1193,Employee 01193,Warehouse,Associate,586,2019-09-18,99354.3
1194,Employee 01194,Finance,Analyst,632,2019-10-23,166464.67
1195,Employee 01195,Finance,Supervisor,523,2017-09-08,129001.62
1196,Employee 01196,Warehouse,Manager,527,2018-08-07,25483.34
1197,Employee 01197,Finance,Executive,63,2023-11-08,91819.5
1198,Employee 01198,Sales,Executive,461,2016-08-26,97988.68
1199,Employee 01199,Procurement,Analyst,700,2021-12-12,134308.77
1200,Employee 01200,Warehouse,Executive,939,2021-08-04,87893.17
1201,Employee 01201,Sales,Analyst,201,2022-05-25,132459.57
1202,Employee 01202,Finance,Associate,832,2016-08-12,49561.9
1203,Employee 01203,Operations,Analyst,909,2024-05-23,24898.95
1204,Employee 01204,Warehouse,Manager,119,2018-10-21,125341.5
1205,Employee 01205,Procurement,Coordinator,414,2020-02-25,88685.99
1206,Employee 01206,Warehouse,Analyst,907,2023-10-30,37916.1
1207,Employee 01207,Procurement,Executive,379,2020-04-27,71077.49
1208,Employee 01208,Procurement,Analyst,611,2021-10-18,75355.9
1209,Employee 01209,finance,Coordinator,149,2024-06-17,21436.25
1210,Employee 01210,Operations,Coordinator,989,2022-01-07,53621.11
1211,Employee 01211,Warehouse ,Executive,250,2017-10-10,76006.9
1212,Employee 01212,Finance,Executive,923,2023-04-17,83277.26
1213,Employee 01213,Finance,Coordinator,752,2021-02-01,70321.24
1214,Employee 01214,Procurement,Supervisor,563,2015-03-10,111075.34
1215,Employee 01215,Procurement,Coordinator,795,2016-03-26,70130.21
1216,Employee 01216,Warehouse,Executive,863,2016-05-27,70490.13
1217,Employee 01217,Logistics,Coordinator,353,2015-05-11,110820.37
1218,Employee 01218,Sales,Coordinator,749,2017-03-02,24544.01
1219,Employee 01219,Logistics,Manager,924,2016-11-24,132104.23
1220,Employee 01220,Warehouse,Manager,156,2020-10-26,137011.58
1221,Employee 01221,Procurement,Analyst,527,2021-02-26,115814.78
1222,Employee 01222,finance,Analyst,150,2017-08-23,105929.31
1223,Employee 01223,Procurement,Associate,603,2024-04-06,106261.54
1224,Employee 01224,Operations,Supervisor,981,2018-02-11,132495.35
1225,Employee 01225,Procurement,Analyst,965,2017-08-11,31828.31
1226,Employee 01226,Warehouse,Coordinator,366,2021-10-04,0.0
1227,Employee 01227,Warehouse,Supervisor,468,2015-07-14,96239.83
1228,Employee 01228,Finance,Manager,506,2022-04-13,124947.36
1229,Employee 01229,Finance,Manager,472,2022-06-14,95765.45
1230,Employee 01230,Procurement,Coordinator,728,2016-09-19,176199.64
1231,Employee 01231,Procurement,Supervisor,138,2018-07-28,153019.14
1232,Employee 01232,Operations,Analyst,958,2017-08-22,83714.29
1233,Employee 01233,Sales ,Manager,396,2021-07-24,24328.22
1234,Employee 01234,Operations,Associate,315,2024-04-22,154790.43
1235,Employee 01235,Sales,Analyst,328,2021-12-16,136879.87
1236,Employee 01236,Logistics,Coordinator,572,2023-02-22,152230.78
1237,Employee 01237,Operations,Supervisor,551,2016-05-12,177611.5
1238,Employee 01238,Finance,Coordinator,999,2017-12-17,46868.0
1239,Employee 01239,Finance,Manager,286,2016-05-05,69030.01
1240,Employee 01240,Sales,Associate,945,2016-03-29,41342.52
1241,Employee 01241,Operations,Analyst,716,2020-05-01,24475.5
1242,Employee 01242,Warehouse,Supervisor,891,2017-12-21,60518.05
1243,Employee 01243,Finance,Associate,872,2016-04-10,45885.43
1244,Employee 01244,Warehouse,Manager,434,2023-11-18,55041.4
1245,Employee 01245,Operations ,Executive,782,2023-05-27,54424.59
1246,Employee 01246,operations,Manager,562,2024-03-02,139502.17
1247,Employee 01247,Warehouse,Coordinator,253,2015-03-09,169961.53
1248,Employee 01248,Finance,Manager,746,2017-08-24,30491.09
1249,Employee 01249,Operations,Supervisor,173,2020-05-26,43406.94
1250,Employee 01250,,Associate,64,2018-05-26,130396.02
1251,Employee 01251,Finance,Supervisor,272,2015-06-23,83685.35
1252,Employee 01252,Procurement,Executive,271,2020-08-28,134920.31
1253,Employee 01253,Logistics,Executive,247,2023-08-01,83185.08
1254,Employee 01254,Sales,Associate,934,2023-09-14,110011.76
1255,Employee 01255,Operations,Supervisor,194,2016-09-26,155225.32
1256,Employee 01256,Logistics,Executive,221,2021-07-18,96459.85
1257,Employee 01257,Sales,Analyst,178,2023-04-01,101927.37
1258,Employee 01258,Sales,Analyst,630,2020-11-01,145913.39
1259,Employee 01259,Logistics,Analyst,781,2023-03-10,137307.71
1260,Employee 01260,Finance,Coordinator,612,2019-12-04,65945.96
1261,Employee 01261,Finance,Coordinator,239,2019-09-20,21480.63
1262,Employee 01262,Sales,Executive,349,2016-01-19,28623.53
1263,Employee 01263,Sales,Coordinator,605,2015-12-24,174465.37
1264,Employee 01264,Sales,Analyst,999,2019-03-02,67648.2
1265,Employee 01265,Operations,Analyst,122,2019-04-08,49536.97
1266,Employee 01266,Operations,Supervisor,206,2018-11-26,171939.05
1267,Employee 01267,Finance,Coordinator,518,2015-06-16,171256.75
1268,Employee 01268,Operations,Coordinator,326,2022-05-26,168288.62
1269,Employee 01269,Finance,Manager,610,2017-04-04,109829.68
1270,Employee 01270,Operations,Executive,534,2017-08-30,137640.92
1271,Employee 01271,Logistics,Executive,357,2017-05-11,78302.97
1272,Employee 01272,Procurement,Analyst,326,2017-05-24,31155.25
1273,Employee 01273,Operations,Supervisor,674,2015-03-23,124890.8
1274,Employee 01274,Warehouse,Executive,699,2024-01-18,96179.65
1275,Employee 01275,Warehouse,Analyst,334,2020-07-21,128399.44
1276,Employee 01276,Procurement,Executive,299,2020-04-08,84387.57
1277,Employee 01277,Sales,Manager,113,2023-10-25,84741.19
1278,Employee 01278,Logistics,Executive,222,2020-05-31,154542.56
1279,Employee 01279,operations,Analyst,863,2024-01-17,22297.37
1280,Employee 01280,Operations,Executive,959,2015-06-28,152178.05
1281,Employee 01281,Operations,Coordinator,171,2020-10-10,44600.07
1282,Employee 01282,Sales,Analyst,362,2020-12-12,72543.71
1283,Employee 01283,Warehouse,Manager,677,2015-06-23,66249.19
1284,Employee 01284,Procurement,Coordinator,401,2015-07-15,153877.69
1285,Employee 01285,Procurement,Associate,208,2015-08-27,111744.03
1286,Employee 01286,Logistics,Manager,535,2017-02-13,88863.0
1287,Employee 01287,Finance,Executive,72,2015-03-07,21930.59
1288,Employee 01288,Logistics,Supervisor,956,2015-08-04,139632.98
1289,Employee 01289,Logistics,Manager,207,2020-09-15,39243.78
1290,Employee 01290,Sales,Coordinator,555,2019-08-23,164722.12
1291,Employee 01291,Finance,Supervisor,660,2016-03-31,111586.63
1292,Employee 01292,Logistics,Manager,895,2023-03-22,62469.99
1293,Employee 01293,Operations,Coordinator,638,2020-07-21,152593.71
1294,Employee 01294,Sales,Analyst,524,2022-04-07,128011.6
1295,Employee 01295,Logistics,Executive,781,2022-08-09,51121.23
1296,Employee 01296,Warehouse ,Associate,380,2022-09-04,97856.21
1297,Employee 01297,Logistics,Analyst,960,2015-10-06,142522.67
1298,Employee 01298,Procurement,Manager,344,2016-05-25,136692.82
1299,Employee 01299,Logistics,Executive,136,2021-08-06,179194.54
1300,Employee 01300,Procurement,Associate,206,2018-11-25,59539.18
1301,Employee 01301,Procurement,Executive,714,2015-08-03,137123.93
1302,Employee 01302,Finance,Supervisor,25,2021-07-03,43539.91
1303,Employee 01303,Logistics,Supervisor,243,2019-02-22,101344.22
1304,Employee 01304,Finance,Manager,877,2019-08-23,60794.71
1305,Employee 01305,Procurement,Analyst,534,2021-06-06,119004.18
1306,Employee 01306,Sales,Coordinator,445,2018-11-12,137924.45
1307,Employee 01307,Logistics,Executive,470,2021-03-08,131511.5
1308,Employee 01308,Finance,Associate,61,2018-08-17,154504.38
1309,Employee 01309,Sales,Analyst,303,2015-08-03,139298.32
1310,Employee 01310,Logistics,Analyst,827,2017-05-02,148003.33
1311,Employee 01311,Operations,Executive,370,2021-11-18,174099.25
1312,Employee 01312,Warehouse,Manager,395,2020-06-03,127276.13
1313,Employee 01313,Finance,Coordinator,5,2015-06-03,111791.89
1314,Employee 01314,Sales,Manager,399,2015-07-01,112657.67
1315,Employee 01315,Finance,Manager,685,2017-02-06,57581.91
1316,Employee 01316,Procurement ,Analyst,693,2022-11-14,116261.65
1317,Employee 01317,Warehouse,Manager,60,2018-05-02,155442.19
1318,Employee 01318,Procurement,Coordinator,350,2021-06-16,50549.08
1319,Employee 01319,Warehouse,Analyst,350,2018-12-15,145022.63
1320,Employee 01320,Logistics,Manager,619,2024-05-12,130560.59
1321,Employee 01321,Sales,Coordinator,901,2015-10-28,94233.23
1322,Employee 01322,,Supervisor,210,2020-04-05,80761.54
1323,Employee 01323,Logistics,Executive,854,2017-08-21,100694.28
1324,Employee 01324,Operations,Coordinator,20,2019-10-24,147967.89
1325,Employee 01325,Warehouse,Coordinator,386,2023-12-15,61480.91
1326,Employee 01326,Sales,Supervisor,930,2018-07-27,0.0
1327,Employee 01327,Logistics,Coordinator,51,2016-09-02,170387.99
1328,Employee 01328,Operations,Coordinator,931,2024-06-06,114556.88
1329,Employee 01329,Logistics,Analyst,808,2022-02-04,155782.3
1330,Employee 01330,Warehouse,Associate,513,2015-05-10,134573.72
1331,Employee 01331,Warehouse,Supervisor,459,2020-08-03,120227.46
1332,Employee 01332,Logistics,Coordinator,877,2018-01-04,175252.06
1333,Employee 01333,Procurement,Manager,101,2022-05-12,80884.68
1334,Employee 01334,Operations,Manager,999,2023-01-31,179807.9
1335,Employee 01335,Operations,Supervisor,483,2015-09-21,98087.01
1336,Employee 01336,Sales,Manager,943,2021-04-15,124236.87
1337,Employee 01337,Operations,Analyst,108,2021-07-18,149720.89
1338,Employee 01338,Warehouse,Supervisor,800,2023-12-17,173738.9
1339,Employee 01339,Finance,Analyst,964,2021-03-06,76158.99
1340,Employee 01340,Sales,Manager,857,2018-03-10,169528.32
1341,Employee 01341,Sales,Associate,937,2024-01-11,165784.0
1342,Employee 01342,Warehouse,Associate,604,2017-07-21,43009.99
1343,Employee 01343,Warehouse,Analyst,224,2019-02-23,40869.49
1344,Employee 01344,Operations,Associate,368,2021-12-21,87046.03
1345,Employee 01345,Procurement,Supervisor,838,2019-05-23,79320.45
1346,Employee 01346,Procurement,Manager,165,2016-03-15,20734.69
1347,Employee 01347,Procurement,Associate,395,2015-02-28,41299.47
1348,Employee 01348,Finance,Analyst,648,2022-03-12,94479.98
1349,Employee 01349,Procurement ,Supervisor,934,2016-03-31,165507.24
1350,Employee 01350,Finance,Executive,41,2015-07-07,48480.99
1351,Employee 01351,Logistics,Coordinator,666,2017-02-26,115824.17
1352,Employee 01352,Warehouse,Associate,781,2023-01-29,149531.6
1353,Employee 01353,Logistics,Supervisor,810,2018-03-01,145839.59
1354,Employee 01354,Operations,Associate,880,2020-06-23,69343.09
1355,Employee 01355,Warehouse,Coordinator,63,2023-10-21,133324.32
1356,Employee 01356,Finance,Analyst,165,2015-05-02,129112.28
1357,Employee 01357,Finance,Manager,734,2023-03-14,73419.54
1358,Employee 01358,Sales,Associate,387,2023-10-07,162701.23
1359,Employee 01359,Logistics,Coordinator,443,2018-04-17,35740.73
1360,Employee 01360,Sales,Supervisor,270,2017-02-15,126717.53
1361,Employee 01361,Warehouse,Executive,683,2016-09-09,35202.05
1362,Employee 01362,Finance,Manager,781,2022-03-07,64161.14
1363,Employee 01363,Operations,Associate,118,2024-02-06,20690.03
1364,Employee 01364,Sales,Analyst,979,2022-01-14,144238.61
1365,Employee 01365,Operations,Associate,395,2016-06-17,21621.0
1366,Employee 01366,Operations,Analyst,115,2024-01-29,121310.93
1367,Employee 01367,Warehouse,Manager,370,2015-05-06,18783.95
1368,Employee 01368,Operations,Supervisor,740,2016-11-12,154119.79
1369,Employee 01369,Finance,Manager,392,2017-02-24,116704.06
1370,Employee 01370,Procurement,Supervisor,559,2023-04-08,129611.59
1371,Employee 01371,Procurement,Associate,71,2022-03-16,77243.62
1372,Employee 01372,Operations,Manager,625,2016-09-11,132539.9
1373,Employee 01373,Operations,Supervisor,756,2016-02-14,170020.96
1374,Employee 01374,Sales,Analyst,801,2015-08-15,57435.05
1375,Employee 01375,Logistics,Analyst,441,2023-12-21,46446.44
1376,Employee 01376,Sales,Associate,580,2019-05-28,173569.5
1377,Employee 01377,Operations,Supervisor,21,2017-03-10,113092.34
1378,Employee 01378,Finance,Supervisor,475,2019-08-17,-10000.0
1379,Employee 01379,Operations,Manager,188,2019-11-17,119988.48
1380,Employee 01380,Sales,Executive,266,2024-05-31,26521.01
1381,Employee 01381,Warehouse,Manager,106,2018-07-11,116542.37
1382,Employee 01382,Warehouse,Associate,900,2022-06-17,64198.18
1383,Employee 01383,Finance,Associate,783,2023-12-02,83087.13
1384,Employee 01384,Procurement,Supervisor,738,2017-03-29,32248.69
1385,Employee 01385,Warehouse,Supervisor,88,2016-11-16,170787.58
1386,Employee 01386,Logistics,Associate,680,2017-07-12,42112.19
1387,Employee 01387,Procurement,Associate,527,2016-09-02,93552.99
1388,Employee 01388,Operations,Associate,447,2021-07-06,176825.47
1389,Employee 01389,Warehouse,Executive,437,2021-08-17,19555.22
1390,Employee 01390,Finance,Associate,757,2020-05-23,168979.38
1391,Employee 01391,Sales,Analyst,668,2019-06-05,90682.06
1392,Employee 01392,Sales,Supervisor,68,2016-03-03,109988.42
1393,Employee 01393,Warehouse,Executive,201,2023-02-13,71103.56
1394,Employee 01394,Logistics,Manager,678,2020-05-04,96885.56
1395,Employee 01395,Procurement,Supervisor,513,2015-03-31,30088.23
1396,Employee 01396,Logistics,Coordinator,491,2023-01-29,149793.0
1397,Employee 01397,Logistics,Coordinator,900,2017-12-17,41934.62
1398,Employee 01398,Sales,Supervisor,379,2016-03-23,39322.54
1399,Employee 01399,Logistics,Associate,369,2019-03-30,49003.86
1400,Employee 01400,Finance,Coordinator,501,2024-06-02,144252.52
1401,Employee 01401,Finance,Coordinator,545,2017-07-24,170930.6
1402,Employee 01402,Finance,Executive,660,2018-11-02,26690.0
1403,Employee 01403,Procurement,Supervisor,976,2018-09-13,80499.17
1404,Employee 01404,Procurement,Associate,280,2015-08-22,158457.16
1405,Employee 01405,Logistics,Supervisor,33,2016-04-07,91954.75
1406,Employee 01406,Finance,Associate,957,2023-06-07,146267.26
1407,Employee 01407,Operations,Executive,143,2016-09-10,104852.25
1408,Employee 01408,Sales,Manager,760,2016-06-27,67086.72
1409,Employee 01409,Operations,Executive,954,2020-11-25,63714.36
1410,Employee 01410,Sales,Executive,838,2022-09-08,-10000.0
1411,Employee 01411,Sales,Associate,777,2017-06-02,143957.86
1412,Employee 01412,Logistics,Manager,282,2022-07-30,40085.77
1413,Employee 01413,Logistics,Supervisor,852,2020-06-26,35681.79
1414,Employee 01414,Procurement,Associate,841,2020-11-22,81954.56
1415,Employee 01415,Finance,Associate,352,2023-07-25,39101.47
1416,Employee 01416,Procurement,Associate,516,2016-10-20,176752.85
1417,Employee 01417,Warehouse,Manager,987,2024-07-07,57862.14
1418,Employee 01418,Procurement,Coordinator,2,2020-06-24,170819.46
1419,Employee 01419,Operations,Coordinator,791,2015-05-17,125286.75
1420,Employee 01420,Operations,Executive,818,2020-03-04,101743.59
1421,Employee 01421,,Coordinator,377,2021-05-30,89597.89
1422,Employee 01422,Finance,Executive,718,2017-01-25,28942.9
1423,Employee 01423,,Analyst,85,2021-02-15,131671.22
1424,Employee 01424,Procurement,Analyst,185,2023-10-09,98807.5
1425,Employee 01425,operations,Associate,10,2017-11-29,153671.17
1426,Employee 01426,Finance,Executive,535,2019-07-01,79448.83
1427,Employee 01427,Finance,Coordinator,60,2019-05-28,44431.95
1428,Employee 01428,Finance,Manager,595,2021-03-31,161748.57
1429,Employee 01429,Operations,Supervisor,888,2021-09-12,39343.89
1430,Employee 01430,Finance,Analyst,775,2020-07-25,99299.31
1431,Employee 01431,Sales,Executive,711,2020-10-10,81609.34
1432,Employee 01432,Warehouse,Manager,850,2018-12-19,113902.11
1433,Employee 01433,Finance,Associate,744,2018-06-27,175007.68
1434,Employee 01434,Procurement,Coordinator,942,2018-08-22,33946.99
1435,Employee 01435,Sales,Supervisor,692,2018-07-18,168883.51
1436,Employee 01436,Procurement,Manager,102,2022-07-29,157668.36
1437,Employee 01437,Sales,Associate,728,2016-10-31,175839.74
1438,Employee 01438,Warehouse,Manager,776,2022-03-25,107167.22
1439,Employee 01439,Sales,Associate,399,2024-06-12,74686.67
1440,Employee 01440,Operations,Analyst,744,2017-05-02,136741.13
1441,Employee 01441,Finance,Supervisor,278,2017-12-12,131629.09
1442,Employee 01442,Sales,Supervisor,826,2024-04-15,154766.37
1443,Employee 01443,Finance,Analyst,670,2015-09-02,37861.94
1444,Employee 01444,Sales,Associate,665,2017-03-17,127105.85
1445,Employee 01445,,Manager,193,2017-12-30,110525.31
1446,Employee 01446,Warehouse,Analyst,900,2021-12-14,170958.33
1447,Employee 01447,Warehouse,Executive,807,2021-05-12,125877.62
1448,Employee 01448,Warehouse,Supervisor,495,2020-02-14,20552.45
1449,Employee 01449,Procurement,Executive,50,2015-03-10,139810.73
1450,Employee 01450,finance,Associate,273,2016-06-12,176300.2
1451,Employee 01451,Operations,Supervisor,669,2020-06-17,139923.57
1452,Employee 01452,Logistics,Analyst,708,2019-05-07,166478.65
1453,Employee 01453,Logistics,Supervisor,688,2018-10-05,130437.64
1454,Employee 01454,Sales,Coordinator,6,2024-01-05,78025.04
1455,Employee 01455,Sales,Associate,327,2018-07-02,116038.64
1456,Employee 01456,Finance,Associate,904,2021-12-30,35566.63
1457,Employee 01457,Finance,Associate,549,2015-02-05,51902.64
1458,Employee 01458,Logistics,Coordinator,297,2016-03-07,18515.78
1459,Employee 01459,Finance,Analyst,807,2018-06-08,176698.56
1460,Employee 01460,Sales,Analyst,158,2021-08-03,162773.89
1461,Employee 01461,Operations,Supervisor,755,2024-03-16,117721.3
1462,Employee 01462,Logistics,Supervisor,682,2023-05-12,136281.49
1463,Employee 01463,Procurement,Supervisor,955,2016-10-27,39245.93
1464,Employee 01464,Operations,Manager,360,2017-03-19,81204.89
1465,Employee 01465,Warehouse,Coordinator,159,2017-12-27,171433.47
1466,Employee 01466,Procurement,Associate,373,2018-01-08,92078.33
1467,Employee 01467,Logistics ,Analyst,716,2018-08-26,63966.61
1468,Employee 01468,Logistics,Analyst,554,2017-12-26,149489.73
1469,Employee 01469,Procurement,Executive,405,2018-06-12,105756.0
1470,Employee 01470,Operations,Associate,739,2023-05-28,100842.29
1471,Employee 01471,Procurement,Executive,236,2015-02-21,39453.95
1472,Employee 01472,Procurement,Manager,817,2020-08-15,77966.95
1473,Employee 01473,Procurement,Supervisor,196,2021-08-10,89317.17
1474,Employee 01474,Warehouse,Manager,119,2018-05-14,92201.78
1475,Employee 01475,Sales,Analyst,622,2020-03-25,18846.07
1476,Employee 01476,Finance,Supervisor,830,2016-03-03,168820.93
1477,Employee 01477,Operations,Coordinator,832,2022-05-23,24153.45
1478,Employee 01478,Procurement,Analyst,565,2016-04-08,137686.77
1479,Employee 01479,Procurement,Coordinator,914,2020-04-27,88107.17
1480,Employee 01480,Procurement,Manager,233,2019-09-06,97543.43
1481,Employee 01481,Sales,Coordinator,859,2022-06-12,73105.02
1482,Employee 01482,Operations,Analyst,518,2017-12-05,156551.02
1483,Employee 01483,Procurement,Manager,187,2017-02-09,178012.48
1484,Employee 01484,Sales,Analyst,407,2022-04-30,83375.87
1485,Employee 01485,Operations,Manager,526,2016-09-29,141559.25
1486,Employee 01486,Sales,Manager,813,2017-09-06,157979.82
1487,Employee 01487,Warehouse,Associate,60,2021-08-24,133909.47
1488,Employee 01488,Logistics,Analyst,319,2019-09-27,59231.02
1489,Employee 01489,Logistics,Coordinator,277,2019-10-26,174653.74
1490,Employee 01490,Finance,Supervisor,544,2022-05-23,84565.53
1491,Employee 01491,Sales,Manager,134,2016-02-19,161074.39
1492,Employee 01492,Operations,Supervisor,738,2018-01-18,159304.31
1493,Employee 01493,Operations,Supervisor,333,2020-03-10,67986.71
1494,Employee 01494,Logistics,Associate,730,2022-10-09,174280.99
1495,Employee 01495,Sales,Manager,373,2021-06-15,0.0
1496,Employee 01496,Operations,Manager,435,2021-10-20,41665.29
1497,Employee 01497,Operations,Supervisor,509,2019-11-24,36627.24
1498,Employee 01498,Operations,Supervisor,870,2024-03-17,132811.34
1499,Employee 01499,Procurement,Analyst,740,2024-01-18,19222.25
1500,Employee 01500,Finance,Coordinator,291,2023-10-27,58364.81
1501,Employee 01501,Finance,Supervisor,523,2020-11-02,79574.71
1502,Employee 01502,Procurement,Coordinator,266,2015-01-13,61977.82
1503,Employee 01503,Procurement,Coordinator,800,2016-03-11,102321.7
1504,Employee 01504,Operations,Executive,802,2022-09-18,79492.18
1505,Employee 01505,Logistics,Associate,466,2018-01-18,51594.56
1506,Employee 01506,Sales,Coordinator,207,2018-09-16,123038.05
1507,Employee 01507,Logistics,Coordinator,977,2023-11-05,21499.5
1508,Employee 01508,Sales,Analyst,688,2020-06-30,158692.29
1509,Employee 01509,Warehouse,Supervisor,109,2022-08-10,41973.18
1510,Employee 01510,Operations,Coordinator,685,2015-04-11,176845.67
1511,Employee 01511,Procurement,Supervisor,830,2016-01-08,95863.33
1512,Employee 01512,Finance,Supervisor,765,2018-01-10,173121.23
1513,Employee 01513,Logistics,Executive,526,2015-04-22,124624.3
1514,Employee 01514,Finance,Associate,304,2022-12-09,41313.49
1515,Employee 01515,Operations,Analyst,798,2016-11-30,35403.11
1516,Employee 01516,Operations,Manager,778,2017-06-16,162178.46
1517,Employee 01517,Warehouse,Associate,448,2018-04-04,115735.46
1518,Employee 01518,Warehouse,Associate,685,2022-11-27,135033.73
1519,Employee 01519,Operations,Executive,598,2021-05-13,125748.73
1520,Employee 01520,Sales,Analyst,991,2022-08-20,178858.67
1521,Employee 01521,Operations,Supervisor,572,2024-02-09,46472.38
1522,Employee 01522,Finance,Coordinator,481,2023-05-11,154425.55
1523,Employee 01523,Finance,Executive,384,2021-06-19,118028.12
1524,Employee 01524,Sales ,Executive,807,2020-03-11,52777.75
1525,Employee 01525,Warehouse,Coordinator,698,2018-10-20,126060.66
1526,Employee 01526,Finance,Supervisor,35,2023-12-07,98072.59
1527,Employee 01527,Finance,Executive,839,2023-12-31,61637.93
1528,Employee 01528,Operations,Coordinator,842,2017-07-14,137509.62
1529,Employee 01529,Sales,Analyst,872,2018-05-01,68268.43
1530,Employee 01530,Logistics,Supervisor,359,2017-03-14,134036.21
1531,Employee 01531,Warehouse,Supervisor,237,2020-10-05,35791.19
1532,Employee 01532,Procurement,Coordinator,405,2016-11-16,103653.86
1533,Employee 01533,Operations,Analyst,452,2015-05-26,19052.06
1534,Employee 01534,Procurement,Analyst,331,2020-05-28,97436.27
1535,Employee 01535,Operations,Supervisor,402,2018-01-16,73705.33
1536,Employee 01536,Operations,Analyst,591,2015-08-05,124767.02
1537,Employee 01537,Operations,Coordinator,45,2019-06-04,62646.45
1538,Employee 01538,Operations,Analyst,487,2022-04-21,33002.74
1539,Employee 01539,Logistics,Manager,95,2021-07-19,152633.01
1540,Employee 01540,Warehouse,Analyst,283,2015-08-10,137841.53
1541,Employee 01541,Finance,Supervisor,732,2016-12-29,41513.88
1542,Employee 01542,Operations,Executive,150,2015-01-06,71586.03
1543,Employee 01543,Finance,Associate,682,2022-08-17,104209.66
1544,Employee 01544,Procurement,Associate,37,2019-04-27,153214.31
1545,Employee 01545,Warehouse,Analyst,581,2023-11-23,31718.47
1546,Employee 01546,Logistics,Associate,354,2015-06-09,46232.18
1547,Employee 01547,Warehouse,Associate,375,2023-12-11,25096.61
1548,Employee 01548,Warehouse,Executive,449,2019-11-15,47712.91
1549,Employee 01549,Warehouse,Analyst,124,2024-03-09,137626.4
1550,Employee 01550,Procurement,Associate,53,2019-02-17,66647.25
1551,Employee 01551,Sales,Manager,926,2016-02-11,143223.76
1552,Employee 01552,Warehouse,Associate,910,2017-03-27,31303.46
1553,Employee 01553,Sales,Supervisor,558,2018-07-14,112182.79
1554,Employee 01554,Logistics,Analyst,11,2024-01-30,103699.48
1555,Employee 01555,Operations,Analyst,759,2017-03-02,53365.59
1556,Employee 01556,Sales,Manager,906,2019-11-24,78174.59
1557,Employee 01557,Finance,Analyst,414,2021-04-10,54908.87
1558,Employee 01558,Warehouse,Coordinator,285,2015-03-27,95668.61
1559,Employee 01559,Sales,Associate,605,2018-01-10,151526.84
1560,Employee 01560,Logistics,Manager,438,2018-01-19,154258.72
1561,Employee 01561,Operations,Manager,221,2021-04-30,73910.62
1562,Employee 01562,Finance,Supervisor,670,2017-05-03,153104.94
1563,Employee 01563,Warehouse,Manager,78,2021-01-18,148137.85
1564,Employee 01564,Operations,Coordinator,398,2020-03-17,19381.39
1565,Employee 01565,Logistics,Manager,291,2024-06-25,102486.13
1566,Employee 01566,Warehouse,Manager,971,2020-03-05,99777.99
1567,Employee 01567,Procurement,Manager,8,2023-05-25,172026.8
1568,Employee 01568,Warehouse,Analyst,48,2024-02-13,45638.33
1569,Employee 01569,Sales,Manager,857,2021-12-22,88588.75
1570,Employee 01570,Finance,Analyst,469,2017-03-14,114702.38
1571,Employee 01571,Procurement,Analyst,1000,2016-04-18,18360.08
1572,Employee 01572,Warehouse,Manager,340,2021-08-11,67704.68
1573,Employee 01573,Procurement,Supervisor,540,2019-11-05,89536.65
1574,Employee 01574,Logistics,Manager,813,2016-12-30,108939.62
1575,Employee 01575,Logistics,Analyst,598,2023-12-01,69538.24
1576,Employee 01576,Logistics,Analyst,103,2016-02-03,144929.63
1577,Employee 01577,sales,Coordinator,757,2019-11-04,22244.23
1578,Employee 01578,Finance,Manager,105,2021-09-25,25329.53
1579,Employee 01579,Warehouse,Coordinator,334,2022-07-28,99339.56
1580,Employee 01580,Procurement,Associate,716,2023-11-01,117677.25
1581,Employee 01581,Operations,Supervisor,485,2023-04-26,161934.1
1582,Employee 01582,Logistics,Executive,734,2020-04-23,115645.58
1583,Employee 01583,Sales,Analyst,1000,2022-01-23,113147.81
1584,Employee 01584,Operations,Analyst,798,2016-12-10,73130.09
1585,Employee 01585,Operations,Coordinator,674,2018-02-24,124707.97
1586,Employee 01586,Logistics,Associate,461,2018-12-24,147902.85
1587,Employee 01587,Warehouse,Manager,813,2020-08-11,117659.57
1588,Employee 01588,Finance,Coordinator,80,2022-04-11,65247.83
1589,Employee 01589,Sales,Supervisor,446,2016-05-20,29158.77
1590,Employee 01590,Sales,Analyst,870,2020-01-18,131864.8
1591,Employee 01591,Operations,Supervisor,748,2021-08-08,168368.81
1592,Employee 01592,Warehouse,Supervisor,816,2020-01-03,22832.44
1593,Employee 01593,Sales,Associate,402,2018-07-07,85256.42
1594,Employee 01594,Logistics ,Analyst,171,2017-06-17,149526.83
1595,Employee 01595,Logistics,Supervisor,37,2017-10-16,67086.15
1596,Employee 01596,,Coordinator,787,2023-07-28,38684.91
1597,Employee 01597,Logistics,Associate,399,2023-12-13,119733.61
1598,Employee 01598,Procurement,Analyst,239,2022-12-02,162178.94
1599,Employee 01599,Sales,Associate,826,2015-11-04,109997.53
1600,Employee 01600,Logistics,Analyst,974,2019-04-17,54568.69
1601,Employee 01601,Logistics,Analyst,240,2021-12-24,69647.64
1602,Employee 01602,Finance,Supervisor,358,2020-06-30,112857.55
1603,Employee 01603,Logistics,Executive,850,2020-01-28,74503.78
1604,Employee 01604,Procurement ,Coordinator,629,2019-01-16,48967.82
1605,Employee 01605,Procurement,Manager,996,2019-04-30,31730.17
1606,Employee 01606,Sales,Manager,385,2022-07-31,106282.98
1607,Employee 01607,Procurement,Supervisor,686,2018-09-08,86809.05
1608,Employee 01608,Warehouse,Executive,811,2017-07-26,66926.6
1609,Employee 01609,Finance,Supervisor,46,2017-02-26,94446.65
1610,Employee 01610,Logistics,Coordinator,193,2021-11-22,162820.53
1611,Employee 01611,Logistics,Coordinator,171,2015-10-26,112385.87
1612,Employee 01612,Operations,Coordinator,235,2018-03-05,67978.08
1613,Employee 01613,Operations,Executive,663,2017-05-11,61639.3
1614,Employee 01614,Logistics,Coordinator,771,2016-11-09,63674.44
1615,Employee 01615,Sales,Coordinator,180,2023-06-16,151388.14
1616,Employee 01616,Logistics,Analyst,779,2020-11-17,173385.18
1617,Employee 01617,Logistics,Associate,702,2017-08-26,37311.1
1618,Employee 01618,Finance,Analyst,403,2023-11-10,137987.94
1619,Employee 01619,Finance,Manager,298,2017-03-29,73242.71
1620,Employee 01620,Logistics,Associate,324,2018-05-04,122065.43
1621,Employee 01621,Logistics,Analyst,247,2022-04-05,96576.68
1622,Employee 01622,Finance,Supervisor,430,2023-08-02,23848.22
1623,Employee 01623,Finance,Associate,583,2019-05-07,61576.16
1624,Employee 01624,Operations,Analyst,469,2024-03-26,47045.07
1625,Employee 01625,Logistics,Associate,739,2019-07-12,105100.59
1626,Employee 01626,Operations,Manager,631,2015-01-04,122954.25
1627,Employee 01627,Logistics,Manager,470,2022-04-29,179735.53
1628,Employee 01628,Sales,Analyst,7,2015-11-23,65143.07
1629,Employee 01629,Logistics,Supervisor,426,2017-07-11,68931.24
1630,Employee 01630,Sales,Manager,863,2018-09-07,131220.41
1631,Employee 01631,Operations,Coordinator,315,2016-02-17,113474.72
1632,Employee 01632,Operations,Associate,927,2020-12-17,148236.37
1633,Employee 01633,,Coordinator,706,2021-08-29,178771.93
1634,Employee 01634,Sales,Executive,843,2021-01-11,163668.86
1635,Employee 01635,Sales,Associate,836,2021-01-31,169225.0
1636,Employee 01636,Procurement,Manager,345,2020-03-24,45932.07
1637,Employee 01637,Warehouse,Coordinator,265,2019-08-18,136304.74
1638,Employee 01638,Finance,Executive,857,2021-05-18,51708.16
1639,Employee 01639,Procurement,Analyst,620,2019-01-15,39699.41
1640,Employee 01640,Logistics,Executive,492,2015-12-08,161863.17
1641,Employee 01641,Operations,Analyst,938,2018-09-08,156496.77
1642,Employee 01642,Warehouse,Manager,288,2018-10-10,167476.93
1643,Employee 01643,Finance,Manager,240,2021-08-11,142392.16
1644,Employee 01644,Finance,Coordinator,572,2021-05-06,137575.4
1645,Employee 01645,Logistics,Coordinator,35,2021-03-21,161732.37
1646,Employee 01646,Warehouse,Manager,450,2021-06-27,26951.75
1647,Employee 01647,Operations,Manager,701,2022-10-24,139161.51
1648,Employee 01648,Procurement,Associate,342,2017-09-10,18040.86
1649,Employee 01649,Operations,Supervisor,929,2016-01-24,152695.42
1650,Employee 01650,Operations,Manager,919,2015-04-10,159526.32
1651,Employee 01651,Procurement,Associate,255,2021-11-17,69419.98
1652,Employee 01652,Warehouse,Coordinator,112,2015-10-15,107023.64
1653,Employee 01653,Warehouse,Executive,292,2019-03-09,118413.51
1654,Employee 01654,Operations,Coordinator,38,2024-01-11,131719.71
1655,Employee 01655,finance,Executive,632,2015-11-02,0.0
1656,Employee 01656,Logistics,Analyst,716,2016-09-30,100584.49
1657,Employee 01657,Sales,Coordinator,658,2023-09-16,159078.52
1658,Employee 01658,Procurement,Executive,186,2015-09-20,74210.68
1659,Employee 01659,Finance,Coordinator,597,2022-12-30,134113.71
1660,Employee 01660,Operations,Coordinator,106,2018-03-30,58892.33
1661,Employee 01661,Finance,Analyst,220,2021-01-14,154630.73
1662,Employee 01662,Finance,Supervisor,997,2021-05-25,24044.82
1663,Employee 01663,Operations ,Associate,418,2020-01-26,91108.69
1664,Employee 01664,Warehouse,Analyst,768,2021-06-29,32817.02
1665,Employee 01665,Logistics,Coordinator,816,2016-03-21,29083.81
1666,Employee 01666,Warehouse,Coordinator,46,2024-02-22,98019.36
1667,Employee 01667,Logistics,Analyst,214,2015-05-22,73016.35
1668,Employee 01668,Operations,Executive,153,2018-09-28,133787.92
1669,Employee 01669,Sales,Coordinator,671,2024-01-16,75206.92
1670,Employee 01670,Operations,Manager,517,2020-08-27,46394.8
1671,Employee 01671,Logistics,Associate,306,2024-03-26,136695.49
1672,Employee 01672,Sales,Supervisor,607,2023-01-10,166300.22
1673,Employee 01673,Warehouse,Supervisor,851,2024-05-03,101932.0
1674,Employee 01674,Logistics,Executive,51,2023-02-21,153160.11
1675,Employee 01675,Finance,Manager,134,2018-07-02,76496.07
1676,Employee 01676,Warehouse,Coordinator,434,2024-07-08,49093.95
1677,Employee 01677,Finance ,Manager,861,2017-05-24,177445.65
1678,Employee 01678,Procurement,Supervisor,553,2017-03-16,147419.71
1679,Employee 01679,Sales,Executive,756,2021-04-23,147104.52
1680,Employee 01680,Procurement,Supervisor,338,2022-07-17,89236.38
1681,Employee 01681,Finance,Manager,895,2021-07-12,174015.2
1682,Employee 01682,Logistics,Analyst,252,2020-06-30,22576.57
1683,Employee 01683,Operations,Associate,678,2016-07-24,23683.14
1684,Employee 01684,Finance,Analyst,22,2023-04-29,0.0
1685,Employee 01685,Finance,Associate,543,2020-02-05,50195.31
1686,Employee 01686,logistics,Analyst,704,2021-02-09,124726.56
1687,Employee 01687,Warehouse,Associate,4,2016-08-10,102038.72
1688,Employee 01688,Warehouse,Associate,311,2018-08-31,60578.56
1689,Employee 01689,Logistics,Manager,881,2015-07-01,76362.94
1690,Employee 01690,Sales,Analyst,94,2020-12-13,49373.07
1691,Employee 01691,Warehouse,Associate,369,2023-12-31,52543.88
1692,Employee 01692,Finance,Associate,917,2015-08-15,173816.87
1693,Employee 01693,Warehouse,Analyst,763,2018-05-27,35301.42
1694,Employee 01694,Logistics,Executive,370,2016-02-13,176176.19
1695,Employee 01695,Logistics ,Executive,108,2023-05-15,150169.5
1696,Employee 01696,Sales,Associate,685,2023-04-29,52931.29
1697,Employee 01697,Finance,Coordinator,204,2015-04-02,97687.54
1698,Employee 01698,Finance,Supervisor,614,2022-05-21,106838.9
1699,Employee 01699,Procurement,Coordinator,391,2024-04-12,90504.66
1700,Employee 01700,Logistics,Analyst,725,2020-09-22,128076.22
1701,Employee 01701,Finance,Manager,825,2015-01-23,135026.38
1702,Employee 01702,Finance,Associate,142,2020-06-27,31087.92
1703,Employee 01703,Sales,Executive,980,2022-04-07,35968.36
1704,Employee 01704,Finance,Executive,128,2016-02-05,75938.79
1705,Employee 01705,Logistics,Supervisor,867,2018-01-01,146119.88
1706,Employee 01706,Finance,Supervisor,23,2024-07-19,141723.76
1707,Employee 01707,Logistics,Executive,437,2019-10-11,97512.2
1708,Employee 01708,Logistics,Analyst,698,2024-02-17,54018.39
1709,Employee 01709,Operations,Associate,472,2019-07-20,143007.19
1710,Employee 01710,Finance,Supervisor,472,2015-05-17,179369.88
1711,Employee 01711,Procurement,Coordinator,642,2019-10-02,62749.21
1712,Employee 01712,Logistics,Analyst,164,2018-01-01,162222.87
1713,Employee 01713,Logistics,Analyst,454,2015-12-14,74783.14
1714,Employee 01714,Finance,Analyst,174,2016-06-21,24380.14
1715,Employee 01715,Procurement,Coordinator,787,2018-05-16,74284.58
1716,Employee 01716,Sales,Analyst,869,2017-03-26,102618.95
1717,Employee 01717,Procurement,Coordinator,115,2018-08-31,109186.01
1718,Employee 01718,Finance,Coordinator,946,2018-07-22,61887.77
1719,Employee 01719,Warehouse,Manager,410,2019-02-16,20888.92
1720,Employee 01720,Warehouse ,Coordinator,27,2019-01-18,145001.97
1721,Employee 01721,Finance,Executive,139,2023-08-15,50385.11
1722,Employee 01722,Procurement,Coordinator,501,2017-02-17,62005.05
1723,Employee 01723,Operations,Executive,221,2022-06-24,164583.47
1724,Employee 01724,Procurement,Coordinator,597,2019-01-02,19621.78
1725,Employee 01725,Finance,Supervisor,314,2020-12-29,157186.63
1726,Employee 01726,Operations,Supervisor,346,2016-12-01,133756.54
1727,Employee 01727,Sales,Manager,810,2018-02-21,158212.77
1728,Employee 01728,Operations,Associate,209,2018-01-13,143585.44
1729,Employee 01729,Warehouse,Executive,173,2024-03-10,49277.35
1730,Employee 01730,Warehouse,Executive,608,2015-05-30,97126.02
1731,Employee 01731,Operations,Manager,585,2018-06-29,84322.95
1732,Employee 01732,Procurement,Analyst,643,2018-07-19,59762.45
1733,Employee 01733,Finance,Executive,777,2023-05-02,54196.26
1734,Employee 01734,Operations,Analyst,520,2017-08-23,0.0
1735,Employee 01735,Finance,Supervisor,835,2017-12-07,-10000.0
1736,Employee 01736,Warehouse,Coordinator,867,2023-02-10,116797.38
1737,Employee 01737,Operations,Executive,361,2024-07-24,85789.64
1738,Employee 01738,Sales,Associate,75,2022-12-04,68335.94
1739,Employee 01739,Finance,Associate,258,2015-04-27,122866.6
1740,Employee 01740,Operations,Supervisor,271,2015-01-22,82668.55
1741,Employee 01741,Procurement,Coordinator,21,2016-03-09,143433.05
1742,Employee 01742,Finance,Coordinator,377,2018-11-24,80185.33
1743,Employee 01743,Sales,Coordinator,791,2017-06-04,152355.38
1744,Employee 01744,Logistics,Coordinator,918,2015-02-22,166787.9
1745,Employee 01745,Procurement,Manager,764,2023-04-04,120626.45
1746,Employee 01746,Operations,Associate,699,2016-06-30,77720.66
1747,Employee 01747,Logistics,Coordinator,423,2017-01-03,71273.01
1748,Employee 01748,Procurement,Supervisor,722,2021-09-03,127337.84
1749,Employee 01749,Finance,Supervisor,626,2020-12-12,124983.32
1750,Employee 01750,Operations,Manager,938,2018-09-06,52425.38
1751,Employee 01751,Sales,Associate,728,2022-01-01,96791.57
1752,Employee 01752,Operations,Executive,561,2020-05-16,74891.53
1753,Employee 01753,Procurement,Coordinator,968,2020-12-08,137772.37
1754,Employee 01754,Logistics,Coordinator,576,2021-03-25,38872.61
1755,Employee 01755,Sales,Analyst,873,2022-01-02,139190.42
1756,Employee 01756,Procurement,Coordinator,355,2023-10-28,173364.61
1757,Employee 01757,Warehouse,Coordinator,108,2023-09-30,132820.19
1758,Employee 01758,Sales,Executive,601,2021-01-26,115524.99
1759,Employee 01759,Finance,Associate,368,2019-07-25,66667.75
1760,Employee 01760,Sales,Executive,332,2023-10-21,155823.39
1761,Employee 01761,Warehouse,Analyst,545,2017-05-02,47005.5
1762,Employee 01762,Finance,Executive,440,2021-12-10,141256.62
1763,Employee 01763,Finance,Executive,269,2024-02-21,95752.49
1764,Employee 01764,Procurement,Associate,700,2018-05-10,149879.15
1765,Employee 01765,Finance,Analyst,757,2018-04-22,56490.85
1766,Employee 01766,Procurement,Manager,384,2022-09-06,41384.75
1767,Employee 01767,Warehouse,Supervisor,835,2018-05-05,139237.2
1768,Employee 01768,Finance,Supervisor,648,2018-07-29,172480.25
1769,Employee 01769,Operations,Associate,972,2016-02-04,122172.54
1770,Employee 01770,Logistics,Supervisor,193,2015-07-14,20782.7
1771,Employee 01771,,Associate,518,2019-01-17,31536.99
1772,Employee 01772,Operations,Manager,611,2020-07-25,93103.21
1773,Employee 01773,Finance,Associate,26,2022-10-23,55436.45
1774,Employee 01774,Operations,Executive,401,2017-03-16,95817.14
1775,Employee 01775,Sales,Associate,626,2019-04-23,59277.84
1776,Employee 01776,Finance,Executive,303,2022-01-01,41214.92
1777,Employee 01777,Warehouse,Supervisor,880,2017-05-04,119449.2
1778,Employee 01778,Operations,Coordinator,483,2019-03-15,152155.19
1779,Employee 01779,Sales,Manager,305,2018-01-15,81792.76
1780,Employee 01780,Sales,Manager,149,2016-05-02,53941.31
1781,Employee 01781,,Associate,944,2021-05-19,141688.59
1782,Employee 01782,Finance,Manager,546,2021-12-26,22909.55
1783,Employee 01783,Sales,Supervisor,742,2018-08-25,139891.39
1784,Employee 01784,Warehouse,Analyst,34,2019-05-11,96596.92
1785,Employee 01785,Warehouse,Supervisor,634,2017-08-31,134704.7
1786,Employee 01786,Finance,Coordinator,978,2023-06-12,59400.26
1787,Employee 01787,Operations,Manager,843,2015-05-18,173911.02
1788,Employee 01788,Warehouse,Coordinator,149,2020-11-28,159354.78
1789,Employee 01789,Warehouse,Executive,646,2019-02-06,41108.64
1790,Employee 01790,Finance,Manager,1000,2023-12-28,161735.7
1791,Employee 01791,Finance,Analyst,934,2016-04-21,82290.39
1792,Employee 01792,Sales,Coordinator,552,2018-02-27,155250.43
1793,Employee 01793,Sales,Coordinator,641,2019-08-14,114773.91
1794,Employee 01794,Sales,Executive,577,2023-11-26,99054.45
1795,Employee 01795,Finance,Executive,633,2022-02-22,159814.69
1796,Employee 01796,Procurement,Manager,556,2023-11-06,47856.26
1797,Employee 01797,Sales,Coordinator,196,2015-02-11,134521.35
1798,Employee 01798,Sales,Associate,864,2021-10-24,89903.67
1799,Employee 01799,Sales,Analyst,107,2015-04-29,159545.31
1800,Employee 01800,Finance,Analyst,433,2023-11-17,97194.17
1801,Employee 01801,Operations,Coordinator,572,2019-07-11,115518.09
1802,Employee 01802,Operations,Analyst,805,2018-03-08,34264.27
1803,Employee 01803,Procurement,Supervisor,466,2023-05-30,21004.04
1804,Employee 01804,Sales,Manager,985,2017-04-09,130484.43
1805,Employee 01805,Operations,Manager,922,2022-04-23,53262.04
1806,Employee 01806,Logistics,Executive,597,2015-01-01,147443.6
1807,Employee 01807,,Manager,927,2018-02-15,62844.44
1808,Employee 01808,Logistics,Supervisor,594,2017-03-23,82493.12
1809,Employee 01809,Operations,Supervisor,34,2024-06-11,24165.9
1810,Employee 01810,Warehouse,Manager,301,2021-06-14,83936.28
1811,Employee 01811,Logistics,Analyst,423,2023-11-04,31222.47
1812,Employee 01812,Logistics,Associate,686,2023-05-04,155433.92
1813,Employee 01813,Warehouse,Manager,64,2018-09-15,115750.13
1814,Employee 01814,Warehouse,Analyst,555,2015-08-06,119033.51
1815,Employee 01815,Operations,Manager,247,2018-03-29,68933.16
1816,Employee 01816,Logistics,Executive,873,2023-11-09,96607.99
1817,Employee 01817,Warehouse,Associate,229,2020-01-28,158126.6
1818,Employee 01818,Sales,Analyst,147,2019-02-22,160873.74
1819,Employee 01819,Procurement,Manager,115,2016-06-03,64446.19
1820,Employee 01820,Sales,Coordinator,634,2017-10-01,18328.74
1821,Employee 01821,Warehouse,Supervisor,357,2022-07-18,48260.14
1822,Employee 01822,Logistics,Executive,241,2016-02-18,120217.7
1823,Employee 01823,Procurement,Manager,970,2017-02-17,163620.21
1824,Employee 01824,Operations,Analyst,198,2023-06-08,171352.54
1825,Employee 01825,Finance,Supervisor,56,2017-01-26,144031.44
1826,Employee 01826,Procurement,Executive,664,2015-04-04,51092.28
1827,Employee 01827,Procurement,Associate,396,2020-06-10,73140.17
1828,Employee 01828,Warehouse,Executive,673,2019-08-18,132754.22
1829,Employee 01829,Finance,Supervisor,768,2016-12-06,142508.8
1830,Employee 01830,Logistics,Executive,842,2018-10-16,150797.76
1831,Employee 01831,Finance,Analyst,952,2022-02-18,70284.99
1832,Employee 01832,Finance,Executive,568,2019-07-18,150125.92
1833,Employee 01833,Logistics,Executive,400,2019-06-05,103985.78
1834,Employee 01834,Operations,Executive,293,2018-10-02,127507.45
1835,Employee 01835,Operations,Associate,446,2015-07-03,92035.54
1836,Employee 01836,Finance,Supervisor,186,2023-10-19,-10000.0
1837,Employee 01837,Procurement,Manager,387,2015-05-10,118815.41
1838,Employee 01838,Sales,Analyst,808,2023-07-07,169441.73
1839,Employee 01839,Warehouse,Supervisor,560,2023-01-02,126695.97
1840,Employee 01840,Operations,Analyst,900,2020-07-20,105846.13
1841,Employee 01841,Operations,Supervisor,356,2019-10-25,89193.4
1842,Employee 01842,Operations,Supervisor,127,2023-04-04,159425.29
1843,Employee 01843,Warehouse,Associate,406,2018-01-01,172281.92
1844,Employee 01844,Procurement,Coordinator,736,2022-01-17,84978.72
1845,Employee 01845,Operations,Associate,193,2015-02-06,57442.52
1846,Employee 01846,Warehouse,Coordinator,777,2018-02-24,50875.68
1847,Employee 01847,Procurement,Executive,353,2016-03-23,179489.24
1848,Employee 01848,Finance,Analyst,251,2015-04-26,18282.41
1849,Employee 01849,Logistics,Manager,54,2017-05-13,126299.47
1850,Employee 01850,,Manager,709,2019-09-14,97258.37
1851,Employee 01851,Sales,Supervisor,157,2021-09-26,164158.73
1852,Employee 01852,Sales,Manager,179,2021-10-07,63134.09
1853,Employee 01853,Logistics ,Coordinator,909,2021-12-01,99110.28
1854,Employee 01854,Finance,Coordinator,511,2018-11-21,50392.19
1855,Employee 01855,Warehouse,Executive,657,2019-04-07,101653.69
1856,Employee 01856,Warehouse,Associate,712,2019-06-18,87037.67
1857,Employee 01857,Sales,Supervisor,176,2018-11-13,152411.98
1858,Employee 01858,Finance,Supervisor,543,2016-02-29,144171.24
1859,Employee 01859,Warehouse,Associate,494,2022-10-07,124072.85
1860,Employee 01860,Sales,Supervisor,137,2016-04-28,81608.06
1861,Employee 01861,Logistics,Analyst,290,2016-05-29,96608.61
1862,Employee 01862,Finance,Associate,502,2017-03-03,164323.67
1863,Employee 01863,Sales,Associate,798,2023-08-20,30297.41
1864,Employee 01864,Finance,Supervisor,174,2019-04-26,41176.57
1865,Employee 01865,Warehouse,Analyst,823,2023-05-31,138488.67
1866,Employee 01866,Logistics,Analyst,466,2015-01-14,150904.7
1867,Employee 01867,Warehouse,Executive,179,2015-08-20,80375.14
1868,Employee 01868,Warehouse,Supervisor,251,2019-05-20,39362.85
1869,Employee 01869,Sales,Associate,333,2018-02-14,53410.96
1870,Employee 01870,Finance,Analyst,883,2017-04-15,87098.08
1871,Employee 01871,Operations,Manager,725,2018-12-17,124165.6
1872,Employee 01872,Sales,Coordinator,53,2015-07-17,75771.1
1873,Employee 01873,Sales,Coordinator,379,2022-01-31,128702.24
1874,Employee 01874,Warehouse,Supervisor,802,2015-12-06,42294.99
1875,Employee 01875,Operations,Analyst,571,2015-11-03,100503.84
1876,Employee 01876,Logistics,Executive,29,2023-09-03,117721.75
1877,Employee 01877,Finance,Analyst,549,2019-05-06,97217.7
1878,Employee 01878,Sales,Supervisor,893,2021-09-12,111548.1
1879,Employee 01879,Operations,Executive,102,2018-11-11,166388.8
1880,Employee 01880,Procurement,Executive,311,2017-04-28,83005.54
1881,Employee 01881,Procurement,Coordinator,737,2021-08-31,128987.42
1882,Employee 01882,Finance,Analyst,487,2023-07-14,95382.52
1883,Employee 01883,Finance,Manager,727,2015-03-13,96051.14
1884,Employee 01884,Warehouse,Supervisor,115,2019-03-02,25147.7
1885,Employee 01885,Operations,Executive,611,2017-09-17,114119.87
1886,Employee 01886,Operations,Associate,252,2022-06-19,161787.39
1887,Employee 01887,Operations,Associate,156,2017-01-20,56333.2
1888,Employee 01888,Operations,Associate,487,2016-02-26,104176.93
1889,Employee 01889,Operations,Analyst,180,2022-12-19,144495.92
1890,Employee 01890,Warehouse,Supervisor,87,2019-12-22,119344.17
1891,Employee 01891,Finance,Analyst,35,2016-09-15,60220.21
1892,Employee 01892,Procurement,Executive,241,2024-07-16,85429.05
1893,Employee 01893,Finance,Supervisor,998,2019-07-11,133401.19
1894,Employee 01894,Warehouse,Coordinator,905,2023-07-07,78575.01
1895,Employee 01895,Procurement,Executive,682,2021-06-04,165547.96
1896,Employee 01896,Operations,Executive,832,2015-10-13,115463.27
1897,Employee 01897,Sales,Supervisor,982,2023-12-10,163790.92
1898,Employee 01898,Finance,Associate,1,2020-10-22,87947.51
1899,Employee 01899,Procurement,Supervisor,1,2023-03-10,23641.87
1900,Employee 01900,Procurement,Manager,587,2022-02-12,140458.77
1901,Employee 01901,Procurement,Associate,914,2021-06-09,67584.7
1902,Employee 01902,Warehouse,Associate,605,2017-11-21,97528.82
1903,Employee 01903,Operations,Supervisor,187,2021-04-09,84716.27
1904,Employee 01904,Finance,Coordinator,36,2023-01-26,139951.16
1905,Employee 01905,Procurement,Associate,564,2015-11-17,120912.94
1906,Employee 01906,Warehouse,Coordinator,568,2019-01-30,168174.02
1907,Employee 01907,Warehouse,Manager,427,2020-10-07,55250.0
1908,Employee 01908,Warehouse,Manager,398,2024-04-21,68267.79
1909,Employee 01909,Finance ,Supervisor,813,2021-06-02,144370.03
1910,Employee 01910,Sales,Coordinator,368,2018-09-10,113511.77
1911,Employee 01911,Sales,Coordinator,449,2018-10-04,68054.44
1912,Employee 01912,Sales,Supervisor,368,2016-12-16,138470.51
1913,Employee 01913,Warehouse,Coordinator,523,2018-07-21,55297.62
1914,Employee 01914,Operations,Associate,211,2021-05-23,153391.92
1915,Employee 01915,Warehouse,Analyst,708,2019-09-01,148826.83
1916,Employee 01916,Warehouse,Coordinator,509,2023-01-12,39090.25
1917,Employee 01917,Operations,Manager,19,2022-01-16,114831.91
1918,Employee 01918,Finance,Associate,36,2015-09-08,53952.98
1919,Employee 01919,Warehouse,Manager,949,2022-06-02,20268.01
1920,Employee 01920,Sales,Analyst,757,2018-01-11,40919.93
1921,Employee 01921,Procurement,Manager,40,2023-05-28,158899.31
1922,Employee 01922,Finance,Coordinator,331,2022-12-25,90762.82
1923,Employee 01923,Warehouse,Manager,422,2020-05-27,70530.58
1924,Employee 01924,Procurement,Analyst,844,2019-08-18,100474.39
1925,Employee 01925,Operations,Manager,835,2021-07-14,152782.42
1926,Employee 01926,Procurement,Associate,973,2019-01-09,18446.82
1927,Employee 01927,Procurement,Analyst,809,2019-03-25,70296.23
1928,Employee 01928,Procurement,Associate,699,2022-05-14,37193.22
1929,Employee 01929,Procurement,Manager,89,2015-09-01,80086.81
1930,Employee 01930,Sales,Supervisor,362,2019-12-29,152791.2
1931,Employee 01931,Logistics,Analyst,6,2020-10-06,55133.23
1932,Employee 01932,Procurement,Coordinator,333,2019-01-29,140878.05
1933,Employee 01933,Procurement ,Supervisor,551,2018-04-09,116570.5
1934,Employee 01934,Finance,Analyst,801,2021-12-07,66743.55
1935,Employee 01935,Operations,Associate,80,2021-06-20,139858.32
1936,Employee 01936,Sales,Manager,534,2020-06-27,176230.31
1937,Employee 01937,Operations,Executive,110,2019-05-01,26709.88
1938,Employee 01938,Operations,Manager,485,2016-05-16,48207.38
1939,Employee 01939,Operations,Manager,869,2016-04-15,29952.55
1940,Employee 01940,Procurement,Coordinator,897,2019-10-26,130347.21
1941,Employee 01941,Operations,Manager,386,2017-09-07,173105.88
1942,Employee 01942,Warehouse,Supervisor,144,2020-12-03,39888.57
1943,Employee 01943,Operations,Coordinator,368,2020-06-18,86695.17
1944,Employee 01944,Logistics,Executive,730,2019-04-23,45625.31
1945,Employee 01945,Warehouse,Manager,67,2015-07-13,21286.37
1946,Employee 01946,Sales,Executive,300,2020-07-24,126702.31
1947,Employee 01947,Operations,Manager,25,2018-01-21,133212.79
1948,Employee 01948,Operations,Executive,159,2015-05-09,152223.26
1949,Employee 01949,Procurement,Supervisor,447,2017-05-26,57863.42
1950,Employee 01950,Operations ,Analyst,642,2019-03-16,31962.24
1951,Employee 01951,Procurement,Associate,675,2022-04-08,121500.98
1952,Employee 01952,Sales,Supervisor,921,2015-08-01,92540.8
1953,Employee 01953,Finance,Executive,861,2022-10-15,36448.7
1954,Employee 01954,Sales,Analyst,673,2024-02-28,100841.12
1955,Employee 01955,Warehouse,Coordinator,195,2019-09-28,169492.33
1956,Employee 01956,Procurement,Coordinator,344,2017-07-16,145349.3
1957,Employee 01957,Logistics,Coordinator,299,2023-07-13,110878.21
1958,Employee 01958,Sales,Coordinator,312,2017-07-14,152239.09
1959,Employee 01959,Warehouse,Associate,143,2018-07-01,160576.9
1960,Employee 01960,Procurement,Analyst,188,2019-12-19,171746.16
1961,Employee 01961,Procurement,Coordinator,782,2020-08-25,87593.38
1962,Employee 01962,Warehouse,Executive,395,2023-01-01,67747.92
1963,Employee 01963,Procurement,Supervisor,760,2022-11-16,44453.93
1964,Employee 01964,Operations,Coordinator,486,2020-11-01,51659.89
1965,Employee 01965,Procurement,Associate,934,2015-09-20,122140.56
1966,Employee 01966,Operations,Associate,698,2021-01-26,178824.69
1967,Employee 01967,Logistics,Supervisor,222,2021-05-11,103890.05
1968,Employee 01968,Sales,Coordinator,113,2024-02-05,98748.2
1969,Employee 01969,Operations,Associate,171,2018-04-05,178678.4
1970,Employee 01970,Procurement,Executive,613,2021-10-11,102565.02
1971,Employee 01971,Procurement,Analyst,465,2024-05-29,89661.93
1972,Employee 01972,Finance,Analyst,118,2016-08-27,84628.4
1973,Employee 01973,Operations,Associate,558,2023-12-07,65768.48
1974,Employee 01974,Logistics,Manager,933,2015-10-20,154688.88
1975,Employee 01975,Sales,Supervisor,6,2019-10-08,28810.38
1976,Employee 01976,Sales,Manager,101,2017-06-17,-10000.0
1977,Employee 01977,Warehouse,Supervisor,680,2017-06-26,169238.65
1978,Employee 01978,Finance,Coordinator,196,2016-05-03,68263.5
1979,Employee 01979,Warehouse,Executive,197,2019-08-14,163112.2
1980,Employee 01980,Sales,Coordinator,467,2019-11-13,140015.51
1981,Employee 01981,Finance,Supervisor,38,2023-05-03,160758.22
1982,Employee 01982,Sales,Supervisor,371,2015-11-10,110146.74
1983,Employee 01983,Finance,Coordinator,620,2020-09-25,25890.52
1984,Employee 01984,Logistics,Analyst,33,2015-05-28,174460.66
1985,Employee 01985,Warehouse,Associate,735,2016-12-21,21455.78
1986,Employee 01986,,Executive,781,2023-09-04,133804.01
1987,Employee 01987,Operations,Supervisor,34,2023-01-28,75981.68
1988,Employee 01988,Sales,Associate,544,2015-04-25,86579.55
1989,Employee 01989,Procurement,Associate,625,2023-05-19,72440.28
1990,Employee 01990,Warehouse,Analyst,465,2016-03-19,47601.58
1991,Employee 01991,Sales,Executive,845,2021-06-17,63117.89
1992,Employee 01992,Operations,Coordinator,179,2015-03-12,40648.1
1993,Employee 01993,Operations,Analyst,134,2019-06-07,27500.11
1994,Employee 01994,Warehouse,Associate,517,2015-09-19,89163.2
1995,Employee 01995,Procurement,Manager,45,2015-04-06,117638.27
1996,Employee 01996,Logistics,Manager,374,2016-10-30,120703.19
1997,Employee 01997,logistics,Analyst,349,2016-11-12,38030.94
1998,Employee 01998,Operations,Analyst,326,2021-05-12,161659.02
1999,Employee 01999,Sales,Analyst,812,2024-03-02,91203.88
2000,Employee 02000,Procurement,Manager,821,2021-09-04,157968.13
2001,Employee 02001,Sales,Associate,474,2016-11-03,101877.31
2002,Employee 02002,Procurement,Manager,967,2022-06-16,63264.45
2003,Employee 02003,Logistics,Executive,651,2018-02-03,86787.72
2004,Employee 02004,Warehouse,Manager,553,2016-06-23,26157.68
2005,Employee 02005,Procurement,Manager,868,2020-08-22,66734.49
2006,Employee 02006,Procurement,Supervisor,947,2018-11-13,58532.17
2007,Employee 02007,sales,Executive,908,2022-02-20,169086.55
2008,Employee 02008,Logistics,Analyst,607,2023-11-26,46980.46
2009,Employee 02009,Warehouse,Manager,161,2024-02-17,119904.28
2010,Employee 02010,Sales,Analyst,531,2024-05-11,100876.85
2011,Employee 02011,Finance,Manager,997,2015-05-14,172174.88
2012,Employee 02012,Operations,Executive,753,2018-03-09,149970.73
2013,Employee 02013,Logistics,Coordinator,104,2019-06-21,18535.05
2014,Employee 02014,Logistics,Coordinator,663,2022-04-25,174789.86
2015,Employee 02015,Logistics,Supervisor,618,2023-03-30,90765.65
2016,Employee 02016,Procurement,Coordinator,821,2015-04-25,124430.89
2017,Employee 02017,Warehouse,Executive,548,2016-05-18,118188.25
2018,Employee 02018,Logistics,Executive,427,2019-07-01,43603.42
2019,Employee 02019,Procurement,Supervisor,856,2016-05-10,127387.47
2020,Employee 02020,Warehouse,Manager,912,2017-05-07,93357.74
2021,Employee 02021,Operations,Supervisor,505,2021-09-22,19484.45
2022,Employee 02022,Operations,Supervisor,197,2019-08-07,118122.52
2023,Employee 02023,Sales,Associate,962,2016-06-24,70366.92
2024,Employee 02024,Logistics,Analyst,867,2023-06-14,116933.69
2025,Employee 02025,Operations,Manager,700,2017-06-29,51424.97
2026,Employee 02026,Warehouse,Supervisor,9,2019-09-30,48262.55
2027,Employee 02027,Operations,Executive,674,2023-03-14,118268.77
2028,Employee 02028,Sales,Analyst,605,2017-01-30,62525.87
2029,Employee 02029,Sales,Associate,416,2020-03-28,35200.29
2030,Employee 02030,Warehouse,Analyst,685,2018-05-18,65275.12
2031,Employee 02031,Operations,Coordinator,935,2018-03-03,29890.98
2032,Employee 02032,Sales,Analyst,350,2015-11-27,34313.7
2033,Employee 02033,Finance,Manager,169,2017-01-30,128642.1
2034,Employee 02034,Finance,Supervisor,327,2018-05-09,101215.51
2035,Employee 02035,Logistics,Manager,240,2015-01-07,93577.66
2036,Employee 02036,Warehouse,Analyst,669,2021-05-06,56988.8
2037,Employee 02037,Warehouse,Executive,124,2015-09-11,117055.99
2038,Employee 02038,Finance,Associate,450,2019-09-28,116353.9
2039,Employee 02039,Operations,Executive,412,2018-04-16,18237.08
2040,Employee 02040,Warehouse,Manager,221,2018-09-17,131947.43
2041,Employee 02041,procurement,Manager,914,2020-01-08,136240.56
2042,Employee 02042,Finance,Supervisor,384,2023-07-20,101567.81
2043,Employee 02043,Operations,Analyst,853,2019-08-22,80387.25
2044,Employee 02044,Procurement,Coordinator,576,2016-11-19,167536.54
2045,Employee 02045,Procurement,Associate,601,2019-05-11,23836.85
2046,Employee 02046,Procurement,Analyst,160,2015-02-21,31430.85
2047,Employee 02047,Operations,Analyst,942,2023-08-03,54872.37
2048,Employee 02048,Procurement,Coordinator,278,2017-07-06,124239.31
2049,Employee 02049,Operations,Associate,752,2023-10-29,54660.77
2050,Employee 02050,Operations,Supervisor,454,2018-03-27,107328.64
2051,Employee 02051,Warehouse,Coordinator,135,2020-12-12,119578.47
2052,Employee 02052,Warehouse,Associate,750,2023-09-28,163048.77
2053,Employee 02053,Sales,Associate,45,2020-05-24,114432.8
2054,Employee 02054,Procurement,Coordinator,166,2020-10-22,41025.68
2055,Employee 02055,,Executive,540,2017-04-08,155762.09
2056,Employee 02056,Finance,Manager,186,2016-06-26,71563.87
2057,Employee 02057,Sales,Executive,326,2024-02-06,27279.05
2058,Employee 02058,Warehouse,Associate,446,2021-05-21,66717.1
2059,Employee 02059,Finance,Manager,99,2019-04-25,118899.76
2060,Employee 02060,Logistics,Executive,983,2022-12-06,170750.96
2061,Employee 02061,Operations,Analyst,536,2015-05-12,126263.32
2062,Employee 02062,Finance,Associate,911,2017-05-07,19085.61
2063,Employee 02063,Procurement,Executive,110,2020-10-03,39306.28
2064,Employee 02064,Warehouse,Coordinator,711,2021-05-12,72375.25
2065,Employee 02065,Procurement,Associate,661,2024-02-24,152846.97
2066,Employee 02066,Sales,Coordinator,20,2016-11-08,141593.5
2067,Employee 02067,Warehouse,Coordinator,519,2020-08-02,116807.73
2068,Employee 02068,Sales,Analyst,364,2023-07-26,141218.81
2069,Employee 02069,Procurement,Coordinator,337,2021-12-29,93356.87
2070,Employee 02070,Sales,Associate,28,2018-03-16,126322.15
2071,Employee 02071,Warehouse,Analyst,230,2015-06-18,53634.85
2072,Employee 02072,Warehouse,Executive,770,2019-08-23,107730.96
2073,Employee 02073,Procurement,Analyst,263,2021-08-15,177558.89
2074,Employee 02074,Warehouse,Manager,804,2024-04-29,38631.36
2075,Employee 02075,Sales,Manager,88,2019-11-02,50667.59
2076,Employee 02076,Procurement,Executive,807,2019-03-02,162985.35
2077,Employee 02077,Finance,Manager,732,2021-01-14,96202.71
2078,Employee 02078,Sales,Analyst,296,2023-10-01,98236.53
2079,Employee 02079,Procurement,Analyst,908,2024-03-18,135987.35
2080,Employee 02080,Operations,Analyst,880,2021-02-11,38589.14
2081,Employee 02081,Logistics,Supervisor,70,2018-04-09,106157.79
2082,Employee 02082,Logistics,Executive,385,2023-09-01,177570.67
2083,Employee 02083,Finance,Executive,903,2019-04-30,51856.6
2084,Employee 02084,Operations,Supervisor,715,2016-02-10,82663.19
2085,Employee 02085,Operations,Manager,537,2018-04-14,79683.7
2086,Employee 02086,Operations,Manager,209,2023-04-04,59600.4
2087,Employee 02087,Operations,Coordinator,256,2018-02-23,65088.8
2088,Employee 02088,Warehouse,Analyst,385,2018-12-30,138137.43
2089,Employee 02089,Procurement,Coordinator,22,2017-03-20,93147.55
2090,Employee 02090,Procurement,Manager,760,2020-10-01,152031.01
2091,Employee 02091,Operations,Supervisor,678,2022-06-15,70992.97
2092,Employee 02092,Finance,Coordinator,885,2021-12-05,42262.59
2093,Employee 02093,Procurement,Analyst,692,2022-10-11,145731.66
2094,Employee 02094,Finance,Manager,709,2016-04-14,143023.91
2095,Employee 02095,Operations,Executive,713,2018-01-26,92022.12
2096,Employee 02096,Operations,Supervisor,652,2021-07-18,78349.15
2097,Employee 02097,Finance,Executive,752,2016-09-06,79772.19
2098,Employee 02098,Operations,Manager,348,2021-10-13,31195.61
2099,Employee 02099,Logistics,Supervisor,488,2015-06-28,122183.59
2100,Employee 02100,Sales,Associate,128,2020-12-28,157984.34
2101,Employee 02101,Procurement ,Supervisor,143,2022-06-05,164635.69
2102,Employee 02102,Logistics,Manager,15,2021-12-07,173988.5
2103,Employee 02103,Logistics,Executive,515,2022-11-12,133764.86
2104,Employee 02104,Procurement,Supervisor,933,2022-08-28,115027.25
2105,Employee 02105,Finance,Executive,234,2015-02-11,162881.62
2106,Employee 02106,Warehouse,Manager,5,2015-01-28,139895.5
2107,Employee 02107,Warehouse,Coordinator,331,2023-08-29,134197.14
2108,Employee 02108,Sales,Manager,395,2015-07-23,19404.91
2109,Employee 02109,Logistics,Executive,972,2018-03-10,20925.49
2110,Employee 02110,Warehouse,Coordinator,612,2016-06-06,40679.72
2111,Employee 02111,Operations,Coordinator,105,2017-01-12,70186.66
2112,Employee 02112,Sales,Analyst,739,2018-03-23,61939.96
2113,Employee 02113,Warehouse,Supervisor,75,2017-04-14,92671.08
2114,Employee 02114,Logistics,Associate,766,2017-01-26,51143.89
2115,Employee 02115,Logistics,Coordinator,876,2017-11-03,31769.69
2116,Employee 02116,Procurement,Analyst,810,2015-10-07,112539.56
2117,Employee 02117,Logistics,Supervisor,489,2022-05-30,87937.1
2118,Employee 02118,Procurement,Analyst,180,2017-02-06,75208.31
2119,Employee 02119,Procurement,Coordinator,8,2020-04-20,113564.86
2120,Employee 02120,Logistics,Analyst,345,2018-06-03,37108.45
2121,Employee 02121,Procurement,Executive,365,2023-06-27,119150.0
2122,Employee 02122,Procurement,Supervisor,642,2019-10-08,169175.34
2123,Employee 02123,Logistics,Associate,606,2024-04-07,169445.32
2124,Employee 02124,Operations,Analyst,694,2016-02-08,46085.22
2125,Employee 02125,Sales,Associate,516,2017-12-27,30174.18
2126,Employee 02126,Finance,Analyst,844,2017-10-02,108086.4
2127,Employee 02127,Operations,Analyst,130,2017-03-18,127122.36
2128,Employee 02128,Warehouse,Manager,127,2022-01-28,48857.86
2129,Employee 02129,Warehouse,Executive,150,2022-09-04,124646.65
2130,Employee 02130,Procurement,Supervisor,220,2022-08-10,0.0
2131,Employee 02131,Finance,Supervisor,519,2024-05-17,107375.5
2132,Employee 02132,Logistics,Supervisor,449,2015-12-09,119066.43
2133,Employee 02133,Operations,Executive,190,2015-01-15,107210.23
2134,Employee 02134,Sales,Coordinator,659,2022-08-28,112393.67
2135,Employee 02135,Operations,Supervisor,315,2018-11-23,43474.29
2136,Employee 02136,Operations,Manager,558,2017-07-25,68573.29
2137,Employee 02137,Sales,Analyst,405,2023-10-22,175899.73
2138,Employee 02138,procurement,Supervisor,267,2023-10-12,24099.55
2139,Employee 02139,Procurement,Executive,102,2015-11-04,179448.29
2140,Employee 02140,Operations,Coordinator,158,2019-06-10,28749.35
2141,Employee 02141,Warehouse,Manager,651,2021-06-23,48332.24
2142,Employee 02142,Operations,Executive,964,2017-01-25,43615.21
2143,Employee 02143,Warehouse,Executive,766,2017-05-14,155155.83
2144,Employee 02144,Finance,Analyst,563,2018-04-11,33006.07
2145,Employee 02145,Sales,Executive,266,2023-08-01,162755.47
2146,Employee 02146,Logistics,Analyst,258,2021-12-21,91478.35
2147,Employee 02147,Finance,Analyst,574,2016-10-07,90370.54
2148,Employee 02148,Procurement,Manager,314,2023-07-24,101895.89
2149,Employee 02149,Sales,Coordinator,799,2018-10-28,120155.37
2150,Employee 02150,Sales,Coordinator,393,2019-10-07,127709.3
2151,Employee 02151,Operations,Executive,91,2021-06-02,40370.1
2152,Employee 02152,Operations,Coordinator,579,2021-06-20,23191.16
2153,Employee 02153,Logistics,Associate,670,2020-07-15,164339.27
2154,Employee 02154,Operations,Supervisor,956,2016-04-19,159875.02
2155,Employee 02155,Procurement,Analyst,468,2017-10-31,87457.32
2156,Employee 02156,Sales,Executive,956,2019-07-24,143325.72
2157,Employee 02157,Logistics,Manager,112,2018-03-03,135664.92
2158,Employee 02158,Procurement,Supervisor,720,2016-05-05,147109.55
2159,Employee 02159,Procurement,Associate,242,2021-08-02,76004.55
2160,Employee 02160,Operations,Associate,984,2024-02-23,176952.64
2161,Employee 02161,Finance,Manager,499,2019-02-15,49615.87
2162,Employee 02162,Warehouse ,Coordinator,202,2020-07-03,128907.0
2163,Employee 02163,Finance,Supervisor,376,2020-05-17,77266.66
2164,Employee 02164,Warehouse,Supervisor,312,2016-07-01,29903.54
2165,Employee 02165,Logistics,Supervisor,811,2022-11-04,122902.47
2166,Employee 02166,Sales,Executive,56,2021-06-06,55935.0
2167,Employee 02167,Finance,Manager,290,2020-07-10,21384.3
2168,Employee 02168,warehouse,Supervisor,443,2016-02-20,84563.15
2169,Employee 02169,Warehouse,Manager,15,2024-06-28,139856.79
2170,Employee 02170,Logistics,Analyst,668,2016-11-26,57596.35
2171,Employee 02171,Procurement,Associate,540,2021-03-08,63939.66
2172,Employee 02172,Logistics,Manager,858,2019-02-22,57890.07
2173,Employee 02173,Logistics,Manager,461,2023-11-15,41339.14
2174,Employee 02174,Warehouse,Executive,659,2019-10-15,24903.47
2175,Employee 02175,Warehouse,Coordinator,6,2020-06-29,59487.4
2176,Employee 02176,Sales,Associate,295,2020-01-14,136631.23
2177,Employee 02177,Sales,Supervisor,587,2015-05-21,131894.99
2178,Employee 02178,Logistics,Supervisor,536,2015-09-25,78723.26
2179,Employee 02179,Procurement,Coordinator,354,2019-02-25,37601.3
2180,Employee 02180,Operations,Supervisor,934,2018-05-16,157725.51
2181,Employee 02181,Procurement,Associate,315,2018-05-09,70535.14
2182,Employee 02182,Logistics,Executive,706,2019-08-26,39711.21
2183,Employee 02183,Procurement,Executive,221,2016-07-20,174875.09
2184,Employee 02184,Finance,Analyst,227,2021-05-12,97424.96
2185,Employee 02185,Finance,Associate,598,2021-11-02,124283.87
2186,Employee 02186,Finance,Analyst,971,2017-06-07,172581.41
2187,Employee 02187,Procurement,Executive,398,2020-02-08,134091.54
2188,Employee 02188,Logistics,Manager,555,2017-07-11,109122.47
2189,Employee 02189,Operations,Coordinator,624,2018-05-16,40125.36
2190,Employee 02190,Operations,Associate,237,2017-03-06,115986.8
2191,Employee 02191,Warehouse,Analyst,189,2023-03-30,34366.05
2192,Employee 02192,Operations,Manager,369,2017-06-05,109184.07
2193,Employee 02193,Procurement,Manager,260,2017-08-09,85267.63
2194,Employee 02194,Finance,Manager,619,2022-06-21,151847.33
2195,Employee 02195,Finance,Executive,921,2018-01-30,175785.01
2196,Employee 02196,Procurement,Coordinator,80,2023-02-27,104554.59
2197,Employee 02197,Warehouse,Associate,344,2020-03-16,117807.43
2198,Employee 02198,Warehouse,Associate,680,2016-10-12,93084.49
2199,Employee 02199,Procurement,Analyst,558,2019-05-28,79448.19
2200,Employee 02200,Sales,Supervisor,535,2020-07-29,122763.24
2201,Employee 02201,Operations,Supervisor,856,2015-07-20,137905.55
2202,Employee 02202,Logistics,Coordinator,602,2022-11-24,69761.2
2203,Employee 02203,Operations,Executive,297,2021-03-25,125033.6
2204,Employee 02204,Finance,Manager,934,2017-01-27,169532.05
2205,Employee 02205,Operations,Associate,569,2017-07-27,97199.88
2206,Employee 02206,Operations,Coordinator,76,2019-06-26,120470.62
2207,Employee 02207,Logistics,Coordinator,848,2018-10-16,79069.05
2208,Employee 02208,Operations,Associate,746,2017-08-10,117447.9
2209,Employee 02209,Finance,Associate,702,2022-06-01,104087.32
2210,Employee 02210,Procurement,Associate,186,2016-03-07,33143.79
2211,Employee 02211,Finance,Executive,665,2021-11-20,131877.59
2212,Employee 02212,Procurement,Supervisor,71,2023-02-19,145536.91
2213,Employee 02213,Procurement,Executive,356,2015-03-27,117166.49
2214,Employee 02214,Sales,Executive,190,2016-12-07,63976.05
2215,Employee 02215,Procurement,Manager,342,2023-06-08,37883.05
2216,Employee 02216,Sales,Manager,326,2018-06-24,48948.99
2217,Employee 02217,Finance,Analyst,430,2022-01-09,47838.63
2218,Employee 02218,Operations,Analyst,703,2020-06-12,103024.09
2219,Employee 02219,Warehouse,Coordinator,877,2023-03-15,41597.51
2220,Employee 02220,Procurement,Supervisor,543,2020-08-06,136940.28
2221,Employee 02221,Procurement,Analyst,118,2021-09-05,179062.32
2222,Employee 02222,Operations,Analyst,975,2020-11-16,68942.41
2223,Employee 02223,Procurement,Executive,973,2018-08-20,108119.16
2224,Employee 02224,Operations ,Manager,57,2022-12-07,42590.25
2225,Employee 02225,Procurement,Coordinator,871,2018-12-12,51037.53
2226,Employee 02226,Sales,Manager,259,2024-01-22,89528.73
2227,Employee 02227,Warehouse,Associate,263,2020-07-21,40878.8
2228,Employee 02228,Warehouse,Manager,121,2020-10-19,60087.9
2229,Employee 02229,Warehouse,Manager,904,2023-03-07,148274.42
2230,Employee 02230,Procurement,Supervisor,595,2022-11-23,168469.29
2231,Employee 02231,Warehouse,Executive,828,2022-03-12,95766.93
2232,Employee 02232,Finance,Associate,986,2022-11-10,152675.87
2233,Employee 02233,Finance,Coordinator,852,2020-09-10,88388.7
2234,Employee 02234,Sales,Analyst,117,2015-08-25,20871.01
2235,Employee 02235,Operations,Coordinator,391,2018-06-22,32498.22
2236,Employee 02236,Procurement,Supervisor,866,2018-04-19,97751.04
2237,Employee 02237,Sales,Executive,618,2018-09-09,78784.75
2238,Employee 02238,Procurement,Executive,647,2018-08-28,136302.86
2239,Employee 02239,Logistics,Associate,29,2021-07-16,76028.83
2240,Employee 02240,Procurement,Analyst,963,2021-02-14,179194.28
2241,Employee 02241,Sales,Associate,314,2021-06-23,92518.32
2242,Employee 02242,Finance,Coordinator,616,2024-01-09,119084.95
2243,Employee 02243,Operations,Associate,554,2019-09-06,55064.84
2244,Employee 02244,Procurement,Associate,198,2022-12-15,94857.0
2245,Employee 02245,Sales,Executive,859,2019-08-04,97830.5
2246,Employee 02246,Operations,Manager,958,2016-02-06,30077.92
2247,Employee 02247,Warehouse,Analyst,399,2024-03-25,28496.65
2248,Employee 02248,Logistics,Analyst,895,2019-12-06,45780.32
2249,Employee 02249,Logistics,Executive,89,2020-11-15,117820.94
2250,Employee 02250,Logistics,Supervisor,150,2018-05-23,173475.68
2251,Employee 02251,Sales,Executive,314,2018-10-04,105609.03
2252,Employee 02252,Logistics,Coordinator,402,2017-05-18,46462.42
2253,Employee 02253,Finance,Associate,926,2022-03-20,126597.96
2254,Employee 02254,,Supervisor,624,2022-05-09,138854.9
2255,Employee 02255,logistics,Coordinator,345,2020-12-09,40200.23
2256,Employee 02256,procurement,Executive,356,2019-07-22,113809.95
2257,Employee 02257,Procurement,Manager,622,2019-08-04,53824.46
2258,Employee 02258,Warehouse,Associate,843,2016-03-21,91931.37
2259,Employee 02259,Procurement,Executive,700,2016-08-12,148402.89
2260,Employee 02260,Procurement,Associate,866,2020-09-26,22961.66
2261,Employee 02261,Procurement,Coordinator,135,2018-01-05,92470.88
2262,Employee 02262,Operations,Executive,370,2020-07-25,84099.43
2263,Employee 02263,Warehouse,Analyst,379,2023-12-17,78204.15
2264,Employee 02264,Operations,Supervisor,387,2023-11-09,156356.18
2265,Employee 02265,Procurement,Supervisor,422,2020-01-01,84772.96
2266,Employee 02266,Procurement,Analyst,172,2022-04-03,128197.88
2267,Employee 02267,Logistics,Associate,295,2018-01-12,152580.67
2268,Employee 02268,Logistics,Associate,974,2019-08-17,72037.65
2269,Employee 02269,Warehouse,Coordinator,951,2020-07-22,74360.19
2270,Employee 02270,Warehouse,Analyst,717,2019-09-24,28420.48
2271,Employee 02271,Sales,Executive,785,2023-12-13,56103.89
2272,Employee 02272,Finance,Analyst,125,2021-07-16,44343.82
2273,Employee 02273,Logistics,Supervisor,781,2015-12-26,79772.23
2274,Employee 02274,Logistics,Analyst,598,2022-02-06,162804.33
2275,Employee 02275,Logistics,Manager,205,2021-04-01,53429.19
2276,Employee 02276,Procurement,Analyst,110,2023-05-02,90632.85
2277,Employee 02277,Warehouse,Associate,664,2015-01-21,100168.14
2278,Employee 02278,Finance,Analyst,6,2020-07-27,173184.26
2279,Employee 02279,Logistics,Manager,694,2021-07-14,152551.7
2280,Employee 02280,Logistics,Analyst,117,2023-02-07,115981.25
2281,Employee 02281,Sales,Manager,232,2022-08-28,52221.5
2282,Employee 02282,Finance,Supervisor,559,2022-08-13,129852.11
2283,Employee 02283,Procurement,Supervisor,976,2017-11-25,37088.75
2284,Employee 02284,Procurement,Executive,928,2018-05-19,56415.71
2285,Employee 02285,Logistics,Coordinator,614,2024-03-28,145240.61
2286,Employee 02286,Operations,Coordinator,953,2019-06-04,116559.44
2287,Employee 02287,Operations,Associate,508,2023-06-05,22116.39
2288,Employee 02288,Procurement,Supervisor,443,2020-06-08,115649.24
2289,Employee 02289,Procurement,Manager,466,2023-11-11,146879.2
2290,Employee 02290,Finance,Analyst,728,2024-06-13,36674.11
2291,Employee 02291,Sales,Executive,616,2020-03-13,147384.95
2292,Employee 02292,Sales,Executive,947,2021-03-31,96137.65
2293,Employee 02293,Procurement,Analyst,483,2024-02-21,172693.73
2294,Employee 02294,Finance,Executive,84,2017-01-28,149393.71
2295,Employee 02295,Sales,Coordinator,860,2015-11-19,105952.88
2296,Employee 02296,Procurement,Analyst,23,2015-06-29,40164.07
2297,Employee 02297,Warehouse,Executive,244,2018-07-23,150898.69
2298,Employee 02298,procurement,Analyst,555,2018-02-13,47432.75
2299,Employee 02299,Logistics,Executive,54,2015-03-14,28873.28
2300,Employee 02300,Procurement,Associate,603,2021-02-02,177600.12
2301,Employee 02301,Warehouse,Coordinator,917,2023-12-25,74753.04
2302,Employee 02302,Operations,Associate,434,2017-03-21,106763.83
2303,Employee 02303,Warehouse,Analyst,768,2019-08-08,18356.33
2304,Employee 02304,Warehouse,Associate,780,2022-09-10,33293.65
2305,Employee 02305,Finance,Analyst,619,2022-11-27,70677.35
2306,Employee 02306,Warehouse,Manager,739,2017-05-22,141257.02
2307,Employee 02307,Warehouse,Supervisor,505,2016-12-06,129195.59
2308,Employee 02308,Sales,Coordinator,280,2017-11-06,115185.96
2309,Employee 02309,Warehouse,Associate,503,2021-11-30,175265.74
2310,Employee 02310,Finance,Analyst,230,2018-02-16,90749.93
2311,Employee 02311,sales,Supervisor,88,2021-07-14,42810.59
2312,Employee 02312,Logistics,Supervisor,355,2019-02-28,82858.94
2313,Employee 02313,warehouse,Manager,484,2015-05-06,164163.4
2314,Employee 02314,Finance,Manager,214,2022-07-10,156353.66
2315,Employee 02315,Sales,Supervisor,927,2021-11-18,115949.01
2316,Employee 02316,Sales,Executive,834,2022-09-07,40183.55
2317,Employee 02317,Finance,Manager,843,2016-07-05,29291.24
2318,Employee 02318,Logistics,Coordinator,340,2019-08-03,32474.08
2319,Employee 02319,Procurement,Associate,148,2021-03-17,116332.35
2320,Employee 02320,Sales,Supervisor,503,2019-07-13,174970.94
2321,Employee 02321,Operations,Coordinator,703,2018-06-11,141024.23
2322,Employee 02322,Procurement,Associate,365,2021-09-17,124221.14
2323,Employee 02323,Finance,Associate,394,2024-01-23,41042.07
2324,Employee 02324,Operations,Manager,929,2023-03-20,85376.58
2325,Employee 02325,Finance,Analyst,837,2021-09-16,28789.73
2326,Employee 02326,Logistics,Analyst,985,2022-01-27,60934.54
2327,Employee 02327,Sales,Executive,314,2018-08-31,53816.1
2328,Employee 02328,Operations,Executive,300,2019-05-16,123273.44
2329,Employee 02329,Logistics,Supervisor,122,2016-11-26,32109.56
2330,Employee 02330,Procurement,Manager,980,2019-02-23,101575.88
2331,Employee 02331,Procurement,Coordinator,928,2018-11-28,48935.49
2332,Employee 02332,Warehouse,Supervisor,7,2016-05-21,127116.03
2333,Employee 02333,Sales,Analyst,253,2023-09-24,47709.68
2334,Employee 02334,Sales,Manager,665,2022-07-17,148205.57
2335,Employee 02335,Logistics,Manager,755,2017-09-02,47931.86
2336,Employee 02336,Logistics,Coordinator,789,2016-06-22,114168.76
2337,Employee 02337,Finance,Associate,81,2023-11-05,179079.65
2338,Employee 02338,Logistics,Analyst,691,2022-04-16,0.0
2339,Employee 02339,Procurement,Manager,230,2022-12-09,91001.17
2340,Employee 02340,Warehouse,Analyst,23,2016-02-22,22935.28
2341,Employee 02341,Sales,Associate,662,2015-05-14,0.0
2342,Employee 02342,Logistics,Executive,54,2019-11-22,46277.5
2343,Employee 02343,Warehouse,Coordinator,317,2021-11-14,110891.98
2344,Employee 02344,Warehouse,Analyst,248,2015-02-24,176434.34
2345,Employee 02345,Sales,Manager,70,2019-05-13,147784.1
2346,Employee 02346,Sales,Supervisor,525,2018-02-27,72889.16
2347,Employee 02347,Logistics,Executive,328,2022-01-12,72902.03
2348,Employee 02348,Finance,Manager,274,2022-04-13,174830.02
2349,Employee 02349,Warehouse,Associate,48,2019-10-22,145060.31
2350,Employee 02350,Operations,Supervisor,133,2019-05-15,94467.45
2351,Employee 02351,Warehouse,Associate,317,2024-06-05,89887.87
2352,Employee 02352,Finance,Supervisor,930,2022-11-16,32770.45
2353,Employee 02353,Operations,Executive,479,2021-07-15,39160.44
2354,Employee 02354,Procurement,Supervisor,484,2023-09-18,90719.63
2355,Employee 02355,Logistics,Associate,388,2017-02-13,27951.67
2356,Employee 02356,Procurement,Associate,966,2015-12-12,119085.46
2357,Employee 02357,operations,Supervisor,843,2017-02-07,53653.43
2358,Employee 02358,Sales,Supervisor,928,2023-10-25,166289.65
2359,Employee 02359,Procurement,Analyst,593,2020-04-28,162557.2
2360,Employee 02360,Operations,Coordinator,232,2015-12-31,43526.17
2361,Employee 02361,Sales,Supervisor,350,2022-05-21,28995.99
2362,Employee 02362,Operations,Coordinator,607,2021-12-25,19852.84
2363,Employee 02363,Finance,Analyst,468,2016-07-04,83564.94
2364,Employee 02364,Warehouse,Executive,502,2023-04-14,36720.95
2365,Employee 02365,Warehouse,Executive,683,2020-02-24,83781.24
2366,Employee 02366,Finance,Supervisor,404,2017-01-30,62603.98
2367,Employee 02367,Warehouse,Supervisor,161,2018-05-04,166151.75
2368,Employee 02368,Logistics,Manager,410,2022-09-16,150132.61
2369,Employee 02369,Logistics,Executive,931,2017-02-22,109199.38
2370,Employee 02370,Procurement,Coordinator,353,2022-01-25,57077.37
2371,Employee 02371,Sales,Manager,438,2023-01-21,76609.77
2372,Employee 02372,Warehouse,Coordinator,747,2018-08-30,159268.92
2373,Employee 02373,operations,Analyst,561,2016-12-28,60533.19
2374,Employee 02374,Operations ,Coordinator,352,2020-11-28,29852.82
2375,Employee 02375,Procurement,Associate,183,2018-06-08,158850.13
2376,Employee 02376,Warehouse,Executive,323,2020-07-29,35843.51
2377,Employee 02377,Warehouse,Supervisor,247,2020-10-16,121094.45
2378,Employee 02378,Finance,Analyst,597,2017-07-16,27314.87
2379,Employee 02379,Warehouse,Manager,157,2020-09-25,104555.76
2380,Employee 02380,Finance,Manager,923,2020-07-01,68276.47
2381,Employee 02381,Finance,Associate,868,2015-04-04,42676.36
2382,Employee 02382,Operations,Analyst,919,2021-11-03,109680.47
2383,Employee 02383,Procurement,Associate,958,2016-07-29,133984.31
2384,Employee 02384,Sales,Supervisor,548,2021-02-04,161081.4
2385,Employee 02385,Logistics,Analyst,734,2018-12-01,53007.83
2386,Employee 02386,Finance,Supervisor,138,2017-08-04,85100.42
2387,Employee 02387,Logistics,Coordinator,647,2015-11-28,164290.98
2388,Employee 02388,Logistics,Coordinator,19,2023-12-30,63740.71
2389,Employee 02389,Logistics,Executive,308,2022-03-26,118873.93
2390,Employee 02390,Logistics,Manager,890,2017-08-11,91635.91
2391,Employee 02391,Finance,Manager,17,2024-05-12,149766.94
2392,Employee 02392,Operations,Analyst,845,2017-11-03,88531.25
2393,Employee 02393,Procurement,Analyst,516,2023-11-11,175114.85
2394,Employee 02394,Logistics,Associate,998,2022-08-20,27716.11
2395,Employee 02395,Procurement,Analyst,798,2020-05-03,179710.57
2396,Employee 02396,Operations,Executive,972,2015-01-06,152041.6
2397,Employee 02397,Sales,Executive,735,2022-02-03,58757.72
2398,Employee 02398,Operations,Executive,486,2024-06-13,51611.11
2399,Employee 02399,Sales,Executive,908,2022-06-10,21489.37
2400,Employee 02400,Warehouse,Associate,999,2017-07-28,77610.31
2401,Employee 02401,Warehouse,Coordinator,289,2023-05-01,24630.18
2402,Employee 02402,Warehouse,Analyst,375,2024-07-20,163392.93
2403,Employee 02403,Operations,Manager,894,2018-08-21,129892.71
2404,Employee 02404,Procurement,Analyst,967,2018-07-13,36363.0
2405,Employee 02405,Finance,Coordinator,833,2019-11-16,179543.57
2406,Employee 02406,Sales,Manager,983,2016-02-01,24505.33
2407,Employee 02407,Finance,Executive,57,2018-09-14,96836.77
2408,Employee 02408,Warehouse,Analyst,971,2017-03-03,138577.63
2409,Employee 02409,Warehouse,Supervisor,86,2019-06-25,76826.94
2410,Employee 02410,Procurement,Associate,830,2017-03-29,52222.84
2411,Employee 02411,Finance,Manager,207,2022-12-10,56166.29
2412,Employee 02412,Warehouse,Associate,382,2024-04-20,165944.96
2413,Employee 02413,Sales,Manager,609,2023-06-15,131175.06
2414,Employee 02414,Sales,Executive,200,2017-02-22,60574.3
2415,Employee 02415,Logistics,Executive,87,2015-06-21,143358.73
2416,Employee 02416,Warehouse,Executive,203,2021-03-18,133274.0
2417,Employee 02417,Warehouse,Executive,814,2022-08-18,149106.98
2418,Employee 02418,Finance,Associate,111,2017-02-12,154105.55
2419,Employee 02419,Operations,Supervisor,279,2021-05-31,109544.73
2420,Employee 02420,Finance,Manager,491,2015-03-07,69128.39
2421,Employee 02421,Logistics,Executive,390,2023-01-24,98398.58
2422,Employee 02422,Finance,Associate,235,2015-03-08,135490.18
2423,Employee 02423,Operations,Supervisor,799,2018-01-18,99633.79
2424,Employee 02424,Operations,Associate,862,2015-08-19,81416.11
2425,Employee 02425,Warehouse,Associate,678,2016-10-08,140373.85
2426,Employee 02426,Procurement,Manager,443,2020-01-30,79007.93
2427,Employee 02427,Logistics,Executive,264,2015-09-20,149223.92
2428,Employee 02428,Warehouse,Coordinator,579,2020-12-15,62069.83
2429,Employee 02429,Finance,Analyst,906,2023-02-10,150467.63
2430,Employee 02430,Warehouse,Associate,51,2020-11-03,82308.74
2431,Employee 02431,Operations,Manager,398,2015-09-22,157940.01
2432,Employee 02432,Logistics,Associate,122,2020-01-04,83509.27
2433,Employee 02433,Procurement,Supervisor,680,2019-01-22,102240.94
2434,Employee 02434,Warehouse,Manager,898,2019-05-19,135035.58
2435,Employee 02435,Finance,Analyst,786,2021-01-01,157995.66
2436,Employee 02436,Sales,Analyst,375,2020-04-07,160523.92
2437,Employee 02437,Logistics,Supervisor,587,2016-04-23,102806.7
2438,Employee 02438,Procurement,Executive,443,2018-11-19,159605.97
2439,Employee 02439,Finance,Executive,351,2022-11-10,174823.97
2440,Employee 02440,Operations,Coordinator,601,2022-04-28,146308.8
2441,Employee 02441,Logistics,Analyst,880,2023-02-24,19869.72
2442,Employee 02442,,Coordinator,368,2018-04-16,154826.43
2443,Employee 02443,Operations,Associate,661,2022-12-31,58075.71
2444,Employee 02444,Sales,Analyst,520,2015-01-06,72614.84
2445,Employee 02445,Finance,Coordinator,154,2021-07-12,89681.8
2446,Employee 02446,Logistics,Supervisor,956,2015-03-20,49573.83
2447,Employee 02447,Logistics,Associate,585,2019-05-09,142595.09
2448,Employee 02448,Finance,Analyst,444,2022-09-07,26833.11
2449,Employee 02449,Logistics,Executive,809,2022-03-09,166908.76
2450,Employee 02450,Procurement,Associate,877,2023-08-01,166844.18
2451,Employee 02451,Procurement,Supervisor,112,2016-10-03,142872.24
2452,Employee 02452,Procurement,Coordinator,612,2019-07-31,121333.53
2453,Employee 02453,Warehouse,Analyst,724,2019-05-06,115220.62
2454,Employee 02454,Sales,Supervisor,839,2022-09-02,23485.23
2455,Employee 02455,Operations,Analyst,678,2017-10-11,103778.56
2456,Employee 02456,Warehouse,Executive,133,2017-07-17,50655.03
2457,Employee 02457,Finance,Supervisor,551,2015-11-06,123397.4
2458,Employee 02458,Procurement,Supervisor,359,2022-08-27,54187.37
2459,Employee 02459,Finance,Associate,922,2015-11-11,100397.09
2460,Employee 02460,Procurement,Supervisor,134,2023-01-20,176062.05
2461,Employee 02461,Warehouse,Executive,295,2022-09-29,144512.69
2462,Employee 02462,Warehouse,Coordinator,700,2020-01-06,151609.6
2463,Employee 02463,Finance,Associate,130,2018-12-04,86690.44
2464,Employee 02464,Logistics,Associate,830,2023-06-01,56330.56
2465,Employee 02465,Sales,Associate,401,2021-08-18,82769.9
2466,Employee 02466,Procurement,Manager,472,2020-11-17,73059.5
2467,Employee 02467,Warehouse,Analyst,640,2019-04-02,34430.06
2468,Employee 02468,Sales,Analyst,5,2018-04-03,140125.49
2469,Employee 02469,Logistics,Associate,394,2020-03-15,54127.63
2470,Employee 02470,Logistics,Manager,645,2015-01-16,55380.44
2471,Employee 02471,Logistics,Coordinator,15,2018-09-22,132243.79
2472,Employee 02472,Finance,Analyst,273,2017-08-12,120403.03
2473,Employee 02473,Procurement,Analyst,226,2022-09-19,92293.51
2474,Employee 02474,Procurement,Analyst,215,2018-10-22,170538.31
2475,Employee 02475,Warehouse,Associate,321,2016-04-17,163019.66
2476,Employee 02476,Logistics,Coordinator,355,2018-07-12,96895.83
2477,Employee 02477,Procurement,Analyst,287,2020-08-25,96479.28
2478,Employee 02478,Operations,Coordinator,587,2017-05-08,112659.74
2479,Employee 02479,Warehouse,Associate,602,2016-03-25,168226.29
2480,Employee 02480,Operations,Analyst,272,2019-03-10,38341.13
2481,Employee 02481,Sales,Coordinator,683,2018-11-04,155207.0
2482,Employee 02482,finance,Manager,521,2015-05-11,105852.18
2483,Employee 02483,Procurement,Associate,492,2022-05-03,143160.71
2484,Employee 02484,Finance,Analyst,241,2016-02-28,25286.14
2485,Employee 02485,Warehouse,Analyst,257,2023-11-01,53974.51
2486,Employee 02486,Sales,Manager,808,2020-12-09,77755.93
2487,Employee 02487,Procurement,Analyst,838,2016-12-31,80231.5
2488,Employee 02488,Procurement,Coordinator,524,2021-02-06,145274.82
2489,Employee 02489,Procurement,Analyst,954,2015-12-01,173309.49
2490,Employee 02490,Logistics,Coordinator,304,2023-05-07,59209.24
2491,Employee 02491,Sales,Executive,519,2017-11-23,57901.75
2492,Employee 02492,Procurement,Executive,419,2023-07-07,38391.92
2493,Employee 02493,Warehouse,Manager,279,2015-02-03,153437.09
2494,Employee 02494,Sales,Supervisor,220,2021-04-14,86366.39
2495,Employee 02495,Sales,Manager,133,2018-09-28,27324.81
2496,Employee 02496,Operations,Analyst,983,2024-01-04,147888.77
2497,Employee 02497,Finance,Manager,571,2021-10-12,19898.77
2498,Employee 02498,Sales,Coordinator,725,2020-11-23,140516.31
2499,Employee 02499,Warehouse,Manager,362,2017-05-14,151042.71
2500,Employee 02500,Procurement,Supervisor,90,2016-03-30,157833.34
2501,Employee 02501,Procurement,Associate,584,2018-06-23,149924.43
2502,Employee 02502,Operations,Executive,56,2023-08-06,119982.03
2503,Employee 02503,Sales,Supervisor,713,2022-05-22,60820.2
2504,Employee 02504,Procurement,Associate,127,2018-03-15,130432.2
2505,Employee 02505,Procurement,Coordinator,949,2024-06-21,105112.78
2506,Employee 02506,Procurement,Coordinator,197,2016-08-11,122675.07
2507,Employee 02507,Finance,Supervisor,545,2017-01-28,83536.98
2508,Employee 02508,Warehouse,Analyst,836,2019-11-03,23397.96
2509,Employee 02509,Finance,Executive,430,2022-02-16,123644.1
2510,Employee 02510,Operations,Supervisor,411,2016-01-30,144237.65
2511,Employee 02511,Logistics,Manager,78,2022-05-08,57759.59
2512,Employee 02512,Sales ,Associate,135,2021-06-28,112164.3
2513,Employee 02513,Sales,Executive,952,2017-10-09,0.0
2514,Employee 02514,Logistics ,Coordinator,955,2024-03-16,119854.85
2515,Employee 02515,Procurement,Analyst,744,2015-04-03,130489.0
2516,Employee 02516,Finance,Executive,541,2023-04-10,139467.25
2517,Employee 02517,Warehouse,Executive,694,2019-10-29,94206.41
2518,Employee 02518,Operations,Supervisor,26,2018-09-01,103684.73
2519,Employee 02519,Logistics,Supervisor,170,2015-11-01,164699.96
2520,Employee 02520,Operations,Supervisor,734,2019-02-20,45470.57
2521,Employee 02521,Sales,Supervisor,635,2016-10-23,89412.44
2522,Employee 02522,Finance,Manager,241,2017-01-04,27006.82
2523,Employee 02523,,Associate,835,2015-11-01,27138.3
2524,Employee 02524,Sales,Supervisor,775,2018-04-24,135880.01
2525,Employee 02525,Logistics,Analyst,482,2016-08-18,38467.13
2526,Employee 02526,finance,Supervisor,235,2022-03-11,125219.37
2527,Employee 02527,Logistics,Associate,206,2019-11-29,28861.27
2528,Employee 02528,Finance,Executive,996,2021-03-21,146304.95
2529,Employee 02529,Sales,Analyst,572,2022-04-03,79600.67
2530,Employee 02530,Finance,Coordinator,606,2015-09-06,-10000.0
2531,Employee 02531,Logistics,Manager,314,2021-04-03,-10000.0
2532,Employee 02532,Operations,Coordinator,60,2016-03-20,121903.35
2533,Employee 02533,,Associate,621,2024-05-27,39552.35
2534,Employee 02534,Warehouse,Executive,255,2023-10-20,56260.44
2535,Employee 02535,Logistics,Associate,148,2017-06-20,62499.04
2536,Employee 02536,Logistics,Supervisor,700,2021-05-03,0.0
2537,Employee 02537,Operations,Supervisor,798,2020-02-08,170856.32
2538,Employee 02538,Logistics,Manager,417,2021-03-07,116938.03
2539,Employee 02539,Logistics,Associate,733,2019-01-31,105818.15
2540,Employee 02540,Logistics,Associate,29,2020-02-25,67530.21
2541,Employee 02541,Sales,Associate,993,2017-04-01,89971.59
2542,Employee 02542,Procurement,Supervisor,525,2015-07-11,117080.23
2543,Employee 02543,Sales,Analyst,960,2019-08-15,179643.8
2544,Employee 02544,Operations,Manager,148,2019-12-23,121282.93
2545,Employee 02545,Finance,Associate,99,2019-02-24,76232.25
2546,Employee 02546,Logistics,Associate,365,2018-05-03,113343.37
2547,Employee 02547,Sales,Analyst,325,2019-06-15,141331.91
2548,Employee 02548,Procurement,Analyst,971,2023-04-01,137671.19
2549,Employee 02549,Warehouse,Executive,994,2016-12-21,138331.46
2550,Employee 02550,Logistics,Executive,254,2016-04-10,101513.07
2551,Employee 02551,Operations,Associate,765,2020-08-14,151986.34
2552,Employee 02552,Finance,Associate,482,2021-08-20,169841.48
2553,Employee 02553,Operations,Analyst,397,2020-05-15,154310.19
2554,Employee 02554,Sales ,Executive,750,2022-09-13,135938.46
2555,Employee 02555,Operations,Manager,766,2016-11-19,144820.67
2556,Employee 02556,Finance,Associate,678,2021-11-25,82530.05
2557,Employee 02557,Logistics ,Analyst,737,2019-02-20,134952.28
2558,Employee 02558,Finance,Coordinator,235,2016-03-06,30171.63
2559,Employee 02559,Operations,Associate,101,2018-11-15,162333.83
2560,Employee 02560,Operations,Associate,872,2022-07-30,126798.61
2561,Employee 02561,Operations,Coordinator,647,2016-09-13,165743.47
2562,Employee 02562,Procurement,Executive,181,2018-11-02,140094.49
2563,Employee 02563,Finance,Executive,987,2016-07-24,155729.43
2564,Employee 02564,Warehouse,Coordinator,256,2019-09-18,77658.94
2565,Employee 02565,Operations,Supervisor,262,2021-03-19,92955.22
2566,Employee 02566,Operations,Executive,426,2022-12-08,174566.79
2567,Employee 02567,Procurement,Manager,461,2017-10-22,45088.36
2568,Employee 02568,Finance,Associate,719,2024-04-07,124685.58
2569,Employee 02569,Logistics,Coordinator,187,2016-07-08,55331.66
2570,Employee 02570,Warehouse,Manager,852,2019-12-23,156238.37
2571,Employee 02571,Sales,Manager,783,2019-07-02,75651.04
2572,Employee 02572,Logistics,Associate,89,2021-05-01,128754.87
2573,Employee 02573,Warehouse,Executive,767,2022-12-10,175153.38
2574,Employee 02574,Warehouse,Executive,918,2019-04-13,71119.51
2575,Employee 02575,Sales,Manager,74,2015-02-09,142545.02
2576,Employee 02576,Operations,Executive,439,2022-05-12,158326.41
2577,Employee 02577,Procurement,Supervisor,312,2021-01-07,88989.22
2578,Employee 02578,Sales,Associate,157,2018-09-12,26262.95
2579,Employee 02579,Finance,Analyst,869,2016-09-02,95986.76
2580,Employee 02580,Sales,Manager,622,2018-08-21,111140.23
2581,Employee 02581,Operations,Supervisor,409,2023-11-28,110873.02
2582,Employee 02582,Operations,Associate,139,2016-07-23,0.0
2583,Employee 02583,Procurement,Supervisor,508,2016-02-03,164370.55
2584,Employee 02584,Finance,Associate,750,2020-05-22,165403.64
2585,Employee 02585,Sales,Analyst,734,2019-07-14,45217.76
2586,Employee 02586,Procurement,Coordinator,999,2019-06-07,35133.55
2587,Employee 02587,Warehouse,Analyst,520,2020-05-01,128374.19
2588,Employee 02588,Procurement,Supervisor,710,2023-06-17,98227.61
2589,Employee 02589,Operations,Manager,982,2015-10-20,45488.45
2590,Employee 02590,Operations,Associate,960,2017-09-18,49699.05
2591,Employee 02591,Logistics,Executive,553,2020-10-18,104964.99
2592,Employee 02592,Procurement,Supervisor,430,2022-04-28,114300.07
2593,Employee 02593,Finance,Executive,783,2024-05-08,116242.02
2594,Employee 02594,Logistics,Associate,890,2015-01-21,112182.66
2595,Employee 02595,Finance,Analyst,571,2022-10-13,58758.64
2596,Employee 02596,Logistics,Manager,582,2019-04-23,39139.73
2597,Employee 02597,Logistics,Manager,545,2020-03-31,59342.91
2598,Employee 02598,operations,Supervisor,134,2017-07-12,39320.84
2599,Employee 02599,Finance,Executive,764,2015-11-16,144475.7
2600,Employee 02600,Finance,Supervisor,602,2023-05-21,94406.92
2601,Employee 02601,Sales,Coordinator,824,2020-10-01,89063.61
2602,Employee 02602,Warehouse,Manager,52,2015-09-19,43796.15
2603,Employee 02603,Sales,Executive,317,2024-05-25,20843.18
2604,Employee 02604,Operations,Executive,721,2022-11-27,55610.14
2605,Employee 02605,Procurement,Executive,560,2019-12-05,86380.53
2606,Employee 02606,Sales,Supervisor,587,2021-05-02,133744.67
2607,Employee 02607,Logistics,Supervisor,529,2019-11-20,38457.81
2608,Employee 02608,Warehouse,Manager,915,2019-05-06,109083.72
2609,Employee 02609,Sales,Analyst,847,2015-10-01,82547.66
2610,Employee 02610,Procurement,Coordinator,229,2018-01-21,146241.01
2611,Employee 02611,Operations,Analyst,33,2018-07-09,143993.6
2612,Employee 02612,Finance,Analyst,320,2023-02-13,24082.43
2613,Employee 02613,Sales,Analyst,51,2023-02-20,128722.7
2614,Employee 02614,Logistics,Manager,199,2016-06-13,56359.4
2615,Employee 02615,Procurement,Coordinator,670,2019-01-01,87210.39
2616,Employee 02616,Logistics,Associate,380,2021-09-27,89032.62
2617,Employee 02617,Sales,Supervisor,359,2024-02-22,23952.07
2618,Employee 02618,Warehouse,Executive,510,2020-11-12,74017.32
2619,Employee 02619,Procurement,Supervisor,475,2016-11-10,155585.43
2620,Employee 02620,Sales,Analyst,96,2019-10-03,155662.41
2621,Employee 02621,Finance,Executive,517,2015-12-13,126429.34
2622,Employee 02622,Finance,Supervisor,782,2018-03-12,62721.71
2623,Employee 02623,Logistics,Coordinator,527,2024-03-04,114928.52
2624,Employee 02624,Logistics,Executive,608,2021-02-14,135325.67
2625,Employee 02625,Logistics,Manager,596,2020-02-19,52916.27
2626,Employee 02626,Warehouse,Coordinator,220,2018-07-09,103056.41
2627,Employee 02627,Sales,Coordinator,192,2016-11-11,125934.38
2628,Employee 02628,Operations,Coordinator,861,2021-02-11,39279.71
2629,Employee 02629,Operations,Coordinator,783,2019-07-19,123225.24
2630,Employee 02630,Warehouse,Manager,610,2019-07-15,136286.77
2631,Employee 02631,Warehouse,Analyst,156,2017-12-02,35095.34
2632,Employee 02632,Finance,Associate,333,2019-03-27,21271.06
2633,Employee 02633,Finance,Coordinator,90,2023-06-08,126972.85
2634,Employee 02634,Procurement,Supervisor,711,2022-04-15,55775.49
2635,Employee 02635,Warehouse,Associate,807,2023-04-07,169817.29
2636,Employee 02636,Logistics,Analyst,833,2020-02-15,94172.28
2637,Employee 02637,Logistics,Executive,742,2021-07-08,172139.12
2638,Employee 02638,Operations,Analyst,140,2016-01-02,79478.98
2639,Employee 02639,Operations,Coordinator,473,2018-07-12,173141.68
2640,Employee 02640,Finance,Coordinator,200,2018-07-11,126140.62
2641,Employee 02641,Finance,Manager,932,2019-10-18,154615.36
2642,Employee 02642,Warehouse,Coordinator,570,2022-12-28,173586.14
2643,Employee 02643,Finance,Supervisor,904,2021-08-20,78811.36
2644,Employee 02644,Logistics,Supervisor,536,2018-01-24,112046.92
2645,Employee 02645,Finance,Supervisor,982,2017-06-01,47024.09
2646,Employee 02646,Sales,Analyst,222,2020-09-26,44292.09
2647,Employee 02647,Procurement,Coordinator,528,2021-02-06,105717.11
2648,Employee 02648,Logistics,Supervisor,950,2015-11-14,86833.13
2649,Employee 02649,Finance,Manager,580,2021-08-17,96829.48
2650,Employee 02650,Sales,Executive,415,2020-08-01,120964.14
2651,Employee 02651,Warehouse,Supervisor,22,2016-05-30,33743.24
2652,Employee 02652,Procurement,Executive,578,2017-12-03,138813.02
2653,Employee 02653,Operations,Analyst,925,2023-01-14,139969.59
2654,Employee 02654,Operations,Executive,460,2022-01-28,44200.62
2655,Employee 02655,Logistics,Executive,654,2024-03-01,79256.86
2656,Employee 02656,Sales,Coordinator,785,2023-07-31,51132.86
2657,Employee 02657,Warehouse,Associate,838,2024-01-27,61621.32
2658,Employee 02658,Warehouse,Analyst,445,2018-04-25,141435.18
2659,Employee 02659,Warehouse,Coordinator,994,2021-05-06,178850.31
2660,Employee 02660,Warehouse,Analyst,991,2023-05-21,55980.7
2661,Employee 02661,Operations,Associate,480,2017-03-09,103633.85
2662,Employee 02662,Warehouse,Supervisor,800,2021-08-20,124655.21
2663,Employee 02663,Finance,Analyst,718,2019-06-17,129154.13
2664,Employee 02664,Warehouse,Associate,275,2021-03-05,175759.9
2665,Employee 02665,Finance,Associate,832,2016-08-16,57811.15
2666,Employee 02666,Logistics,Manager,924,2021-03-05,58345.81
2667,Employee 02667,Procurement,Associate,833,2018-09-15,66656.38
2668,Employee 02668,Warehouse,Manager,467,2021-04-06,59092.73
2669,Employee 02669,Procurement,Coordinator,808,2023-03-31,57201.01
2670,Employee 02670,Sales,Supervisor,156,2023-12-19,127625.88
2671,Employee 02671,Sales,Supervisor,659,2024-06-12,91636.81
2672,Employee 02672,Procurement,Supervisor,463,2016-06-25,35262.88
2673,Employee 02673,Operations,Supervisor,926,2023-04-09,68243.26
2674,Employee 02674,Finance,Executive,252,2016-11-28,28517.11
2675,Employee 02675,warehouse,Executive,280,2018-07-16,133865.32
2676,Employee 02676,Warehouse,Manager,654,2017-09-02,136333.58
2677,Employee 02677,Warehouse,Associate,283,2017-10-17,165493.78
2678,Employee 02678,Finance,Supervisor,829,2023-08-08,102763.24
2679,Employee 02679,Sales,Executive,310,2022-01-16,58446.0
2680,Employee 02680,Procurement,Associate,996,2015-06-16,42291.85
2681,Employee 02681,Logistics,Manager,50,2022-09-02,158368.82
2682,Employee 02682,Operations,Associate,42,2022-09-03,105353.6
2683,Employee 02683,Procurement,Coordinator,125,2017-12-08,98397.09
2684,Employee 02684,Operations,Executive,262,2018-05-21,111832.5
2685,Employee 02685,Logistics,Coordinator,577,2019-08-23,173632.07
2686,Employee 02686,Warehouse,Coordinator,457,2022-08-16,161933.19
2687,Employee 02687,Warehouse,Supervisor,930,2016-04-07,89477.27
2688,Employee 02688,Logistics,Associate,322,2022-02-09,110985.52
2689,Employee 02689,Finance,Coordinator,745,2016-10-13,53295.64
2690,Employee 02690,Sales,Executive,824,2015-03-23,78653.07
2691,Employee 02691,Procurement,Coordinator,147,2019-01-11,131391.79
2692,Employee 02692,procurement,Manager,340,2023-11-17,110484.99
2693,Employee 02693,Logistics,Analyst,173,2023-11-27,173851.34
2694,Employee 02694,Warehouse,Supervisor,157,2016-12-07,127717.35
2695,Employee 02695,Logistics,Supervisor,38,2018-10-09,77832.99
2696,Employee 02696,Logistics,Coordinator,508,2016-11-23,130530.21
2697,Employee 02697,Logistics,Associate,912,2019-04-30,104419.39
2698,Employee 02698,Procurement,Supervisor,957,2022-10-01,129219.19
2699,Employee 02699,Operations,Supervisor,902,2016-01-25,160767.58
2700,Employee 02700,finance,Supervisor,516,2019-10-13,86653.84
2701,Employee 02701,Operations,Executive,998,2024-02-10,129525.84
2702,Employee 02702,Logistics,Coordinator,570,2016-12-18,125229.81
2703,Employee 02703,Operations,Supervisor,576,2023-10-03,75706.85
2704,Employee 02704,Procurement,Analyst,277,2020-03-29,110530.62
2705,Employee 02705,Operations,Coordinator,645,2019-11-05,92881.53
2706,Employee 02706,Logistics,Coordinator,248,2016-06-26,73301.85
2707,Employee 02707,Finance,Coordinator,86,2022-08-19,169430.19
2708,Employee 02708,Procurement,Associate,996,2019-03-02,139659.94
2709,Employee 02709,Logistics,Manager,936,2023-01-26,39748.56
2710,Employee 02710,Logistics,Executive,206,2023-06-27,138548.0
2711,Employee 02711,Sales,Executive,74,2022-03-15,61749.0
2712,Employee 02712,Sales,Analyst,30,2023-11-26,24526.62
2713,Employee 02713,Finance,Supervisor,161,2018-07-07,51870.07
2714,Employee 02714,Procurement,Analyst,492,2024-02-29,36264.75
2715,Employee 02715,Operations,Manager,596,2020-02-21,22077.82
2716,Employee 02716,Operations,Analyst,128,2018-01-14,70687.16
2717,Employee 02717,Sales,Analyst,882,2019-09-25,104567.63
2718,Employee 02718,Finance,Executive,677,2023-11-07,171985.47
2719,Employee 02719,Operations,Manager,960,2019-08-07,140963.49
2720,Employee 02720,Warehouse,Manager,518,2023-09-08,108789.81
2721,Employee 02721,Sales,Executive,919,2023-05-31,41922.66
2722,Employee 02722,Finance,Manager,131,2015-07-27,144225.25
2723,Employee 02723,Warehouse,Associate,416,2019-03-20,104635.25
2724,Employee 02724,Procurement,Manager,482,2023-05-09,97491.2
2725,Employee 02725,Logistics,Executive,617,2023-12-18,118830.36
2726,Employee 02726,Operations,Analyst,432,2021-08-28,102696.15
2727,Employee 02727,Warehouse,Supervisor,25,2019-07-05,87245.05
2728,Employee 02728,Operations,Associate,622,2020-08-31,80299.14
2729,Employee 02729,Procurement,Associate,714,2021-01-22,62643.14
2730,Employee 02730,Sales,Executive,703,2023-09-20,94559.18
2731,Employee 02731,Operations,Coordinator,71,2015-12-21,98645.62
2732,Employee 02732,Operations,Executive,739,2017-06-11,128302.75
2733,Employee 02733,Procurement,Coordinator,600,2020-03-02,87539.43
2734,Employee 02734,Operations,Analyst,980,2024-02-06,158237.27
2735,Employee 02735,Warehouse,Associate,830,2022-02-11,134713.9
2736,Employee 02736,Finance,Coordinator,640,2021-02-18,158452.88
2737,Employee 02737,Procurement,Analyst,623,2015-03-04,26745.92
2738,Employee 02738,Operations,Supervisor,549,2018-06-04,137687.49
2739,Employee 02739,Procurement,Analyst,29,2015-10-05,131873.97
2740,Employee 02740,Procurement,Coordinator,43,2020-10-03,84961.85
2741,Employee 02741,Logistics,Supervisor,277,2017-01-06,50527.27
2742,Employee 02742,Operations,Analyst,107,2023-03-10,75425.33
2743,Employee 02743,Logistics ,Manager,317,2024-07-25,145275.95
2744,Employee 02744,Logistics,Coordinator,339,2019-07-19,158553.72
2745,Employee 02745,Operations,Coordinator,828,2016-07-23,34165.94
2746,Employee 02746,Finance,Analyst,367,2020-12-27,98363.56
2747,Employee 02747,Sales,Manager,425,2024-01-11,170008.85
2748,Employee 02748,Logistics,Executive,164,2019-04-15,46495.56
2749,Employee 02749,Finance,Coordinator,212,2022-11-28,26176.07
2750,Employee 02750,Procurement,Supervisor,828,2022-11-07,31595.27
2751,Employee 02751,Logistics,Analyst,113,2020-11-30,31571.6
2752,Employee 02752,Finance,Executive,974,2023-08-17,37727.35
2753,Employee 02753,Finance,Analyst,343,2022-01-20,76476.29
2754,Employee 02754,Operations,Manager,443,2018-08-31,81103.9
2755,Employee 02755,Logistics,Executive,792,2021-06-17,119313.47
2756,Employee 02756,Logistics,Associate,683,2018-04-25,149578.83
2757,Employee 02757,Logistics,Coordinator,304,2015-12-11,121071.62
2758,Employee 02758,Logistics,Coordinator,571,2020-08-05,47002.5
2759,Employee 02759,Warehouse,Associate,168,2022-11-01,23509.02
2760,Employee 02760,Logistics,Coordinator,216,2015-02-23,55429.46
2761,Employee 02761,Finance,Manager,292,2017-12-20,116480.21
2762,Employee 02762,Logistics,Analyst,945,2018-05-16,78380.73
2763,Employee 02763,Logistics,Executive,367,2022-02-24,134480.97
2764,Employee 02764,Finance,Analyst,99,2021-04-02,48714.39
2765,Employee 02765,Sales,Coordinator,730,2024-02-24,59603.82
2766,Employee 02766,Logistics,Supervisor,596,2020-01-30,146487.18
2767,Employee 02767,Logistics,Associate,59,2018-06-03,143925.99
2768,Employee 02768,Procurement,Associate,754,2018-11-01,74008.64
2769,Employee 02769,Logistics,Associate,896,2018-09-17,71765.03
2770,Employee 02770,Operations,Executive,575,2021-10-04,41304.92
2771,Employee 02771,Finance ,Executive,857,2015-04-30,22955.67
2772,Employee 02772,Sales,Executive,425,2017-05-22,150551.36
2773,Employee 02773,Procurement,Manager,356,2023-01-17,22587.56
2774,Employee 02774,Finance,Associate,793,2021-11-27,177440.8
2775,Employee 02775,Operations,Supervisor,557,2022-11-19,157078.52
2776,Employee 02776,Finance,Manager,613,2023-02-21,41986.21
2777,Employee 02777,Procurement,Manager,769,2024-02-07,109702.0
2778,Employee 02778,Operations,Supervisor,475,2019-07-30,100039.2
2779,Employee 02779,Operations,Coordinator,938,2019-11-05,70188.42
2780,Employee 02780,Sales,Manager,274,2021-01-12,23135.88
2781,Employee 02781,Procurement,Coordinator,496,2020-08-05,170755.78
2782,Employee 02782,Operations,Manager,985,2022-05-30,92930.58
2783,Employee 02783,Logistics,Supervisor,45,2016-07-06,99180.01
2784,Employee 02784,Operations,Coordinator,116,2022-02-26,54415.92
2785,Employee 02785,Logistics,Supervisor,947,2023-09-15,31743.37
2786,Employee 02786,Finance,Analyst,813,2019-09-20,77608.73
2787,Employee 02787,Warehouse,Manager,463,2022-11-23,167729.76
2788,Employee 02788,Sales,Executive,261,2016-06-23,86302.89
2789,Employee 02789,Logistics,Coordinator,800,2024-01-17,144965.71
2790,Employee 02790,Sales,Executive,415,2020-10-05,169245.13
2791,Employee 02791,Procurement,Manager,340,2017-09-26,60399.59
2792,Employee 02792,Logistics,Executive,933,2022-06-20,54763.7
2793,Employee 02793,Procurement,Analyst,87,2018-04-29,20596.59
2794,Employee 02794,Logistics,Coordinator,659,2022-04-21,132458.7
2795,Employee 02795,Procurement ,Executive,936,2015-05-26,132390.49
2796,Employee 02796,Sales,Manager,212,2023-05-17,89734.28
2797,Employee 02797,Logistics,Manager,757,2023-04-14,165377.08
2798,Employee 02798,Sales,Manager,53,2020-09-16,107427.95
2799,Employee 02799,Finance,Coordinator,75,2016-01-21,123479.13
2800,Employee 02800,Finance,Coordinator,169,2018-04-28,129706.83
2801,Employee 02801,Logistics,Manager,566,2022-12-22,24533.12
2802,Employee 02802,Operations,Executive,713,2019-09-02,172911.62
2803,Employee 02803,,Manager,89,2024-03-20,68790.49
2804,Employee 02804,Sales,Manager,351,2020-01-12,71113.16
2805,Employee 02805,operations,Supervisor,628,2020-01-06,44309.42
2806,Employee 02806,Procurement,Executive,379,2016-11-10,126789.09
2807,Employee 02807,Warehouse,Supervisor,592,2022-12-02,131256.72
2808,Employee 02808,Warehouse,Manager,533,2015-08-20,173660.68
2809,Employee 02809,Operations,Associate,887,2021-07-20,173028.89
2810,Employee 02810,Operations,Executive,229,2020-03-12,143073.56
2811,Employee 02811,Warehouse,Supervisor,275,2017-02-20,155861.2
2812,Employee 02812,Warehouse,Coordinator,382,2023-04-01,102557.88
2813,Employee 02813,Finance,Coordinator,261,2017-11-08,18691.41
2814,Employee 02814,Sales,Manager,645,2020-11-29,170364.57
2815,Employee 02815,Logistics,Supervisor,905,2016-10-25,163568.48
2816,Employee 02816,Finance,Coordinator,364,2022-03-17,122275.4
2817,Employee 02817,Sales,Executive,395,2015-09-16,33276.56
2818,Employee 02818,Operations,Coordinator,174,2021-06-06,70961.7
2819,Employee 02819,Logistics ,Executive,629,2018-11-18,153772.63
2820,Employee 02820,Procurement,Associate,776,2018-09-30,20768.25
2821,Employee 02821,Sales,Manager,95,2024-07-22,168455.91
2822,Employee 02822,Sales,Manager,393,2021-09-29,73136.26
2823,Employee 02823,sales,Analyst,971,2018-12-08,121122.03
2824,Employee 02824,Procurement,Supervisor,275,2021-11-17,80150.03
2825,Employee 02825,Warehouse,Supervisor,814,2020-07-07,169857.2
2826,Employee 02826,Procurement,Analyst,854,2022-01-20,51080.17
2827,Employee 02827,Finance,Coordinator,211,2017-10-16,111873.34
2828,Employee 02828,Sales,Executive,579,2021-02-21,68364.0
2829,Employee 02829,Logistics,Coordinator,987,2022-04-01,99874.15
2830,Employee 02830,Finance,Associate,269,2015-12-22,109632.26
2831,Employee 02831,Procurement,Analyst,107,2022-03-23,39514.59
2832,Employee 02832,,Associate,419,2022-02-06,93562.98
2833,Employee 02833,Logistics,Supervisor,158,2020-03-12,120757.07
2834,Employee 02834,Finance,Associate,442,2021-12-11,166427.11
2835,Employee 02835,Finance,Analyst,4,2021-12-12,45561.78
2836,Employee 02836,Logistics,Executive,393,2015-07-28,87082.73
2837,Employee 02837,Warehouse,Executive,827,2021-06-29,27892.59
2838,Employee 02838,Finance,Analyst,123,2020-07-17,127276.84
2839,Employee 02839,Operations,Manager,420,2023-06-24,139639.8
2840,Employee 02840,Logistics,Supervisor,50,2020-05-20,53571.92
2841,Employee 02841,Sales,Coordinator,264,2022-10-05,143797.47
2842,Employee 02842,Warehouse,Analyst,63,2023-11-05,127029.46
2843,Employee 02843,Operations,Manager,853,2020-09-01,74259.12
2844,Employee 02844,Operations,Coordinator,470,2016-05-05,138724.62
2845,Employee 02845,Finance,Coordinator,365,2017-04-29,69366.29
2846,Employee 02846,Procurement,Supervisor,111,2017-04-03,29456.28
2847,Employee 02847,Sales,Associate,590,2018-06-19,58709.1
2848,Employee 02848,Sales,Associate,656,2017-01-29,49118.93
2849,Employee 02849,Finance,Manager,674,2021-03-09,176670.23
2850,Employee 02850,Sales,Executive,701,2023-04-17,62323.53
2851,Employee 02851,Logistics,Supervisor,540,2021-09-10,27251.07
2852,Employee 02852,Logistics,Manager,790,2024-06-11,53647.33
2853,Employee 02853,Finance,Analyst,688,2019-04-20,107444.52
2854,Employee 02854,Warehouse,Supervisor,475,2020-10-23,111807.47
2855,Employee 02855,Operations ,Executive,993,2022-08-05,145088.67
2856,Employee 02856,Warehouse,Analyst,471,2018-05-03,-10000.0
2857,Employee 02857,Finance,Associate,763,2020-06-08,102419.51
2858,Employee 02858,Logistics,Supervisor,470,2018-04-21,177647.73
2859,Employee 02859,Finance,Executive,92,2024-04-27,29171.05
2860,Employee 02860,Sales,Executive,13,2017-10-12,54616.41
2861,Employee 02861,Operations,Analyst,645,2021-04-26,98373.87
2862,Employee 02862,Procurement,Supervisor,639,2017-09-10,68430.14
2863,Employee 02863,Logistics,Coordinator,725,2020-07-27,27994.79
2864,Employee 02864,Operations,Analyst,814,2018-08-18,139639.64
2865,Employee 02865,Sales,Analyst,61,2015-06-30,149796.25
2866,Employee 02866,Sales ,Coordinator,504,2018-08-15,75115.08
2867,Employee 02867,Procurement,Coordinator,775,2017-12-05,166718.69
2868,Employee 02868,Logistics,Analyst,42,2019-04-18,123518.14
2869,Employee 02869,Warehouse,Supervisor,193,2020-12-24,169024.66
2870,Employee 02870,Logistics,Manager,995,2019-07-25,87491.79
2871,Employee 02871,Logistics,Executive,506,2016-05-27,86022.0
2872,Employee 02872,Procurement,Associate,300,2022-02-17,81591.92
2873,Employee 02873,Sales,Analyst,383,2018-05-13,33225.84
2874,Employee 02874,Logistics,Executive,721,2020-04-24,123206.43
2875,Employee 02875,Logistics,Manager,260,2021-02-06,49612.45
2876,Employee 02876,Operations,Supervisor,11,2015-04-16,109343.42
2877,Employee 02877,Procurement,Associate,313,2016-02-18,83547.23
2878,Employee 02878,Logistics ,Coordinator,894,2020-01-11,57787.54
2879,Employee 02879,Warehouse,Executive,919,2017-10-22,119108.98
2880,Employee 02880,Procurement,Analyst,548,2020-10-17,43907.73
2881,Employee 02881,Warehouse,Associate,963,2019-04-14,153134.03
2882,Employee 02882,Procurement,Associate,235,2022-12-01,81504.3
2883,Employee 02883,Operations,Manager,997,2022-04-01,100998.4
2884,Employee 02884,Sales,Executive,284,2022-04-21,175655.97
2885,Employee 02885,Sales,Manager,536,2017-06-06,133764.98
2886,Employee 02886,Operations,Supervisor,587,2023-07-12,99142.87
2887,Employee 02887,Finance,Analyst,137,2015-10-17,-10000.0
2888,Employee 02888,Operations,Associate,872,2022-01-12,45971.68
2889,Employee 02889,,Associate,172,2016-11-21,170497.53
2890,Employee 02890,Finance,Executive,808,2020-09-24,155417.76
2891,Employee 02891,Warehouse,Manager,918,2021-12-29,75016.3
2892,Employee 02892,Procurement,Analyst,547,2015-05-20,174793.81
2893,Employee 02893,Logistics,Supervisor,262,2021-10-12,70280.9
2894,Employee 02894,Sales,Manager,47,2021-06-14,20604.16
2895,Employee 02895,Warehouse,Supervisor,863,2022-05-15,46175.84
2896,Employee 02896,Finance,Supervisor,596,2022-04-10,95786.18
2897,Employee 02897,Procurement,Manager,978,2017-06-08,0.0
2898,Employee 02898,Operations,Associate,347,2017-12-18,169101.45
2899,Employee 02899,Finance,Associate,521,2021-05-27,98724.92
2900,Employee 02900,Operations,Coordinator,724,2018-05-16,62017.49
2901,Employee 02901,Warehouse,Supervisor,536,2015-08-05,24398.21
2902,Employee 02902,Operations,Manager,198,2024-06-07,178822.82
2903,Employee 02903,Logistics,Supervisor,80,2020-12-07,164805.97
2904,Employee 02904,Operations,Manager,668,2020-01-28,113491.73
2905,Employee 02905,Sales ,Analyst,501,2019-11-28,116046.07
2906,Employee 02906,Sales,Associate,919,2023-07-17,122427.28
2907,Employee 02907,Warehouse,Analyst,842,2016-06-15,84214.34
2908,Employee 02908,Operations,Analyst,504,2021-10-13,77506.62
2909,Employee 02909,Logistics,Associate,374,2017-03-17,133936.69
2910,Employee 02910,Procurement,Coordinator,127,2017-06-20,35328.33
2911,Employee 02911,Logistics,Manager,134,2016-06-13,56840.98
2912,Employee 02912,finance,Manager,390,2019-06-11,65887.17
2913,Employee 02913,Sales,Coordinator,412,2017-02-12,139006.25
2914,Employee 02914,Logistics,Supervisor,738,2022-03-04,118585.7
2915,Employee 02915,Operations,Manager,320,2021-01-18,131289.83
2916,Employee 02916,Warehouse,Coordinator,379,2015-10-31,0.0
2917,Employee 02917,Sales,Analyst,556,2022-05-21,107122.78
2918,Employee 02918,Warehouse,Executive,48,2017-06-17,175934.96
2919,Employee 02919,Finance,Coordinator,527,2019-02-04,91917.74
2920,Employee 02920,Logistics,Associate,567,2017-06-21,74762.14
2921,Employee 02921,Logistics,Supervisor,607,2019-07-09,132395.1
2922,Employee 02922,Warehouse,Manager,443,2023-06-06,67584.66
2923,Employee 02923,Warehouse,Analyst,328,2019-09-02,104427.57
2924,Employee 02924,Warehouse,Analyst,766,2019-07-24,86804.09
2925,Employee 02925,Logistics,Associate,597,2016-06-16,68692.33
2926,Employee 02926,Finance,Executive,772,2021-01-06,38156.15
2927,Employee 02927,Sales,Executive,196,2023-03-13,145217.62
2928,Employee 02928,Procurement,Manager,179,2021-02-27,53572.58
2929,Employee 02929,Procurement,Executive,414,2020-02-05,38862.91
2930,Employee 02930,Operations,Manager,635,2018-06-29,125547.07
2931,Employee 02931,Operations,Manager,440,2022-07-19,164038.68
2932,Employee 02932,Logistics,Associate,61,2021-04-05,22864.52
2933,Employee 02933,Logistics,Associate,912,2019-06-24,95277.21
2934,Employee 02934,Sales,Analyst,400,2017-04-17,50699.84
2935,Employee 02935,Warehouse,Executive,968,2019-08-18,121516.77
2936,Employee 02936,Sales,Associate,615,2022-11-08,88909.38
2937,Employee 02937,Logistics,Coordinator,847,2020-03-26,148619.61
2938,Employee 02938,Sales,Analyst,280,2021-04-17,92647.89
2939,Employee 02939,Warehouse,Analyst,517,2023-08-11,68301.18
2940,Employee 02940,Procurement,Manager,407,2020-12-11,66626.66
2941,Employee 02941,Logistics,Analyst,8,2017-02-18,148500.12
2942,Employee 02942,Sales,Manager,450,2018-12-27,167649.14
2943,Employee 02943,Logistics,Supervisor,753,2020-08-05,157142.07
2944,Employee 02944,finance,Associate,764,2018-03-27,133607.05
2945,Employee 02945,Warehouse,Analyst,323,2017-01-03,131049.28
2946,Employee 02946,Operations,Manager,483,2015-03-26,132318.38
2947,Employee 02947,Sales,Executive,830,2016-05-28,157016.74
2948,Employee 02948,Warehouse,Analyst,391,2020-05-29,170567.83
2949,Employee 02949,Finance,Manager,148,2021-12-09,131457.51
2950,Employee 02950,Finance,Coordinator,563,2022-05-24,52364.73
2951,Employee 02951,Logistics,Executive,115,2015-10-31,164995.81
2952,Employee 02952,Warehouse,Coordinator,239,2019-05-21,127666.86
2953,Employee 02953,Procurement,Analyst,878,2018-05-07,118711.37
2954,Employee 02954,Procurement,Manager,196,2019-06-10,69672.66
2955,Employee 02955,Procurement,Analyst,98,2018-10-25,132639.72
2956,Employee 02956,Logistics,Analyst,195,2015-11-04,73585.79
2957,Employee 02957,Sales,Manager,894,2020-02-24,176962.47
2958,Employee 02958,Logistics,Executive,612,2016-02-09,164360.84
2959,Employee 02959,Logistics,Analyst,329,2021-07-27,139725.22
2960,Employee 02960,Warehouse,Supervisor,97,2016-12-26,93606.72
2961,Employee 02961,Finance,Executive,931,2022-06-12,52011.1
2962,Employee 02962,Sales,Supervisor,871,2016-11-07,137245.84
2963,Employee 02963,Sales,Analyst,21,2022-04-22,71717.48
2964,Employee 02964,Procurement,Supervisor,138,2022-05-11,104963.81
2965,Employee 02965,Warehouse,Supervisor,952,2015-10-21,116907.05
2966,Employee 02966,Logistics,Associate,778,2021-01-19,157274.19
2967,Employee 02967,Sales,Manager,224,2021-06-19,69643.11
2968,Employee 02968,Procurement,Analyst,890,2018-02-13,170365.67
2969,Employee 02969,Warehouse,Associate,406,2021-10-19,0.0
2970,Employee 02970,Procurement,Supervisor,732,2016-01-16,-10000.0
2971,Employee 02971,Finance,Associate,405,2015-09-28,100761.49
2972,Employee 02972,Sales,Associate,545,2023-02-07,26951.44
2973,Employee 02973,Finance,Coordinator,392,2016-06-10,89063.9
2974,Employee 02974,Finance,Analyst,412,2015-06-30,123501.79
2975,Employee 02975,Operations,Manager,118,2017-04-30,166208.99
2976,Employee 02976,Logistics,Analyst,184,2021-08-04,108549.74
2977,Employee 02977,Sales,Executive,918,2016-07-14,112391.48
2978,Employee 02978,Warehouse,Analyst,513,2018-06-28,58456.14
2979,Employee 02979,Operations,Associate,863,2019-01-15,155032.53
2980,Employee 02980,Sales ,Executive,492,2022-05-03,95141.77
2981,Employee 02981,Finance,Analyst,353,2019-10-31,170176.11
2982,Employee 02982,Warehouse,Executive,336,2022-09-03,83207.82
2983,Employee 02983,Finance,Coordinator,514,2020-02-29,118036.88
2984,Employee 02984,Operations,Manager,744,2019-08-08,167173.81
2985,Employee 02985,Procurement,Analyst,118,2015-12-27,158646.07
2986,Employee 02986,Sales,Supervisor,366,2019-08-03,161708.39
2987,Employee 02987,logistics ,Coordinator,296,2022-03-11,94671.63
2988,Employee 02988,Finance,Coordinator,915,2017-02-18,124925.35
2989,Employee 02989,Warehouse,Coordinator,483,2021-10-14,60674.49
2990,Employee 02990,Logistics,Supervisor,827,2022-01-28,122143.6
2991,Employee 02991,Operations,Executive,57,2017-03-25,36251.0
2992,Employee 02992,Sales,Executive,281,2020-11-14,43880.72
2993,Employee 02993,Finance,Supervisor,570,2020-03-21,119340.87
2994,Employee 02994,Sales,Coordinator,585,2016-11-16,49837.54
2995,Employee 02995,Logistics,Supervisor,720,2017-04-01,63851.49
2996,Employee 02996,Sales,Associate,47,2020-01-05,154986.04
2997,Employee 02997,Sales,Executive,148,2021-05-01,167837.93
2998,Employee 02998,Sales,Manager,677,2019-03-19,170100.08
2999,Employee 02999,Warehouse,Associate,185,2022-03-13,22238.6
3000,Employee 03000,Operations,Associate,360,2022-10-07,162912.66
3001,Employee 03001,Finance,Executive,257,2020-12-25,61670.03
3002,Employee 03002,Logistics,Associate,627,2015-08-26,24761.43
3003,Employee 03003,Sales,Associate,894,2017-04-24,89315.73
3004,Employee 03004,Finance,Supervisor,893,2024-01-21,73961.25
3005,Employee 03005,Logistics,Coordinator,205,2020-03-03,72521.46
3006,Employee 03006,Logistics,Supervisor,261,2017-07-14,82913.22
3007,Employee 03007,Operations,Associate,507,2023-08-03,113260.57
3008,Employee 03008,Sales,Executive,319,2021-11-04,85183.45
3009,Employee 03009,Operations,Supervisor,286,2022-11-21,127612.49
3010,Employee 03010,finance,Coordinator,672,2015-12-24,31498.1
3011,Employee 03011,Warehouse,Manager,478,2021-10-09,48151.35
3012,Employee 03012,Operations,Associate,438,2017-02-18,175006.99
3013,Employee 03013,Operations,Associate,887,2022-03-06,40009.51
3014,Employee 03014,Warehouse,Coordinator,396,2021-09-21,80118.38
3015,Employee 03015,Procurement,Analyst,816,2016-07-15,178897.57
3016,Employee 03016,Logistics,Associate,276,2020-10-13,19423.35
3017,Employee 03017,Sales,Executive,965,2021-03-07,62947.68
3018,Employee 03018,Operations,Associate,714,2018-05-05,119202.56
3019,Employee 03019,Logistics,Associate,968,2021-12-03,125871.65
3020,Employee 03020,Finance,Executive,433,2019-04-04,85957.02
3021,Employee 03021,Operations,Manager,694,2021-10-09,118821.34
3022,Employee 03022,Operations,Coordinator,346,2019-07-15,55971.83
3023,Employee 03023,Operations ,Supervisor,141,2024-03-11,112690.84
3024,Employee 03024,Operations,Executive,698,2018-12-02,91479.07
3025,Employee 03025,Warehouse,Associate,977,2016-08-22,94708.25
3026,Employee 03026,Finance,Manager,277,2017-05-04,160186.4
3027,Employee 03027,Finance,Executive,743,2018-11-28,123598.96
3028,Employee 03028,Warehouse,Analyst,621,2016-02-18,30912.31
3029,Employee 03029,Logistics,Supervisor,478,2018-10-09,139293.09
3030,Employee 03030,Warehouse,Coordinator,125,2016-04-30,177938.04
3031,Employee 03031,Operations,Executive,731,2016-10-24,118349.2
3032,Employee 03032,Operations,Executive,383,2018-08-18,92059.15
3033,Employee 03033,Logistics,Coordinator,337,2022-07-23,114131.4
3034,Employee 03034,Finance,Associate,574,2022-03-13,18927.01
3035,Employee 03035,Warehouse ,Manager,725,2021-09-27,179811.49
3036,Employee 03036,Finance,Manager,208,2017-07-17,31716.07
3037,Employee 03037,Operations,Analyst,922,2023-03-02,149207.79
3038,Employee 03038,Warehouse,Manager,309,2023-01-18,100761.22
3039,Employee 03039,Logistics,Analyst,556,2017-05-02,26649.78
3040,Employee 03040,Warehouse,Manager,445,2024-02-11,28372.58
3041,Employee 03041,Procurement,Associate,910,2022-02-28,123178.04
3042,Employee 03042,Finance,Supervisor,295,2019-07-03,125547.04
3043,Employee 03043,Warehouse,Analyst,713,2016-12-22,68082.04
3044,Employee 03044,Operations,Supervisor,382,2017-09-12,99819.04
3045,Employee 03045,Logistics,Associate,565,2024-05-22,41356.74
3046,Employee 03046,Operations,Associate,56,2023-06-24,54534.41
3047,Employee 03047,Procurement,Executive,695,2022-08-06,104950.11
3048,Employee 03048,Sales,Analyst,349,2016-11-17,87875.61
3049,Employee 03049,Procurement,Associate,115,2021-06-02,96688.91
3050,Employee 03050,Procurement,Supervisor,714,2022-03-06,145744.35
3051,Employee 03051,,Manager,85,2019-01-28,51764.96
3052,Employee 03052,procurement,Coordinator,32,2019-10-19,115191.32
3053,Employee 03053,Logistics,Coordinator,541,2021-12-14,117406.56
3054,Employee 03054,Operations,Associate,603,2017-05-01,46124.45
3055,Employee 03055,Procurement,Analyst,269,2016-01-05,163877.84
3056,Employee 03056,Procurement,Associate,322,2019-09-12,109211.12
3057,Employee 03057,Logistics,Supervisor,789,2022-10-17,164824.71
3058,Employee 03058,Procurement,Coordinator,691,2022-04-14,124227.41
3059,Employee 03059,Logistics,Coordinator,769,2015-03-06,106008.71
3060,Employee 03060,Sales,Associate,638,2017-01-17,71719.8
3061,Employee 03061,Sales,Analyst,450,2020-12-07,153625.37
3062,Employee 03062,Logistics,Executive,752,2016-02-23,112775.84
3063,Employee 03063,Procurement,Associate,307,2016-09-18,34310.12
3064,Employee 03064,Finance,Manager,669,2018-01-20,158951.96
3065,Employee 03065,Logistics,Associate,398,2022-05-15,107224.5
3066,Employee 03066,Sales,Manager,712,2021-12-06,151658.52
3067,Employee 03067,Sales,Associate,456,2021-05-30,139920.45
3068,Employee 03068,Logistics ,Supervisor,193,2017-09-27,158427.3
3069,Employee 03069,Sales,Coordinator,23,2016-01-29,100188.86
3070,Employee 03070,Finance,Supervisor,401,2020-02-05,157934.45
3071,Employee 03071,Warehouse,Manager,894,2017-05-29,97686.66
3072,Employee 03072,Logistics,Analyst,509,2016-05-25,18950.73
3073,Employee 03073,Warehouse,Manager,530,2021-05-14,99928.21
3074,Employee 03074,Finance,Analyst,1000,2024-06-01,27777.43
3075,Employee 03075,Warehouse,Analyst,562,2015-06-14,38196.28
3076,Employee 03076,Logistics,Executive,177,2017-07-18,37258.6
3077,Employee 03077,Sales,Coordinator,161,2023-08-19,133106.89
3078,Employee 03078,Finance,Executive,358,2018-03-21,39874.08
3079,Employee 03079,Warehouse,Executive,894,2015-01-23,128682.23
3080,Employee 03080,Finance,Analyst,558,2016-05-17,19473.37
3081,Employee 03081,Operations,Executive,110,2018-11-27,77748.02
3082,Employee 03082,Operations,Supervisor,667,2015-06-12,37055.89
3083,Employee 03083,Logistics,Associate,586,2019-03-10,74208.99
3084,Employee 03084,Warehouse,Coordinator,489,2022-06-14,95714.56
3085,Employee 03085,logistics,Coordinator,97,2023-05-04,84541.53
3086,Employee 03086,Finance,Analyst,1,2017-07-17,41053.0
3087,Employee 03087,Sales,Manager,947,2020-08-03,179658.98
3088,Employee 03088,Procurement,Coordinator,673,2020-12-23,141511.66
3089,Employee 03089,Procurement,Coordinator,761,2015-03-02,112725.74
3090,Employee 03090,Logistics,Analyst,971,2022-04-25,106035.14
3091,Employee 03091,Logistics,Coordinator,548,2016-03-31,170683.74
3092,Employee 03092,Operations,Analyst,267,2022-05-06,106059.05
3093,Employee 03093,Warehouse,Executive,284,2017-04-09,115254.05
3094,Employee 03094,Finance,Associate,860,2021-09-03,126318.51
3095,Employee 03095,Operations,Coordinator,729,2020-07-24,106586.53
3096,Employee 03096,Procurement,Supervisor,189,2015-08-05,32273.59
3097,Employee 03097,Logistics,Analyst,282,2015-12-07,170842.59
3098,Employee 03098,Operations,Supervisor,113,2022-11-06,37639.89
3099,Employee 03099,Procurement,Analyst,279,2020-04-19,38649.84
3100,Employee 03100,Operations,Associate,346,2018-09-01,76191.34
3101,Employee 03101,Finance,Analyst,583,2020-08-20,114381.76
3102,Employee 03102,Sales,Coordinator,400,2023-04-07,18359.94
3103,Employee 03103,Procurement,Associate,378,2023-04-06,115424.07
3104,Employee 03104,Warehouse,Associate,506,2023-10-11,113770.52
3105,Employee 03105,Warehouse,Coordinator,489,2023-06-30,23250.1
3106,Employee 03106,Logistics,Executive,761,2019-01-04,162488.02
3107,Employee 03107,Sales,Manager,367,2015-11-26,62104.38
3108,Employee 03108,Warehouse,Coordinator,834,2015-07-24,117026.37
3109,Employee 03109,Procurement,Analyst,560,2020-08-12,72352.01
3110,Employee 03110,Warehouse,Analyst,139,2021-09-17,142129.22
3111,Employee 03111,Warehouse,Supervisor,251,2022-03-26,75814.33
3112,Employee 03112,Warehouse,Coordinator,247,2015-07-18,125982.33
3113,Employee 03113,Procurement,Coordinator,703,2015-09-28,58082.38
3114,Employee 03114,Procurement,Executive,99,2017-02-12,108797.52
3115,Employee 03115,Sales,Associate,463,2024-06-13,89986.6
3116,Employee 03116,Sales,Associate,723,2021-03-22,38755.58
3117,Employee 03117,Finance,Associate,375,2017-11-17,118869.0
3118,Employee 03118,Operations,Supervisor,261,2018-12-19,165622.66
3119,Employee 03119,Operations,Associate,447,2018-11-28,168930.36
3120,Employee 03120,sales,Analyst,13,2022-08-18,91851.51
3121,Employee 03121,Procurement,Associate,697,2015-04-28,137070.86
3122,Employee 03122,Finance,Coordinator,830,2020-01-20,177423.51
3123,Employee 03123,Logistics,Coordinator,718,2017-09-12,146390.16
3124,Employee 03124,Finance,Supervisor,3,2020-05-08,147665.5
3125,Employee 03125,Operations,Supervisor,860,2015-06-09,82642.16
3126,Employee 03126,Logistics,Coordinator,84,2024-03-14,23069.57
3127,Employee 03127,Sales,Supervisor,14,2022-11-24,121861.38
3128,Employee 03128,Sales,Analyst,481,2016-01-04,81791.09
3129,Employee 03129,Operations,Supervisor,501,2015-04-20,57776.02
3130,Employee 03130,Warehouse,Executive,690,2023-05-06,126238.64
3131,Employee 03131,Operations,Manager,501,2017-08-31,19644.42
3132,Employee 03132,Logistics,Supervisor,458,2017-08-30,41314.4
3133,Employee 03133,Logistics,Manager,879,2024-01-07,164606.65
3134,Employee 03134,Operations,Manager,769,2022-12-11,20321.72
3135,Employee 03135,Logistics,Manager,649,2019-08-12,139211.55
3136,Employee 03136,Operations,Manager,613,2021-07-09,96863.5
3137,Employee 03137,Logistics,Executive,730,2024-05-22,74043.08
3138,Employee 03138,Operations,Executive,945,2019-05-25,-10000.0
3139,Employee 03139,Warehouse,Supervisor,308,2018-04-25,87783.0
3140,Employee 03140,Finance,Analyst,315,2021-06-23,30803.81
3141,Employee 03141,Finance ,Executive,664,2018-10-23,111322.32
3142,Employee 03142,Warehouse,Supervisor,966,2022-04-28,55863.33
3143,Employee 03143,Warehouse,Coordinator,165,2019-08-09,23784.94
3144,Employee 03144,Warehouse,Coordinator,834,2021-05-14,107349.4
3145,Employee 03145,Warehouse,Coordinator,183,2016-09-12,111922.52
3146,Employee 03146,Procurement,Supervisor,519,2024-02-23,151569.81
3147,Employee 03147,Operations,Analyst,941,2017-02-14,156203.74
3148,Employee 03148,Operations,Analyst,935,2022-04-19,163414.12
3149,Employee 03149,Logistics,Manager,837,2017-09-04,86761.0
3150,Employee 03150,Operations,Associate,862,2015-06-05,95620.56
3151,Employee 03151,Sales,Associate,886,2017-01-03,0.0
3152,Employee 03152,Logistics,Associate,319,2021-11-08,109281.47
3153,Employee 03153,Sales,Executive,402,2016-07-28,28100.85
3154,Employee 03154,Procurement,Analyst,258,2018-08-19,87581.51
3155,Employee 03155,Procurement,Analyst,289,2019-09-15,138595.43
3156,Employee 03156,Operations,Analyst,975,2015-12-02,91961.84
3157,Employee 03157,Logistics,Associate,138,2021-03-07,24932.12
3158,Employee 03158,Operations,Coordinator,11,2023-01-01,96279.3
3159,Employee 03159,Warehouse,Manager,969,2023-05-11,93326.0
3160,Employee 03160,Operations,Executive,824,2017-05-04,59934.57
3161,Employee 03161,Sales,Associate,945,2016-03-30,63732.12
3162,Employee 03162,Warehouse,Supervisor,536,2022-01-14,169332.61
3163,Employee 03163,Sales,Analyst,41,2019-03-28,96897.16
3164,Employee 03164,Sales,Analyst,621,2016-01-01,111191.42
3165,Employee 03165,sales,Associate,969,2022-03-18,53483.79
3166,Employee 03166,Operations,Supervisor,3,2016-01-31,50555.97
3167,Employee 03167,Warehouse,Associate,467,2021-11-10,52790.68
3168,Employee 03168,Sales,Associate,173,2018-11-08,107596.82
3169,Employee 03169,Procurement,Associate,816,2022-11-17,111511.4
3170,Employee 03170,Sales,Executive,571,2022-10-18,84839.8
3171,Employee 03171,Operations,Coordinator,570,2018-04-18,151568.93
3172,Employee 03172,Sales,Analyst,597,2017-05-17,150092.13
3173,Employee 03173,Procurement,Coordinator,704,2019-07-06,100553.38
3174,Employee 03174,Finance ,Associate,842,2022-03-01,119153.26
3175,Employee 03175,Procurement,Supervisor,490,2016-05-19,69900.45
3176,Employee 03176,Warehouse,Analyst,259,2022-12-01,64463.57
3177,Employee 03177,Finance ,Supervisor,623,2016-10-07,43340.5
3178,Employee 03178,Sales,Associate,357,2018-03-31,52786.39
3179,Employee 03179,Logistics,Analyst,508,2023-03-01,151275.64
3180,Employee 03180,Warehouse,Supervisor,437,2023-10-15,122451.44
3181,Employee 03181,Finance,Associate,253,2018-08-19,92954.37
3182,Employee 03182,Finance,Analyst,209,2020-05-26,30033.93
3183,Employee 03183,Logistics,Associate,570,2020-07-20,162029.8
3184,Employee 03184,Warehouse,Coordinator,609,2021-06-16,48287.36
3185,Employee 03185,Logistics,Coordinator,686,2020-09-18,50236.89
3186,Employee 03186,Procurement,Analyst,188,2017-12-04,23431.16
3187,Employee 03187,Warehouse,Executive,574,2023-11-23,138049.42
3188,Employee 03188,Finance,Associate,384,2017-11-28,156040.35
3189,Employee 03189,Procurement,Analyst,620,2017-07-07,53321.83
3190,Employee 03190,Operations,Coordinator,680,2023-04-13,131274.04
3191,Employee 03191,Sales,Executive,601,2015-04-05,35540.04
3192,Employee 03192,Operations,Analyst,864,2017-01-13,162673.88
3193,Employee 03193,,Supervisor,755,2021-07-24,172670.89
3194,Employee 03194,Sales,Analyst,942,2016-04-03,143796.56
3195,Employee 03195,Procurement,Supervisor,732,2018-04-27,150780.18
3196,Employee 03196,Warehouse,Manager,205,2020-08-14,176274.3
3197,Employee 03197,Operations,Supervisor,145,2015-02-08,44887.13
3198,Employee 03198,Finance,Associate,252,2018-09-15,158194.1
3199,Employee 03199,Operations,Associate,295,2015-11-17,45219.44
3200,Employee 03200,Sales,Coordinator,635,2016-04-26,127875.74
3201,Employee 03201,Sales,Coordinator,10,2016-12-01,168166.36
3202,Employee 03202,Finance,Associate,623,2020-05-01,72279.85
3203,Employee 03203,Procurement,Executive,774,2015-07-21,72463.42
3204,Employee 03204,Operations,Supervisor,778,2017-09-20,96655.01
3205,Employee 03205,Finance,Executive,368,2017-12-05,51431.89
3206,Employee 03206,Operations,Manager,81,2021-05-23,60810.09
3207,Employee 03207,Finance,Executive,259,2018-07-01,144040.64
3208,Employee 03208,Procurement,Analyst,54,2024-02-17,32454.91
3209,Employee 03209,Warehouse,Manager,64,2016-10-24,96811.94
3210,Employee 03210,Sales,Coordinator,508,2023-02-27,107536.1
3211,Employee 03211,Finance,Supervisor,816,2018-05-28,159923.94
3212,Employee 03212,Operations,Analyst,124,2015-11-07,35929.27
3213,Employee 03213,Operations,Manager,159,2018-09-14,157028.85
3214,Employee 03214,Logistics,Associate,879,2021-03-25,110270.82
3215,Employee 03215,Operations,Manager,451,2015-11-12,36765.62
3216,Employee 03216,Logistics,Executive,501,2019-09-29,24278.07
3217,Employee 03217,Finance,Associate,361,2016-05-24,134460.37
3218,Employee 03218,Logistics,Manager,918,2015-04-20,98672.46
3219,Employee 03219,Finance,Manager,939,2017-10-19,170841.23
3220,Employee 03220,Operations,Analyst,594,2020-02-09,110982.86
3221,Employee 03221,Sales,Analyst,42,2018-10-05,122918.8
3222,Employee 03222,Warehouse,Executive,939,2020-09-21,44649.33
3223,Employee 03223,Warehouse,Supervisor,454,2023-08-05,108033.8
3224,Employee 03224,Operations,Coordinator,56,2022-12-29,122943.41
3225,Employee 03225,Warehouse,Analyst,126,2022-03-18,100497.89
3226,Employee 03226,Procurement,Coordinator,691,2022-08-05,134761.48
3227,Employee 03227,Finance,Supervisor,167,2017-03-04,175676.35
3228,Employee 03228,Operations,Supervisor,287,2021-01-19,165633.48
3229,Employee 03229,Warehouse,Executive,481,2023-03-05,29981.79
3230,Employee 03230,Logistics,Analyst,899,2017-08-28,110205.44
3231,Employee 03231,Warehouse,Supervisor,453,2016-03-05,38066.08
3232,Employee 03232,Logistics,Executive,530,2019-03-27,147196.18
3233,Employee 03233,Finance,Supervisor,26,2019-07-22,54683.72
3234,Employee 03234,Operations,Analyst,974,2015-10-29,137407.25
3235,Employee 03235,Procurement,Manager,994,2015-08-17,131836.35
3236,Employee 03236,Sales,Executive,711,2020-08-31,26742.16
3237,Employee 03237,Procurement,Coordinator,778,2023-06-17,56617.4
3238,Employee 03238,Sales,Analyst,927,2015-12-10,28416.89
3239,Employee 03239,Sales,Supervisor,65,2018-01-08,30486.84
3240,Employee 03240,Procurement,Analyst,340,2017-03-18,36797.34
3241,Employee 03241,Procurement,Analyst,988,2024-05-29,115051.97
3242,Employee 03242,Procurement,Supervisor,697,2018-05-24,173950.51
3243,Employee 03243,Operations,Supervisor,323,2022-08-03,131012.77
3244,Employee 03244,Warehouse,Supervisor,273,2021-09-22,136595.84
3245,Employee 03245,Operations,Supervisor,71,2023-08-07,111760.45
3246,Employee 03246,Logistics,Manager,184,2015-03-29,43127.69
3247,Employee 03247,Warehouse,Supervisor,762,2021-10-21,173328.84
3248,Employee 03248,Operations,Analyst,189,2023-04-24,40616.53
3249,Employee 03249,Logistics,Analyst,92,2016-04-21,62071.64
3250,Employee 03250,Finance,Manager,957,2016-09-07,153658.3
3251,Employee 03251,Sales,Analyst,605,2022-04-23,89771.6
3252,Employee 03252,Warehouse,Analyst,260,2020-03-06,42768.94
3253,Employee 03253,Finance,Associate,41,2017-01-12,131401.46
3254,Employee 03254,Operations,Coordinator,978,2016-10-23,82106.35
3255,Employee 03255,Finance,Analyst,246,2024-04-12,160185.4
3256,Employee 03256,Sales,Supervisor,442,2019-09-08,178176.09
3257,Employee 03257,Warehouse,Associate,565,2023-06-14,123565.6
3258,Employee 03258,Warehouse,Associate,723,2019-11-07,105444.68
3259,Employee 03259,Sales,Associate,133,2019-05-03,99088.87
3260,Employee 03260,Procurement,Associate,122,2017-05-05,78600.73
3261,Employee 03261,Procurement,Executive,151,2020-09-24,55861.52
3262,Employee 03262,Procurement,Associate,361,2024-05-30,162102.89
3263,Employee 03263,Operations,Analyst,755,2015-07-29,37400.72
3264,Employee 03264,Logistics,Executive,49,2023-03-16,102777.83
3265,Employee 03265,Logistics,Manager,64,2018-04-11,115371.23
3266,Employee 03266,Operations,Supervisor,996,2018-09-17,169675.51
3267,Employee 03267,Warehouse,Supervisor,860,2017-02-08,95724.45
3268,Employee 03268,Logistics ,Associate,452,2022-05-03,114233.31
3269,Employee 03269,Sales,Manager,518,2016-04-16,156712.44
3270,Employee 03270,Sales,Supervisor,240,2020-04-11,152408.38
3271,Employee 03271,operations,Coordinator,855,2016-01-01,162520.1
3272,Employee 03272,Sales,Associate,41,2020-04-26,126485.8
3273,Employee 03273,Procurement,Coordinator,932,2017-01-05,81788.6
3274,Employee 03274,Procurement,Supervisor,690,2020-07-04,45141.13
3275,Employee 03275,Sales,Coordinator,807,2020-04-21,33764.12
3276,Employee 03276,Warehouse,Supervisor,521,2019-12-14,98611.81
3277,Employee 03277,Sales,Analyst,209,2017-12-11,40180.41
3278,Employee 03278,Sales,Manager,436,2024-04-17,34800.19
3279,Employee 03279,Sales,Associate,544,2016-04-02,44065.36
3280,Employee 03280,Finance,Coordinator,579,2023-07-19,53265.15
3281,Employee 03281,Warehouse,Manager,615,2020-03-16,116700.56
3282,Employee 03282,Procurement,Analyst,243,2018-04-26,127081.62
3283,Employee 03283,Sales,Analyst,555,2017-04-09,69524.68
3284,Employee 03284,Logistics,Coordinator,201,2016-08-14,164526.24
3285,Employee 03285,Procurement,Executive,587,2017-12-12,176994.8
3286,Employee 03286,Logistics,Executive,651,2017-08-04,26832.09
3287,Employee 03287,Procurement,Manager,285,2015-09-20,75603.02
3288,Employee 03288,Finance,Associate,843,2021-05-24,38734.82
3289,Employee 03289,Warehouse,Coordinator,359,2018-09-23,130558.0
3290,Employee 03290,Logistics,Manager,789,2019-06-15,50897.33
3291,Employee 03291,Operations,Supervisor,891,2015-11-25,114864.84
3292,Employee 03292,Warehouse,Manager,158,2020-12-07,95402.05
3293,Employee 03293,Finance,Supervisor,38,2022-12-24,43352.54
3294,Employee 03294,Finance,Associate,808,2015-11-04,153995.69
3295,Employee 03295,Logistics,Supervisor,976,2023-04-12,107020.55
3296,Employee 03296,Operations,Analyst,267,2023-10-02,176967.6
3297,Employee 03297,Logistics,Coordinator,304,2020-02-26,158463.6
3298,Employee 03298,Sales,Coordinator,436,2024-03-20,23074.04
3299,Employee 03299,Logistics,Executive,274,2021-09-05,57855.11
3300,Employee 03300,Operations,Manager,247,2017-02-10,160861.07
3301,Employee 03301,Sales,Supervisor,238,2020-01-15,158703.86
3302,Employee 03302,Operations,Manager,49,2022-10-24,43135.08
3303,Employee 03303,procurement,Supervisor,134,2022-06-26,42961.36
3304,Employee 03304,Sales,Supervisor,842,2015-05-27,36822.57
3305,Employee 03305,Operations,Coordinator,336,2022-12-11,142157.75
3306,Employee 03306,Procurement,Analyst,592,2016-07-18,24061.11
3307,Employee 03307,procurement,Executive,147,2018-09-18,114178.99
3308,Employee 03308,Logistics,Manager,78,2019-12-19,21469.65
3309,Employee 03309,Sales,Manager,157,2019-07-08,58460.32
3310,Employee 03310,Procurement,Manager,901,2019-06-11,153522.08
3311,Employee 03311,Warehouse,Executive,711,2023-01-04,102636.39
3312,Employee 03312,Procurement,Associate,799,2023-01-06,141842.27
3313,Employee 03313,Procurement,Manager,106,2020-01-22,94151.21
3314,Employee 03314,Sales,Supervisor,71,2020-05-14,114811.9
3315,Employee 03315,Logistics,Analyst,638,2023-05-03,174398.77
3316,Employee 03316,Finance,Supervisor,886,2018-04-24,121529.76
3317,Employee 03317,Operations,Associate,51,2023-10-27,59741.54
3318,Employee 03318,Warehouse,Coordinator,385,2017-09-04,74481.98
3319,Employee 03319,Warehouse,Supervisor,343,2022-03-22,28891.44
3320,Employee 03320,Warehouse,Coordinator,368,2015-10-07,30251.77
3321,Employee 03321,Sales,Executive,390,2024-01-26,179397.41
3322,Employee 03322,Operations,Associate,621,2015-03-25,137760.28
3323,Employee 03323,warehouse,Analyst,56,2017-06-24,171266.86
3324,Employee 03324,Operations,Associate,481,2024-05-20,19190.12
3325,Employee 03325,Operations,Analyst,14,2016-09-10,155164.32
3326,Employee 03326,Finance,Manager,545,2018-07-14,167632.23
3327,Employee 03327,Warehouse,Coordinator,684,2020-07-22,128976.41
3328,Employee 03328,Procurement,Executive,754,2023-08-11,85618.34
3329,Employee 03329,sales,Coordinator,583,2022-10-23,52297.04
3330,Employee 03330,Sales,Manager,361,2023-07-20,48404.48
3331,Employee 03331,Sales,Supervisor,144,2019-06-06,102552.1
3332,Employee 03332,Operations,Analyst,546,2022-06-18,159794.87
3333,Employee 03333,Sales,Manager,863,2024-05-16,108180.53
3334,Employee 03334,Sales,Executive,732,2019-01-18,43203.88
3335,Employee 03335,Operations,Coordinator,526,2018-12-19,130327.73
3336,Employee 03336,Logistics,Analyst,609,2019-09-17,33944.27
3337,Employee 03337,Logistics,Supervisor,265,2015-10-22,142194.52
3338,Employee 03338,Logistics,Associate,611,2022-03-27,132796.26
3339,Employee 03339,Logistics,Supervisor,301,2018-01-05,115631.97
3340,Employee 03340,Finance,Coordinator,817,2023-12-16,132717.45
3341,Employee 03341,Finance,Supervisor,70,2018-02-11,76358.09
3342,Employee 03342,Sales,Coordinator,16,2020-03-01,96170.59
3343,Employee 03343,Finance,Associate,932,2023-08-10,169110.77
3344,Employee 03344,Procurement,Associate,916,2017-06-18,76827.2
3345,Employee 03345,Logistics,Manager,255,2023-02-02,125179.51
3346,Employee 03346,Operations,Manager,343,2021-08-07,114621.95
3347,Employee 03347,Procurement,Manager,443,2019-03-13,32122.15
3348,Employee 03348,Logistics,Manager,105,2022-02-06,111588.16
3349,Employee 03349,Logistics,Supervisor,41,2015-11-04,35845.28
3350,Employee 03350,Sales,Supervisor,277,2019-06-03,33984.6
3351,Employee 03351,Logistics,Coordinator,85,2019-04-05,64481.46
3352,Employee 03352,Logistics,Analyst,845,2022-01-30,117584.91
3353,Employee 03353,Procurement,Analyst,23,2022-11-29,57241.68
3354,Employee 03354,Procurement,Associate,921,2016-09-29,136135.07
3355,Employee 03355,Logistics,Executive,721,2018-03-06,149180.6
3356,Employee 03356,Procurement,Executive,107,2022-01-02,146201.15
3357,Employee 03357,Warehouse,Coordinator,950,2023-04-27,166311.16
3358,Employee 03358,Warehouse,Manager,593,2022-01-23,33782.25
3359,Employee 03359,Finance,Manager,79,2024-01-25,147927.48
3360,Employee 03360,Logistics,Manager,112,2016-09-28,121986.36
3361,Employee 03361,Operations,Associate,90,2019-05-18,173736.95
3362,Employee 03362,Finance,Supervisor,29,2021-04-26,139047.28
3363,Employee 03363,Warehouse,Analyst,279,2017-09-06,118658.96
3364,Employee 03364,Procurement,Coordinator,796,2018-12-27,28205.05
3365,Employee 03365,Sales,Coordinator,970,2016-12-02,134390.48
3366,Employee 03366,Logistics,Coordinator,18,2016-11-12,65607.06
3367,Employee 03367,Warehouse,Associate,355,2018-08-08,75685.96
3368,Employee 03368,Operations,Analyst,361,2017-04-14,87783.7
3369,Employee 03369,Logistics,Coordinator,412,2019-11-24,133734.74
3370,Employee 03370,Logistics,Manager,744,2020-12-24,171192.97
3371,Employee 03371,Operations,Supervisor,789,2020-09-11,93569.69
3372,Employee 03372,Finance,Analyst,928,2020-06-21,122862.02
3373,Employee 03373,Operations,Executive,133,2019-07-24,88131.36
3374,Employee 03374,Logistics,Coordinator,713,2019-10-15,176790.79
3375,Employee 03375,finance,Manager,442,2019-09-11,135585.67
3376,Employee 03376,Procurement,Manager,491,2016-06-27,121853.57
3377,Employee 03377,Finance,Manager,792,2021-02-21,68109.55
3378,Employee 03378,Operations,Manager,621,2015-03-14,114893.79
3379,Employee 03379,Warehouse,Coordinator,763,2019-02-02,179360.93
3380,Employee 03380,Logistics,Analyst,436,2018-11-01,105489.03
3381,Employee 03381,Operations,Supervisor,107,2020-10-24,22026.57
3382,Employee 03382,Sales,Associate,140,2019-09-08,42137.4
3383,Employee 03383,Finance,Manager,75,2015-09-28,96409.88
3384,Employee 03384,Logistics,Coordinator,415,2021-10-16,104080.26
3385,Employee 03385,,Manager,647,2019-03-24,178886.74
3386,Employee 03386,Operations,Associate,537,2022-10-04,107519.77
3387,Employee 03387,Operations,Executive,849,2015-11-17,73317.9
3388,Employee 03388,Operations,Analyst,392,2015-09-29,158765.65
3389,Employee 03389,Procurement,Coordinator,755,2016-11-03,129117.51
3390,Employee 03390,Logistics,Executive,128,2022-11-25,56861.8
3391,Employee 03391,Finance,Executive,240,2018-09-12,111231.07
3392,Employee 03392,Procurement,Supervisor,848,2020-05-11,166620.59
3393,Employee 03393,Operations,Supervisor,880,2015-11-16,117787.54
3394,Employee 03394,Procurement,Supervisor,717,2017-04-19,95667.1
3395,Employee 03395,Logistics,Manager,765,2022-08-25,23960.73
3396,Employee 03396,Sales,Associate,920,2024-02-08,49467.32
3397,Employee 03397,,Coordinator,258,2015-03-10,111482.38
3398,Employee 03398,Operations,Analyst,452,2021-11-14,99880.15
3399,Employee 03399,Procurement,Executive,820,2019-11-13,0.0
3400,Employee 03400,Finance,Manager,857,2017-10-07,52135.65
3401,Employee 03401,Finance,Associate,358,2016-03-19,45042.31
3402,Employee 03402,Sales,Associate,160,2017-11-15,62852.03
3403,Employee 03403,Sales,Coordinator,686,2020-04-08,114959.17
3404,Employee 03404,Logistics ,Coordinator,2,2015-09-16,139393.01
3405,Employee 03405,Finance,Coordinator,14,2023-06-06,61112.85
3406,Employee 03406,Warehouse,Analyst,926,2019-10-20,79151.56
3407,Employee 03407,Sales,Analyst,174,2016-06-23,126901.48
3408,Employee 03408,Procurement,Analyst,693,2018-07-31,84538.18
3409,Employee 03409,Finance,Executive,715,2020-11-27,156369.41
3410,Employee 03410,Operations,Manager,489,2019-11-29,118709.45
3411,Employee 03411,Procurement,Supervisor,721,2021-08-30,44401.25
3412,Employee 03412,Logistics,Analyst,517,2017-02-03,26780.64
3413,Employee 03413,Warehouse,Analyst,97,2016-03-29,153317.36
3414,Employee 03414,Operations,Coordinator,3,2016-01-24,170134.37
3415,Employee 03415,Finance,Coordinator,898,2018-10-20,156906.32
3416,Employee 03416,Warehouse,Supervisor,457,2016-12-30,59225.87
3417,Employee 03417,Operations,Associate,532,2024-03-17,110618.99
3418,Employee 03418,Procurement,Coordinator,311,2022-09-03,28827.99
3419,Employee 03419,Logistics,Supervisor,813,2024-01-17,40430.73
3420,Employee 03420,Warehouse,Supervisor,622,2016-05-22,100000.97
3421,Employee 03421,Sales,Analyst,391,2020-08-28,102791.09
3422,Employee 03422,finance,Associate,46,2021-05-27,172571.62
3423,Employee 03423,Warehouse,Coordinator,100,2019-07-22,131336.5
3424,Employee 03424,Logistics,Coordinator,369,2021-06-28,138768.11
3425,Employee 03425,Finance,Supervisor,543,2020-11-10,177346.84
3426,Employee 03426,Warehouse,Manager,770,2016-02-26,61502.31
3427,Employee 03427,Finance,Associate,277,2021-11-14,72852.42
3428,Employee 03428,Sales,Supervisor,341,2018-01-06,74045.26
3429,Employee 03429,Logistics,Associate,827,2018-07-19,109734.12
3430,Employee 03430,Procurement,Analyst,167,2022-08-02,151392.64
3431,Employee 03431,Warehouse,Analyst,501,2021-04-12,74887.81
3432,Employee 03432,Procurement,Supervisor,191,2020-12-06,147887.62
3433,Employee 03433,Operations,Supervisor,301,2017-12-08,100868.17
3434,Employee 03434,Operations,Analyst,921,2017-08-08,83194.42
3435,Employee 03435,Operations,Associate,537,2021-08-13,172673.22
3436,Employee 03436,Operations,Coordinator,541,2022-03-20,81462.27
3437,Employee 03437,Operations,Associate,452,2016-10-04,170778.31
3438,Employee 03438,Procurement,Analyst,49,2024-05-30,57842.55
3439,Employee 03439,Finance,Supervisor,355,2023-03-01,163631.67
3440,Employee 03440,Procurement,Associate,795,2015-11-24,119192.33
3441,Employee 03441,Finance,Coordinator,521,2017-08-21,39636.88
3442,Employee 03442,Logistics,Associate,128,2020-04-09,91520.98
3443,Employee 03443,Procurement,Executive,833,2024-06-24,97864.69
3444,Employee 03444,Finance,Coordinator,468,2016-06-15,99722.06
3445,Employee 03445,Warehouse,Executive,320,2023-12-15,47798.79
3446,Employee 03446,Logistics,Coordinator,567,2023-11-24,59789.41
3447,Employee 03447,Finance,Coordinator,659,2015-09-22,67743.36
3448,Employee 03448,Sales,Associate,1,2020-03-06,46606.51
3449,Employee 03449,Operations,Associate,488,2022-02-14,77526.12
3450,Employee 03450,Operations,Associate,521,2022-04-21,43591.11
3451,Employee 03451,Operations,Supervisor,382,2021-06-06,62635.15
3452,Employee 03452,Logistics,Associate,585,2020-05-12,103749.33
3453,Employee 03453,Procurement,Coordinator,792,2018-10-16,166989.3
3454,Employee 03454,Procurement,Associate,175,2020-03-11,171854.96
3455,Employee 03455,Logistics,Associate,414,2021-09-03,38012.19
3456,Employee 03456,Warehouse,Supervisor,154,2019-05-08,144060.56
3457,Employee 03457,Finance,Coordinator,448,2020-01-02,126940.55
3458,Employee 03458,Procurement,Supervisor,371,2022-03-24,92556.81
3459,Employee 03459,Sales,Executive,266,2018-02-03,128132.08
3460,Employee 03460,Procurement,Analyst,54,2023-07-26,37844.01
3461,Employee 03461,Logistics,Manager,541,2022-06-04,170008.25
3462,Employee 03462,Procurement,Manager,413,2019-10-26,111247.11
3463,Employee 03463,Warehouse,Manager,121,2021-07-01,89596.18
3464,Employee 03464,Warehouse,Analyst,929,2022-05-09,141747.83
3465,Employee 03465,Warehouse,Manager,746,2021-12-05,158965.42
3466,Employee 03466,Operations ,Executive,190,2020-07-11,117379.62
3467,Employee 03467,Sales,Coordinator,593,2016-04-20,77519.52
3468,Employee 03468,Finance,Executive,434,2023-05-05,30672.18
3469,Employee 03469,Finance,Executive,277,2016-10-24,68429.72
3470,Employee 03470,operations,Associate,452,2015-03-19,49866.93
3471,Employee 03471,Procurement,Manager,95,2018-08-03,145279.43
3472,Employee 03472,Operations ,Associate,286,2019-09-13,160602.67
3473,Employee 03473,Logistics,Manager,313,2017-08-05,76967.94
3474,Employee 03474,Finance,Associate,24,2015-11-08,125736.3
3475,Employee 03475,Logistics,Supervisor,58,2023-02-22,140234.71
3476,Employee 03476,Sales,Analyst,313,2021-07-13,85351.04
3477,Employee 03477,Finance,Coordinator,601,2022-08-02,72498.74
3478,Employee 03478,Warehouse,Manager,297,2024-07-20,19957.72
3479,Employee 03479,Warehouse,Supervisor,703,2023-07-24,61739.53
3480,Employee 03480,Warehouse,Executive,398,2022-05-16,103007.78
3481,Employee 03481,Operations,Associate,829,2015-09-06,153179.42
3482,Employee 03482,Sales,Executive,744,2015-12-21,160542.86
3483,Employee 03483,Finance,Manager,237,2020-05-18,88112.41
3484,Employee 03484,Procurement,Analyst,681,2022-05-11,32413.57
3485,Employee 03485,Logistics,Manager,91,2017-12-31,141929.51
3486,Employee 03486,Warehouse,Associate,957,2020-07-26,20928.2
3487,Employee 03487,Finance,Executive,317,2015-07-19,41962.63
3488,Employee 03488,Sales,Supervisor,438,2022-09-04,179783.46
3489,Employee 03489,Logistics,Supervisor,17,2015-09-12,33654.97
3490,Employee 03490,Procurement,Analyst,81,2024-07-13,47564.13
3491,Employee 03491,Finance,Supervisor,974,2016-07-16,101098.48
3492,Employee 03492,Finance,Coordinator,569,2021-06-24,159199.49
3493,Employee 03493,Finance,Analyst,202,2018-07-26,134311.0
3494,Employee 03494,Logistics,Executive,161,2022-06-03,104063.4
3495,Employee 03495,Sales,Coordinator,451,2015-04-16,93133.3
3496,Employee 03496,Sales,Analyst,224,2017-03-26,147403.06
3497,Employee 03497,Operations,Associate,541,2021-05-08,116034.82
3498,Employee 03498,Sales,Associate,993,2018-09-17,166215.64
3499,Employee 03499,Finance,Supervisor,509,2024-03-18,138592.24
3500,Employee 03500,Logistics,Manager,178,2021-01-25,172970.63
3501,Employee 03501,Operations,Executive,609,2022-08-13,148552.29
3502,Employee 03502,Operations,Executive,749,2016-10-11,26241.66
3503,Employee 03503,Operations,Coordinator,477,2016-01-31,87212.48
3504,Employee 03504,Warehouse,Analyst,242,2022-07-27,95075.29
3505,Employee 03505,Finance,Manager,130,2017-01-20,114152.75
3506,Employee 03506,Logistics,Analyst,196,2017-09-01,101281.46
3507,Employee 03507,Procurement,Analyst,118,2020-02-18,35023.08
3508,Employee 03508,Operations,Manager,870,2020-05-10,126777.33
3509,Employee 03509,Warehouse,Executive,504,2015-01-20,138721.8
3510,Employee 03510,Operations,Supervisor,252,2019-02-03,136805.43
3511,Employee 03511,Sales,Analyst,510,2016-10-27,40770.81
3512,Employee 03512,Operations,Executive,104,2019-02-04,22133.37
3513,Employee 03513,Warehouse,Manager,450,2023-01-10,135455.52
3514,Employee 03514,Procurement ,Coordinator,151,2019-03-21,75424.04
3515,Employee 03515,Operations,Manager,897,2021-11-29,89918.7
3516,Employee 03516,Sales,Analyst,409,2017-02-13,158043.71
3517,Employee 03517,Sales,Manager,688,2021-03-25,79569.47
3518,Employee 03518,Operations,Coordinator,833,2018-09-01,88760.73
3519,Employee 03519,Warehouse,Executive,895,2016-08-05,143501.92
3520,Employee 03520,Operations,Coordinator,71,2016-11-14,115055.45
3521,Employee 03521,Operations,Manager,464,2024-06-01,156503.35
3522,Employee 03522,Sales,Executive,756,2023-06-12,169098.45
3523,Employee 03523,Procurement,Coordinator,564,2016-12-03,69203.42
3524,Employee 03524,Warehouse,Analyst,665,2018-09-05,41505.79
3525,Employee 03525,Finance,Executive,596,2022-03-05,99288.83
3526,Employee 03526,Logistics,Supervisor,281,2015-07-18,58170.79
3527,Employee 03527,Procurement,Supervisor,448,2018-07-28,31426.89
3528,Employee 03528,Operations,Analyst,264,2020-02-15,66242.45
3529,Employee 03529,Sales,Manager,774,2019-07-28,70501.41
3530,Employee 03530,Procurement,Supervisor,195,2015-10-31,18091.16
3531,Employee 03531,Finance,Supervisor,299,2022-05-09,150240.17
3532,Employee 03532,Sales,Supervisor,29,2019-04-20,77032.3
3533,Employee 03533,Sales,Coordinator,242,2020-12-16,42983.96
3534,Employee 03534,Procurement,Manager,732,2019-05-18,121827.07
3535,Employee 03535,Logistics ,Executive,666,2021-05-04,148032.76
3536,Employee 03536,Sales,Analyst,432,2021-07-27,68845.77
3537,Employee 03537,Finance,Coordinator,856,2020-12-18,80294.79
3538,Employee 03538,Logistics,Analyst,195,2020-03-10,90119.17
3539,Employee 03539,Procurement ,Supervisor,348,2021-08-23,93037.99
3540,Employee 03540,Logistics,Analyst,729,2019-06-08,144427.72
3541,Employee 03541,Warehouse,Associate,709,2019-04-26,39935.53
3542,Employee 03542,Warehouse,Analyst,684,2016-11-07,46646.78
3543,Employee 03543,Sales,Supervisor,846,2020-11-04,140459.47
3544,Employee 03544,Finance,Coordinator,829,2017-09-20,99070.83
3545,Employee 03545,Procurement,Executive,969,2022-09-26,108711.45
3546,Employee 03546,Procurement,Coordinator,864,2023-08-12,150075.47
3547,Employee 03547,Procurement,Executive,152,2020-07-05,87359.23
3548,Employee 03548,Finance,Supervisor,9,2020-10-01,154757.39
3549,Employee 03549,Operations,Analyst,789,2019-03-19,136107.12
3550,Employee 03550,Warehouse,Supervisor,392,2023-02-07,111860.7
3551,Employee 03551,Logistics,Supervisor,819,2022-02-15,163006.89
3552,Employee 03552,Logistics,Analyst,377,2021-01-06,108455.66
3553,Employee 03553,Procurement,Manager,958,2022-11-08,143339.69
3554,Employee 03554,Sales,Associate,239,2016-02-04,142920.92
3555,Employee 03555,Finance,Associate,914,2022-08-05,150977.01
3556,Employee 03556,Warehouse,Manager,347,2023-10-01,112171.27
3557,Employee 03557,Operations,Analyst,690,2020-10-25,170632.15
3558,Employee 03558,Finance,Executive,142,2018-04-19,170307.8
3559,Employee 03559,Warehouse,Coordinator,91,2018-09-29,174694.5
3560,Employee 03560,Warehouse,Manager,50,2018-06-03,54897.31
3561,Employee 03561,Procurement,Associate,521,2020-10-08,102213.4
3562,Employee 03562,Warehouse,Executive,967,2023-12-10,24174.32
3563,Employee 03563,Operations,Analyst,95,2022-10-20,153264.75
3564,Employee 03564,Warehouse,Associate,399,2022-11-03,137212.26
3565,Employee 03565,Logistics,Coordinator,766,2020-10-08,50385.21
3566,Employee 03566,Warehouse,Supervisor,946,2022-09-03,123001.72
3567,Employee 03567,Warehouse,Coordinator,456,2019-03-25,176790.28
3568,Employee 03568,Warehouse,Manager,157,2022-08-04,83979.89
3569,Employee 03569,Finance,Manager,330,2019-08-17,92110.84
3570,Employee 03570,Sales,Associate,688,2015-09-11,168091.48
3571,Employee 03571,Operations,Associate,844,2016-05-31,93669.04
3572,Employee 03572,Finance,Manager,164,2023-04-21,0.0
3573,Employee 03573,Operations,Associate,598,2018-10-11,136540.32
3574,Employee 03574,Logistics,Executive,936,2024-07-06,22023.12
3575,Employee 03575,Finance,Manager,412,2023-09-25,34306.95
3576,Employee 03576,Procurement,Analyst,280,2022-09-29,82312.98
3577,Employee 03577,Operations,Associate,71,2023-10-15,21232.06
3578,Employee 03578,Procurement,Executive,548,2024-07-27,91369.82
3579,Employee 03579,Procurement,Coordinator,639,2017-10-21,31774.98
3580,Employee 03580,Procurement,Analyst,308,2018-09-26,93393.99
3581,Employee 03581,Procurement,Manager,231,2020-10-18,133316.17
3582,Employee 03582,Finance,Executive,720,2021-12-03,50404.56
3583,Employee 03583,Sales,Associate,829,2023-02-17,67241.15
3584,Employee 03584,Procurement,Analyst,550,2018-12-20,83880.72
3585,Employee 03585,Logistics,Associate,916,2018-11-29,139897.37
3586,Employee 03586,Warehouse,Manager,619,2021-08-09,33480.14
3587,Employee 03587,Operations,Executive,885,2016-01-27,36584.02
3588,Employee 03588,Warehouse,Associate,158,2015-03-22,65358.99
3589,Employee 03589,Finance,Coordinator,472,2016-04-15,22090.78
3590,Employee 03590,Operations,Manager,295,2018-12-17,117667.74
3591,Employee 03591,Logistics,Associate,965,2023-11-08,59813.04
3592,Employee 03592,Finance,Coordinator,171,2016-02-04,69532.73
3593,Employee 03593,Warehouse,Coordinator,822,2020-05-20,71993.81
3594,Employee 03594,Finance,Coordinator,263,2017-01-14,173006.26
3595,Employee 03595,Logistics,Supervisor,197,2022-08-21,80175.71
3596,Employee 03596,Warehouse,Manager,993,2020-12-14,91635.71
3597,Employee 03597,Sales,Executive,15,2022-06-08,126098.66
3598,Employee 03598,Finance,Manager,368,2019-05-10,137233.68
3599,Employee 03599,Procurement,Associate,284,2019-04-17,96411.94
3600,Employee 03600,Warehouse,Associate,856,2020-09-24,140876.94
3601,Employee 03601,Procurement,Coordinator,546,2015-08-02,66886.14
3602,Employee 03602,Logistics,Analyst,793,2024-06-03,72872.81
3603,Employee 03603,Logistics,Coordinator,843,2022-02-12,70338.12
3604,Employee 03604,Finance,Analyst,896,2020-07-04,22353.99
3605,Employee 03605,Procurement,Coordinator,87,2018-08-25,65848.42
3606,Employee 03606,Finance,Supervisor,644,2022-02-10,22587.63
3607,Employee 03607,Logistics,Analyst,860,2020-06-30,45756.84
3608,Employee 03608,Sales,Coordinator,780,2022-10-06,21471.98
3609,Employee 03609,Procurement,Coordinator,716,2016-11-30,135189.81
3610,Employee 03610,Logistics,Associate,377,2018-08-28,102126.54
3611,Employee 03611,Logistics,Manager,29,2021-07-05,83000.78
3612,Employee 03612,Operations,Executive,839,2017-12-20,96186.04
3613,Employee 03613,Operations,Associate,329,2019-04-01,144725.31
3614,Employee 03614,Warehouse,Coordinator,315,2022-12-12,28978.03
3615,Employee 03615,Finance,Analyst,219,2024-07-05,126445.93
3616,Employee 03616,Procurement,Manager,458,2015-09-02,43428.01
3617,Employee 03617,Sales,Coordinator,803,2015-01-27,165797.9
3618,Employee 03618,Sales,Analyst,951,2023-10-28,107375.23
3619,Employee 03619,Operations,Analyst,962,2021-01-05,179359.62
3620,Employee 03620,Sales,Supervisor,503,2022-01-06,75845.95
3621,Employee 03621,Warehouse,Coordinator,218,2021-04-28,63973.34
3622,Employee 03622,Logistics,Manager,292,2021-06-15,88792.08
3623,Employee 03623,Warehouse,Analyst,883,2018-11-04,171542.22
3624,Employee 03624,Finance,Associate,824,2021-10-25,95244.28
3625,Employee 03625,,Executive,793,2016-04-25,44791.01
3626,Employee 03626,Warehouse,Manager,251,2017-09-22,37874.56
3627,Employee 03627,Finance,Analyst,974,2024-03-18,52718.54
3628,Employee 03628,Finance,Associate,925,2021-09-04,144186.25
3629,Employee 03629,Sales,Analyst,935,2020-12-20,152716.81
3630,Employee 03630,Finance,Associate,76,2020-08-18,97002.75
3631,Employee 03631,Finance,Executive,360,2016-08-18,157481.24
3632,Employee 03632,Finance,Executive,244,2020-02-01,173544.13
3633,Employee 03633,Operations,Associate,288,2015-03-17,174489.37
3634,Employee 03634,Procurement,Analyst,482,2017-03-01,91988.31
3635,Employee 03635,Procurement,Coordinator,547,2019-06-26,104786.39
3636,Employee 03636,Operations,Analyst,632,2024-01-28,119455.73
3637,Employee 03637,Finance,Associate,309,2020-11-22,72700.55
3638,Employee 03638,Finance,Analyst,152,2019-12-25,29483.35
3639,Employee 03639,Procurement,Manager,325,2017-12-26,22222.87
3640,Employee 03640,Procurement,Supervisor,516,2023-09-15,100629.26
3641,Employee 03641,Finance,Associate,891,2017-01-01,103038.71
3642,Employee 03642,Warehouse,Coordinator,122,2018-01-28,141074.42
3643,Employee 03643,Warehouse,Supervisor,592,2017-12-16,104972.26
3644,Employee 03644,Finance,Manager,243,2015-11-13,89054.97
3645,Employee 03645,Logistics,Executive,605,2021-02-24,77131.01
3646,Employee 03646,Logistics,Supervisor,429,2015-07-05,28532.85
3647,Employee 03647,warehouse,Executive,692,2015-06-21,70848.49
3648,Employee 03648,Warehouse,Coordinator,672,2023-07-18,37254.89
3649,Employee 03649,Operations,Manager,313,2024-01-30,59823.21
3650,Employee 03650,Sales,Executive,44,2024-03-04,121347.75
3651,Employee 03651,Finance,Associate,111,2019-07-19,46154.69
3652,Employee 03652,Operations,Executive,989,2021-12-21,176715.28
3653,Employee 03653,Warehouse,Executive,828,2022-10-14,30440.72
3654,Employee 03654,Sales,Associate,886,2017-11-05,157756.19
3655,Employee 03655,Sales,Coordinator,777,2018-03-26,94936.15
3656,Employee 03656,Finance,Coordinator,784,2021-11-27,145136.01
3657,Employee 03657,Sales,Supervisor,458,2015-04-12,67530.32
3658,Employee 03658,Operations,Associate,901,2017-04-22,51245.36
3659,Employee 03659,Warehouse,Coordinator,943,2018-09-30,89434.49
3660,Employee 03660,Procurement,Analyst,795,2015-09-08,52242.56
3661,Employee 03661,Finance,Executive,42,2016-02-23,145528.02
3662,Employee 03662,Warehouse,Supervisor,69,2020-08-04,123401.87
3663,Employee 03663,Procurement,Manager,797,2017-11-06,116804.71
3664,Employee 03664,Logistics,Analyst,201,2015-04-08,43213.38
3665,Employee 03665,Warehouse,Executive,394,2017-11-18,150333.43
3666,Employee 03666,Warehouse,Supervisor,849,2024-01-24,59825.48
3667,Employee 03667,Operations,Coordinator,334,2018-11-15,86931.69
3668,Employee 03668,Sales,Manager,662,2018-05-25,157666.22
3669,Employee 03669,Procurement,Analyst,744,2021-01-31,112351.47
3670,Employee 03670,Operations,Analyst,416,2023-09-16,44995.77
3671,Employee 03671,Finance,Executive,975,2023-06-04,113946.95
3672,Employee 03672,Operations,Manager,859,2015-04-10,72348.72
3673,Employee 03673,Sales,Executive,973,2024-04-13,45030.0
3674,Employee 03674,Operations,Coordinator,133,2020-09-09,42237.24
3675,Employee 03675,Warehouse,Analyst,651,2024-04-24,31287.73
3676,Employee 03676,Logistics,Manager,101,2018-04-01,157088.21
3677,Employee 03677,Logistics,Coordinator,791,2020-06-08,172580.1
3678,Employee 03678,Finance,Analyst,654,2016-04-10,91419.25
3679,Employee 03679,Logistics,Associate,113,2019-05-12,83267.15
3680,Employee 03680,Finance,Manager,842,2016-05-09,26188.86
3681,Employee 03681,Procurement,Coordinator,574,2023-05-28,128419.13
3682,Employee 03682,Procurement,Analyst,609,2017-04-19,77220.8
3683,Employee 03683,Logistics,Analyst,835,2015-01-06,52292.98
3684,Employee 03684,Sales,Coordinator,924,2020-05-15,52262.87
3685,Employee 03685,Warehouse,Supervisor,25,2022-12-12,72799.45
3686,Employee 03686,Finance,Executive,164,2015-02-07,22300.78
3687,Employee 03687,Finance,Supervisor,857,2018-08-12,45107.46
3688,Employee 03688,Warehouse,Supervisor,990,2022-02-21,78644.19
3689,Employee 03689,Warehouse,Manager,232,2018-09-08,94548.54
3690,Employee 03690,Operations,Executive,862,2015-04-27,76257.35
3691,Employee 03691,Sales,Executive,193,2019-07-04,95759.96
3692,Employee 03692,Operations,Manager,758,2019-11-27,72230.75
3693,Employee 03693,Procurement,Manager,345,2021-12-31,131173.83
3694,Employee 03694,Logistics,Manager,579,2021-03-21,169897.78
3695,Employee 03695,Warehouse,Coordinator,758,2016-03-20,26613.9
3696,Employee 03696,Sales,Coordinator,750,2019-01-13,82297.17
3697,Employee 03697,Logistics,Manager,211,2023-06-05,139893.35
3698,Employee 03698,Operations,Analyst,535,2020-01-17,56321.56
3699,Employee 03699,Operations,Executive,717,2020-06-07,18373.82
3700,Employee 03700,warehouse,Associate,74,2021-07-26,30617.08
3701,Employee 03701,Procurement,Associate,812,2017-05-11,73379.52
3702,Employee 03702,Sales,Executive,116,2021-03-31,89517.13
3703,Employee 03703,,Analyst,802,2020-10-21,162051.56
3704,Employee 03704,Operations,Coordinator,884,2016-06-01,154406.23
3705,Employee 03705,Procurement,Analyst,354,2016-05-11,80740.17
3706,Employee 03706,Warehouse,Manager,626,2021-12-05,101299.22
3707,Employee 03707,Logistics,Manager,125,2018-01-29,53461.98
3708,Employee 03708,Logistics ,Manager,117,2018-12-08,158763.53
3709,Employee 03709,Operations,Analyst,200,2021-02-13,165956.45
3710,Employee 03710,procurement,Coordinator,213,2018-02-23,177046.68
3711,Employee 03711,Operations,Manager,16,2023-03-18,30859.03
3712,Employee 03712,Procurement,Associate,163,2015-01-11,53111.53
3713,Employee 03713,Sales,Associate,10,2017-10-23,113571.73
3714,Employee 03714,Procurement,Coordinator,876,2016-02-17,65857.84
3715,Employee 03715,Logistics,Associate,30,2015-04-11,151507.34
3716,Employee 03716,Operations,Analyst,415,2017-08-20,39629.18
3717,Employee 03717,,Manager,126,2015-12-07,91961.88
3718,Employee 03718,Finance,Associate,535,2017-07-15,83755.67
3719,Employee 03719,Finance,Analyst,576,2018-07-25,43876.09
3720,Employee 03720,Logistics,Associate,324,2018-06-10,55753.55
3721,Employee 03721,Finance,Executive,132,2019-04-12,53983.67
3722,Employee 03722,Sales,Manager,367,2017-12-08,177365.01
3723,Employee 03723,Procurement,Supervisor,44,2015-06-09,143448.87
3724,Employee 03724,Finance,Analyst,933,2018-04-07,61660.43
3725,Employee 03725,Finance,Supervisor,131,2016-10-19,63512.57
3726,Employee 03726,Warehouse,Supervisor,976,2024-03-17,49342.7
3727,Employee 03727,Finance,Coordinator,139,2023-08-22,130471.0
3728,Employee 03728,Procurement,Supervisor,502,2015-04-21,133190.01
3729,Employee 03729,Finance,Coordinator,996,2018-05-12,111443.97
3730,Employee 03730,Logistics,Coordinator,282,2019-05-30,24779.77
3731,Employee 03731,Operations,Coordinator,702,2020-03-19,93218.48
3732,Employee 03732,Sales,Coordinator,818,2017-12-28,0.0
3733,Employee 03733,Operations,Analyst,901,2015-11-08,166575.54
3734,Employee 03734,Logistics,Executive,492,2019-09-11,112769.41
3735,Employee 03735,Finance,Associate,580,2018-04-14,87692.46
3736,Employee 03736,Finance,Associate,468,2020-04-05,172956.28
3737,Employee 03737,Sales,Analyst,810,2017-02-17,0.0
3738,Employee 03738,Procurement,Executive,828,2015-09-18,25344.68
3739,Employee 03739,operations,Coordinator,390,2016-07-12,58692.2
3740,Employee 03740,Logistics,Coordinator,536,2019-06-25,47386.81
3741,Employee 03741,Operations,Coordinator,108,2019-07-06,165507.42
3742,Employee 03742,Logistics,Analyst,154,2018-03-13,56598.75
3743,Employee 03743,Warehouse,Executive,239,2019-07-18,99391.3
3744,Employee 03744,Sales,Manager,521,2022-11-26,100295.79
3745,Employee 03745,Logistics,Coordinator,993,2022-09-10,176079.09
3746,Employee 03746,Sales,Coordinator,958,2024-05-15,96015.69
3747,Employee 03747,Procurement,Executive,823,2015-11-03,117388.81
3748,Employee 03748,Operations,Analyst,875,2015-05-07,80563.47
3749,Employee 03749,Warehouse,Manager,351,2022-11-24,141980.49
3750,Employee 03750,Finance,Supervisor,826,2019-03-16,136301.15
3751,Employee 03751,Finance,Coordinator,910,2015-04-06,172737.84
3752,Employee 03752,Procurement,Executive,214,2022-01-30,55202.85
3753,Employee 03753,Warehouse,Analyst,386,2016-10-05,157262.43
3754,Employee 03754,Logistics,Coordinator,695,2023-04-09,61679.01
3755,Employee 03755,Logistics,Supervisor,633,2023-07-28,47649.9
3756,Employee 03756,Procurement,Supervisor,709,2023-12-17,69025.12
3757,Employee 03757,Finance,Analyst,412,2020-02-12,103116.31
3758,Employee 03758,Sales,Supervisor,256,2020-09-26,77528.63
3759,Employee 03759,Procurement,Supervisor,371,2022-09-12,147680.73
3760,Employee 03760,Operations,Supervisor,805,2017-07-01,140700.34
3761,Employee 03761,Logistics,Supervisor,425,2016-10-14,91086.64
3762,Employee 03762,Operations,Executive,293,2016-02-05,99614.46
3763,Employee 03763,Operations,Associate,925,2022-04-22,76138.73
3764,Employee 03764,Finance,Associate,303,2024-03-15,115909.54
3765,Employee 03765,Warehouse ,Coordinator,971,2019-01-12,76029.72
3766,Employee 03766,Logistics,Manager,406,2016-08-28,80889.83
3767,Employee 03767,Finance,Manager,989,2018-02-02,153209.72
3768,Employee 03768,Warehouse,Associate,292,2023-10-04,31876.48
3769,Employee 03769,Logistics,Coordinator,17,2016-09-25,29934.28
3770,Employee 03770,Procurement,Supervisor,923,2024-02-29,56063.83
3771,Employee 03771,Procurement,Associate,690,2015-02-02,21616.88
3772,Employee 03772,Warehouse,Coordinator,252,2020-11-29,100511.85
3773,Employee 03773,Procurement,Coordinator,704,2016-03-30,47887.73
3774,Employee 03774,Procurement,Executive,820,2020-05-18,98791.43
3775,Employee 03775,Warehouse,Manager,309,2024-06-06,178770.57
3776,Employee 03776,Operations,Supervisor,239,2020-12-19,20463.58
3777,Employee 03777,Warehouse,Associate,169,2015-12-16,76585.31
3778,Employee 03778,Procurement,Coordinator,477,2018-05-21,179805.14
3779,Employee 03779,Operations,Coordinator,438,2020-02-27,129567.32
3780,Employee 03780,Sales,Associate,674,2021-07-14,175189.68
3781,Employee 03781,Operations,Supervisor,182,2018-12-09,125492.81
3782,Employee 03782,Procurement,Supervisor,245,2022-02-11,140332.3
3783,Employee 03783,,Associate,425,2021-04-05,168685.29
3784,Employee 03784,Logistics,Analyst,201,2020-09-18,81763.44
3785,Employee 03785,Operations,Supervisor,766,2019-04-24,105796.96
3786,Employee 03786,Finance,Analyst,663,2015-12-10,169515.97
3787,Employee 03787,Warehouse,Associate,166,2017-01-28,40012.36
3788,Employee 03788,Logistics,Analyst,34,2019-03-30,72666.32
3789,Employee 03789,Finance,Analyst,835,2015-03-10,65656.17
3790,Employee 03790,Logistics,Analyst,82,2017-01-07,34627.0
3791,Employee 03791,Operations,Associate,453,2021-10-27,72791.64
3792,Employee 03792,Finance,Supervisor,794,2020-10-18,104945.83
3793,Employee 03793,Operations,Supervisor,478,2017-04-28,147638.83
3794,Employee 03794,Finance,Associate,48,2020-01-31,27047.34
3795,Employee 03795,Warehouse,Coordinator,56,2018-01-28,89484.16
3796,Employee 03796,Procurement,Supervisor,721,2023-06-07,58402.17
3797,Employee 03797,Procurement,Manager,433,2020-12-09,47716.0
3798,Employee 03798,Logistics,Analyst,263,2020-03-11,74998.63
3799,Employee 03799,Logistics,Manager,73,2023-08-16,118852.61
3800,Employee 03800,Procurement,Manager,411,2021-06-19,155642.24
3801,Employee 03801,Operations,Executive,355,2016-06-02,99215.61
3802,Employee 03802,Logistics,Coordinator,471,2018-02-11,73415.23
3803,Employee 03803,Warehouse,Executive,207,2015-06-24,23152.24
3804,Employee 03804,Warehouse,Coordinator,62,2018-02-09,102652.36
3805,Employee 03805,Logistics,Coordinator,132,2020-04-07,95371.15
3806,Employee 03806,Warehouse,Associate,451,2016-10-19,73363.61
3807,Employee 03807,Sales,Analyst,388,2022-07-28,133850.32
3808,Employee 03808,Finance,Associate,468,2023-08-03,65547.81
3809,Employee 03809,Sales,Coordinator,574,2023-06-13,122521.84
3810,Employee 03810,Procurement,Supervisor,487,2017-07-26,54539.25
3811,Employee 03811,Procurement,Coordinator,779,2018-10-29,24221.03
3812,Employee 03812,Operations,Supervisor,127,2023-06-22,32594.51
3813,Employee 03813,Sales,Analyst,358,2015-09-09,18871.33
3814,Employee 03814,Finance,Coordinator,525,2020-11-13,83207.1
3815,Employee 03815,Logistics,Coordinator,89,2020-03-01,107849.8
3816,Employee 03816,Procurement ,Manager,648,2015-07-21,92848.95
3817,Employee 03817,Sales,Supervisor,830,2021-09-12,164542.4
3818,Employee 03818,Finance,Analyst,878,2024-03-19,139314.34
3819,Employee 03819,Logistics,Coordinator,562,2017-02-27,23213.79
3820,Employee 03820,Warehouse,Executive,629,2024-06-27,82053.87
3821,Employee 03821,Warehouse,Analyst,260,2017-06-25,85299.03
3822,Employee 03822,Sales,Supervisor,671,2017-01-18,60109.84
3823,Employee 03823,Warehouse,Associate,821,2021-11-05,106405.17
3824,Employee 03824,Operations,Analyst,116,2023-05-09,163988.71
3825,Employee 03825,Sales,Coordinator,342,2015-02-02,111260.16
3826,Employee 03826,Procurement,Manager,664,2019-10-05,105881.48
3827,Employee 03827,Warehouse,Executive,412,2018-05-06,95874.08
3828,Employee 03828,Logistics,Associate,182,2022-12-19,25926.75
3829,Employee 03829,Warehouse,Analyst,450,2022-01-03,137782.62
3830,Employee 03830,Sales,Coordinator,870,2024-05-07,88489.84
3831,Employee 03831,Procurement,Analyst,752,2023-04-02,52371.65
3832,Employee 03832,warehouse,Analyst,754,2015-09-06,34838.8
3833,Employee 03833,operations,Analyst,969,2023-06-28,109920.45
3834,Employee 03834,Finance,Executive,177,2016-05-10,65348.64
3835,Employee 03835,Procurement,Supervisor,63,2017-05-08,121508.91
3836,Employee 03836,Sales,Coordinator,306,2023-10-20,178813.32
3837,Employee 03837,Finance,Supervisor,815,2020-05-13,25213.02
3838,Employee 03838,Operations,Associate,918,2017-05-02,135762.76
3839,Employee 03839,Sales,Supervisor,677,2019-05-18,124182.81
3840,Employee 03840,Finance,Analyst,605,2017-10-08,35253.45
3841,Employee 03841,Operations,Supervisor,82,2018-03-11,179669.33
3842,Employee 03842,Finance,Analyst,137,2019-08-20,31236.1
3843,Employee 03843,Sales,Manager,201,2016-06-03,121614.98
3844,Employee 03844,Sales,Executive,69,2019-06-10,-10000.0
3845,Employee 03845,Warehouse,Supervisor,94,2022-02-18,30929.09
3846,Employee 03846,Finance,Manager,999,2021-04-23,42958.84
3847,Employee 03847,Warehouse,Associate,599,2022-03-08,49404.13
3848,Employee 03848,Sales,Manager,290,2021-04-09,107913.54
3849,Employee 03849,Finance,Manager,818,2019-08-06,-10000.0
3850,Employee 03850,Operations,Analyst,802,2015-03-04,166847.73
3851,Employee 03851,Sales,Executive,282,2021-04-16,70964.8
3852,Employee 03852,Finance,Associate,654,2018-02-03,156817.11
3853,Employee 03853,Logistics,Coordinator,345,2018-02-18,73850.74
3854,Employee 03854,Logistics,Coordinator,225,2019-10-06,47023.31
3855,Employee 03855,Logistics,Coordinator,226,2015-12-20,20638.63
3856,Employee 03856,Sales,Manager,924,2023-05-09,26349.08
3857,Employee 03857,Finance,Analyst,512,2023-04-02,46807.13
3858,Employee 03858,Sales,Supervisor,207,2018-06-27,130040.19
3859,Employee 03859,Sales,Analyst,231,2018-09-27,0.0
3860,Employee 03860,Finance,Executive,971,2018-05-20,147523.82
3861,Employee 03861,Warehouse,Analyst,5,2019-11-13,82939.58
3862,Employee 03862,Operations,Associate,492,2024-05-02,149101.14
3863,Employee 03863,Operations,Executive,301,2021-02-18,79424.83
3864,Employee 03864,Logistics,Analyst,136,2017-01-08,110710.01
3865,Employee 03865,Logistics,Analyst,418,2017-06-04,161801.57
3866,Employee 03866,Logistics,Supervisor,763,2018-10-04,111865.44
3867,Employee 03867,Operations,Supervisor,928,2016-12-30,132224.98
3868,Employee 03868,Logistics,Manager,282,2024-01-09,120240.68
3869,Employee 03869,Sales,Manager,698,2023-01-02,112222.35
3870,Employee 03870,Sales,Associate,165,2019-06-23,35326.06
3871,Employee 03871,Logistics,Analyst,715,2023-01-21,27782.19
3872,Employee 03872,Logistics,Associate,148,2023-10-16,33198.3
3873,Employee 03873,Warehouse,Manager,629,2020-12-13,73984.48
3874,Employee 03874,Procurement,Manager,806,2022-01-15,98780.56
3875,Employee 03875,Sales,Associate,264,2021-12-26,112520.4
3876,Employee 03876,Logistics,Manager,661,2015-02-17,161765.55
3877,Employee 03877,Warehouse,Coordinator,427,2021-01-16,177826.77
3878,Employee 03878,Procurement,Manager,521,2022-09-15,119584.66
3879,Employee 03879,Logistics,Manager,334,2021-05-25,90752.19
3880,Employee 03880,Warehouse,Analyst,217,2017-02-13,146627.36
3881,Employee 03881,Warehouse,Associate,741,2020-04-27,63668.5
3882,Employee 03882,Warehouse,Executive,109,2022-10-16,65621.08
3883,Employee 03883,Procurement,Coordinator,164,2018-09-27,91640.39
3884,Employee 03884,Procurement,Executive,202,2015-01-07,150135.44
3885,Employee 03885,Warehouse,Manager,698,2021-03-27,147570.47
3886,Employee 03886,Procurement,Supervisor,394,2015-05-10,150528.04
3887,Employee 03887,Sales,Analyst,360,2017-07-06,156899.25
3888,Employee 03888,Sales,Manager,275,2015-06-29,128619.09
3889,Employee 03889,Operations,Coordinator,157,2015-02-23,143048.01
3890,Employee 03890,Sales,Executive,793,2019-05-14,126830.43
3891,Employee 03891,Finance,Executive,952,2017-04-15,173312.86
3892,Employee 03892,Logistics,Coordinator,442,2018-08-26,160458.32
3893,Employee 03893,Warehouse,Supervisor,786,2016-11-30,78124.0
3894,Employee 03894,Sales,Manager,977,2017-08-18,147696.05
3895,Employee 03895,Operations,Analyst,733,2016-04-28,29986.77
3896,Employee 03896,Warehouse,Manager,688,2022-04-02,165772.0
3897,Employee 03897,Sales,Executive,784,2023-10-17,158285.42
3898,Employee 03898,Warehouse,Supervisor,937,2019-11-30,53166.79
3899,Employee 03899,Sales,Manager,990,2024-03-10,151029.24
3900,Employee 03900,Operations,Executive,520,2015-04-24,54546.58
3901,Employee 03901,Sales,Supervisor,457,2016-12-01,127736.32
3902,Employee 03902,Logistics,Supervisor,4,2019-06-20,121239.57
3903,Employee 03903,Warehouse,Coordinator,177,2017-06-01,38804.78
3904,Employee 03904,Sales,Executive,188,2016-08-16,67040.25
3905,Employee 03905,Warehouse,Executive,996,2015-06-22,60788.52
3906,Employee 03906,Logistics,Manager,595,2017-07-08,35970.21
3907,Employee 03907,Procurement,Supervisor,438,2016-10-09,118868.95
3908,Employee 03908,Procurement,Coordinator,563,2023-11-02,76427.71
3909,Employee 03909,Operations,Coordinator,861,2017-10-09,107298.93
3910,Employee 03910,Operations,Executive,129,2016-12-15,42553.07
3911,Employee 03911,Finance,Manager,173,2023-11-18,151676.0
3912,Employee 03912,Warehouse,Associate,705,2016-07-08,33031.82
3913,Employee 03913,Procurement,Manager,690,2019-12-12,85181.61
3914,Employee 03914,Finance,Associate,465,2023-05-31,-10000.0
3915,Employee 03915,Finance,Associate,942,2024-06-22,120765.37
3916,Employee 03916,Operations,Manager,602,2022-05-13,51043.65
3917,Employee 03917,Procurement,Manager,675,2017-11-28,173764.72
3918,Employee 03918,Operations,Associate,621,2024-04-12,100038.99
3919,Employee 03919,Operations,Analyst,297,2019-06-30,64408.74
3920,Employee 03920,Warehouse,Supervisor,723,2016-07-09,61090.15
3921,Employee 03921,Procurement,Analyst,532,2022-09-20,172737.18
3922,Employee 03922,Operations,Executive,754,2022-02-03,177174.48
3923,Employee 03923,Procurement,Executive,453,2019-07-27,58566.4
3924,Employee 03924,Procurement,Coordinator,242,2021-04-15,134511.93
3925,Employee 03925,Logistics,Manager,764,2016-07-27,101148.13
3926,Employee 03926,Logistics,Manager,864,2021-06-18,137789.74
3927,Employee 03927,Sales,Manager,187,2020-04-05,19770.88
3928,Employee 03928,Logistics,Executive,672,2021-02-28,125352.67
3929,Employee 03929,Logistics,Coordinator,737,2019-11-20,48391.79
3930,Employee 03930,Operations,Coordinator,367,2018-02-18,24593.0
3931,Employee 03931,Sales,Analyst,24,2018-09-01,129800.29
3932,Employee 03932,Sales,Manager,394,2017-02-14,133504.97
3933,Employee 03933,Finance,Executive,513,2019-11-01,172798.38
3934,Employee 03934,Logistics,Executive,707,2022-11-11,65281.24
3935,Employee 03935,Sales,Associate,696,2016-05-02,36623.04
3936,Employee 03936,Sales,Analyst,31,2021-03-18,142162.79
3937,Employee 03937,Procurement,Associate,765,2018-05-09,54904.74
3938,Employee 03938,Sales,Manager,936,2023-12-11,34574.25
3939,Employee 03939,Finance,Executive,298,2022-05-27,160737.37
3940,Employee 03940,Warehouse,Manager,697,2019-01-04,80834.39
3941,Employee 03941,Procurement,Coordinator,204,2022-02-04,165683.18
3942,Employee 03942,Finance,Coordinator,659,2023-07-04,175569.55
3943,Employee 03943,Warehouse,Analyst,135,2017-11-20,84501.11
3944,Employee 03944,Logistics,Manager,164,2015-06-21,63212.0
3945,Employee 03945,Sales,Supervisor,594,2017-03-30,56595.95
3946,Employee 03946,Logistics,Manager,118,2015-04-19,48584.03
3947,Employee 03947,Warehouse ,Associate,375,2020-12-11,163503.09
3948,Employee 03948,Sales,Supervisor,887,2021-11-20,135124.18
3949,Employee 03949,Warehouse,Supervisor,713,2019-04-24,143010.09
3950,Employee 03950,Finance,Supervisor,307,2023-12-13,109779.39
3951,Employee 03951,Procurement,Associate,864,2017-11-23,131455.48
3952,Employee 03952,Procurement,Analyst,89,2023-12-11,48167.36
3953,Employee 03953,Procurement,Manager,207,2019-07-26,65119.37
3954,Employee 03954,logistics,Associate,957,2017-07-26,27010.45
3955,Employee 03955,warehouse,Analyst,662,2020-01-03,105919.83
3956,Employee 03956,Finance,Coordinator,92,2022-05-20,175060.6
3957,Employee 03957,Operations,Manager,848,2016-10-22,121733.47
3958,Employee 03958,Sales,Coordinator,706,2017-10-23,63588.0
3959,Employee 03959,Sales,Executive,495,2020-11-12,101658.22
3960,Employee 03960,Finance,Manager,624,2023-07-27,36879.91
3961,Employee 03961,Finance,Supervisor,594,2018-01-23,70229.23
3962,Employee 03962,Operations,Associate,193,2016-08-08,54316.13
3963,Employee 03963,Sales,Executive,855,2024-01-03,122783.9
3964,Employee 03964,Warehouse,Associate,672,2015-03-22,124849.88
3965,Employee 03965,Operations,Supervisor,618,2018-04-26,125635.22
3966,Employee 03966,Finance,Associate,2,2023-07-22,104330.03
3967,Employee 03967,Logistics,Executive,75,2024-07-29,112398.78
3968,Employee 03968,Warehouse,Associate,658,2019-06-16,47397.44
3969,Employee 03969,Logistics,Associate,777,2019-10-15,111512.23
3970,Employee 03970,,Associate,397,2023-12-28,174898.79
3971,Employee 03971,Logistics,Manager,963,2015-12-31,144371.37
3972,Employee 03972,Finance,Associate,460,2023-03-03,141261.7
3973,Employee 03973,Finance,Manager,454,2017-01-06,80462.93
3974,Employee 03974,Sales,Supervisor,866,2019-07-08,122400.03
3975,Employee 03975,Finance,Manager,398,2022-06-04,88933.11
3976,Employee 03976,Finance,Coordinator,888,2023-11-12,151327.05
3977,Employee 03977,Operations,Associate,667,2017-09-05,73060.41
3978,Employee 03978,Sales,Manager,255,2017-12-05,49796.75
3979,Employee 03979,Finance,Manager,397,2022-11-24,153140.6
3980,Employee 03980,Warehouse,Associate,824,2022-01-10,137102.99
3981,Employee 03981,Sales,Associate,184,2022-06-04,98036.33
3982,Employee 03982,Warehouse,Supervisor,257,2017-12-07,59077.67
3983,Employee 03983,Finance,Associate,263,2020-07-04,122330.71
3984,Employee 03984,Finance,Manager,967,2021-05-09,131098.92
3985,Employee 03985,Sales,Associate,76,2019-08-09,100955.19
3986,Employee 03986,Warehouse,Executive,839,2023-07-30,163581.62
3987,Employee 03987,Warehouse,Coordinator,611,2021-05-06,69550.21
3988,Employee 03988,Sales,Manager,952,2015-04-21,174532.15
3989,Employee 03989,Sales,Executive,803,2018-03-04,57099.73
3990,Employee 03990,Operations,Coordinator,634,2015-04-16,77215.42
3991,Employee 03991,Logistics,Supervisor,875,2015-12-28,177871.94
3992,Employee 03992,Warehouse,Supervisor,432,2024-05-11,66479.85
3993,Employee 03993,Warehouse,Coordinator,205,2020-04-25,0.0
3994,Employee 03994,Logistics,Executive,12,2022-06-29,153276.31
3995,Employee 03995,Procurement,Associate,255,2022-12-15,30982.9
3996,Employee 03996,Operations,Coordinator,778,2020-12-27,149649.02
3997,Employee 03997,Finance,Analyst,986,2019-06-26,33666.69
3998,Employee 03998,Finance,Coordinator,442,2020-01-28,150966.75
3999,Employee 03999,Sales,Analyst,289,2019-12-27,73494.56
4000,Employee 04000,Warehouse,Executive,811,2017-01-05,83831.86
4001,Employee 04001,Finance,Coordinator,724,2021-10-01,114873.3
4002,Employee 04002,Logistics,Executive,603,2016-03-25,54578.26
4003,Employee 04003,Warehouse,Executive,896,2018-01-20,-10000.0
4004,Employee 04004,Finance,Associate,395,2016-05-14,61447.79
4005,Employee 04005,Warehouse,Supervisor,897,2022-03-01,88960.71
4006,Employee 04006,Finance,Associate,458,2024-06-26,99302.79
4007,Employee 04007,Warehouse,Coordinator,30,2015-12-18,179981.1
4008,Employee 04008,Logistics,Analyst,33,2019-07-03,46512.29
4009,Employee 04009,Sales,Coordinator,321,2017-03-22,176567.26
4010,Employee 04010,Warehouse,Analyst,124,2019-02-20,38938.15
4011,Employee 04011,Warehouse,Supervisor,77,2017-07-20,130310.43
4012,Employee 04012,Operations,Analyst,355,2021-06-25,173553.09
4013,Employee 04013,finance,Supervisor,201,2021-12-27,167880.97
4014,Employee 04014,Procurement,Coordinator,951,2019-06-02,62979.52
4015,Employee 04015,Procurement,Supervisor,554,2018-07-05,105836.47
4016,Employee 04016,Operations,Manager,294,2019-04-06,26731.96
4017,Employee 04017,Procurement,Manager,367,2021-09-11,133010.58
4018,Employee 04018,Operations,Manager,208,2019-08-23,122876.68
4019,Employee 04019,Finance,Associate,651,2023-11-24,178728.24
4020,Employee 04020,,Executive,8,2022-12-23,38449.89
4021,Employee 04021,,Analyst,596,2022-05-07,50979.77
4022,Employee 04022,Operations,Associate,422,2018-06-15,97208.85
4023,Employee 04023,Logistics,Associate,999,2017-01-08,138546.62
4024,Employee 04024,Operations,Manager,421,2021-10-25,164345.02
4025,Employee 04025,Warehouse,Coordinator,754,2023-07-19,128466.81
4026,Employee 04026,Warehouse,Supervisor,364,2021-04-13,175401.59
4027,Employee 04027,Warehouse,Associate,209,2020-05-04,58696.25
4028,Employee 04028,Sales,Manager,699,2020-05-27,168052.66
4029,Employee 04029,Operations,Supervisor,203,2022-07-01,127946.46
4030,Employee 04030,Logistics,Analyst,444,2024-07-20,86706.83
4031,Employee 04031,Logistics,Associate,849,2017-10-21,158144.33
4032,Employee 04032,Operations,Coordinator,678,2024-01-08,135933.4
4033,Employee 04033,Operations,Associate,805,2017-05-06,113451.51
4034,Employee 04034,Sales,Associate,703,2023-07-25,101326.17
4035,Employee 04035,Operations,Supervisor,59,2020-03-06,42977.19
4036,Employee 04036,Finance,Coordinator,494,2020-01-06,175219.59
4037,Employee 04037,Finance,Supervisor,531,2015-11-15,85249.36
4038,Employee 04038,Warehouse,Manager,445,2023-04-10,176183.68
4039,Employee 04039,Sales,Coordinator,811,2018-06-21,20800.16
4040,Employee 04040,Warehouse,Manager,653,2018-11-18,53010.02
4041,Employee 04041,Sales,Manager,639,2020-12-31,35253.65
4042,Employee 04042,Finance,Supervisor,359,2024-03-23,94423.07
4043,Employee 04043,Procurement,Analyst,635,2015-02-21,169037.26
4044,Employee 04044,Procurement,Analyst,430,2021-12-29,159863.96
4045,Employee 04045,Sales,Associate,191,2022-09-29,135750.32
4046,Employee 04046,Sales,Executive,981,2017-09-11,115828.87
4047,Employee 04047,Procurement,Associate,414,2023-07-09,118589.71
4048,Employee 04048,Sales,Executive,407,2023-12-19,177421.08
4049,Employee 04049,Operations,Supervisor,677,2018-03-09,44936.08
4050,Employee 04050,Warehouse,Associate,475,2015-04-20,26658.58
4051,Employee 04051,Operations,Manager,242,2022-07-24,38415.69
4052,Employee 04052,Logistics,Analyst,582,2017-07-04,80341.19
4053,Employee 04053,Procurement,Executive,548,2022-03-07,176738.76
4054,Employee 04054,Warehouse,Analyst,688,2017-02-13,90328.5
4055,Employee 04055,Warehouse,Executive,231,2024-04-03,173609.08
4056,Employee 04056,Logistics,Supervisor,819,2023-06-09,116199.25
4057,Employee 04057,Warehouse,Analyst,741,2020-08-15,77814.29
4058,Employee 04058,Procurement,Associate,827,2019-10-08,114621.92
4059,Employee 04059,Finance,Analyst,290,2020-06-07,48581.7
4060,Employee 04060,Logistics ,Associate,427,2019-06-25,47498.25
4061,Employee 04061,Procurement,Associate,252,2015-10-23,35054.22
4062,Employee 04062,Warehouse,Coordinator,15,2016-04-10,51028.69
4063,Employee 04063,Procurement,Associate,827,2015-12-17,143844.07
4064,Employee 04064,Operations,Executive,759,2020-08-18,45569.46
4065,Employee 04065,Logistics,Manager,80,2017-07-07,58962.3
4066,Employee 04066,Warehouse,Coordinator,891,2021-03-06,162138.36
4067,Employee 04067,Procurement,Executive,690,2015-07-23,0.0
4068,Employee 04068,Logistics,Coordinator,97,2021-11-19,57352.49
4069,Employee 04069,Operations,Associate,168,2024-06-25,131282.52
4070,Employee 04070,Procurement,Manager,149,2018-03-04,107941.65
4071,Employee 04071,Sales,Supervisor,425,2019-10-16,160260.56
4072,Employee 04072,Procurement,Coordinator,772,2019-12-01,134343.16
4073,Employee 04073,Warehouse,Executive,275,2017-08-14,44286.68
4074,Employee 04074,Operations,Executive,519,2021-05-16,158487.72
4075,Employee 04075,Logistics,Analyst,225,2020-04-09,102083.91
4076,Employee 04076,Finance,Manager,182,2018-02-08,69602.66
4077,Employee 04077,Operations,Manager,600,2021-06-21,23857.52
4078,Employee 04078,Finance,Manager,161,2020-03-21,64363.4
4079,Employee 04079,Logistics,Coordinator,657,2021-09-06,175335.28
4080,Employee 04080,Procurement,Manager,367,2018-08-25,129306.76
4081,Employee 04081,Finance,Executive,352,2021-08-01,144031.83
4082,Employee 04082,Procurement,Associate,442,2018-01-12,50674.1
4083,Employee 04083,Finance ,Coordinator,597,2020-04-23,61438.45
4084,Employee 04084,Procurement,Manager,402,2024-06-16,102808.8
4085,Employee 04085,Procurement,Coordinator,837,2020-04-07,124453.39
4086,Employee 04086,Warehouse,Manager,206,2024-03-20,161203.84
4087,Employee 04087,finance,Coordinator,404,2022-05-24,77937.02
4088,Employee 04088,Sales,Associate,805,2017-12-31,135663.7
4089,Employee 04089,Operations,Executive,665,2023-05-02,57574.15
4090,Employee 04090,Sales,Analyst,209,2016-06-13,73674.27
4091,Employee 04091,Finance,Analyst,976,2020-11-27,51142.17
4092,Employee 04092,Procurement ,Associate,953,2017-07-10,115607.73
4093,Employee 04093,Finance,Associate,361,2015-07-31,102469.29
4094,Employee 04094,,Executive,490,2017-01-14,0.0
4095,Employee 04095,Finance,Manager,377,2022-02-26,55423.26
4096,Employee 04096,Logistics,Analyst,494,2016-10-31,102975.25
4097,Employee 04097,Operations,Supervisor,667,2021-01-19,32612.89
4098,Employee 04098,Procurement,Executive,611,2019-05-25,154184.32
4099,Employee 04099,Sales,Executive,204,2016-03-23,124250.42
4100,Employee 04100,procurement,Associate,860,2020-07-31,143008.14
4101,Employee 04101,Logistics,Associate,964,2021-01-18,127394.83
4102,Employee 04102,Sales,Coordinator,91,2017-01-18,108632.06
4103,Employee 04103,Logistics,Analyst,356,2024-03-03,95277.36
4104,Employee 04104,Sales,Executive,570,2015-08-29,63283.04
4105,Employee 04105,Operations,Supervisor,595,2023-06-27,87405.58
4106,Employee 04106,Operations,Associate,200,2016-06-19,18753.99
4107,Employee 04107,Finance,Executive,616,2020-03-19,91373.34
4108,Employee 04108,Operations,Executive,606,2021-06-11,52626.08
4109,Employee 04109,Procurement,Associate,335,2020-11-30,115427.23
4110,Employee 04110,Operations,Associate,770,2023-03-29,51697.25
4111,Employee 04111,logistics ,Coordinator,7,2018-02-02,24923.92
4112,Employee 04112,Sales,Analyst,740,2020-05-15,168270.59
4113,Employee 04113,Operations,Associate,457,2020-05-26,91874.08
4114,Employee 04114,Finance,Manager,41,2018-05-26,88214.14
4115,Employee 04115,Logistics,Coordinator,162,2021-04-04,131859.1
4116,Employee 04116,Procurement,Executive,807,2021-07-27,45201.45
4117,Employee 04117,Finance,Manager,601,2015-11-26,165610.21
4118,Employee 04118,Procurement,Executive,411,2015-05-26,94217.92
4119,Employee 04119,Warehouse,Coordinator,358,2017-03-31,74085.9
4120,Employee 04120,Logistics,Manager,135,2018-08-04,135398.72
4121,Employee 04121,Finance,Executive,538,2017-01-07,94024.02
4122,Employee 04122,Sales,Executive,352,2022-04-19,103304.61
4123,Employee 04123,Sales,Coordinator,92,2015-08-11,93511.9
4124,Employee 04124,Logistics,Supervisor,640,2017-04-21,86041.03
4125,Employee 04125,Warehouse,Supervisor,908,2020-12-18,165520.63
4126,Employee 04126,Procurement,Manager,869,2020-09-25,74042.22
4127,Employee 04127,Warehouse,Analyst,171,2016-10-13,83141.24
4128,Employee 04128,Procurement,Executive,739,2024-06-25,79641.6
4129,Employee 04129,Logistics,Executive,106,2022-06-27,55654.9
4130,Employee 04130,Logistics,Associate,86,2023-05-01,52770.45
4131,Employee 04131,Operations,Associate,308,2024-06-22,144219.07
4132,Employee 04132,Logistics,Executive,601,2023-08-07,169042.4
4133,Employee 04133,Procurement,Associate,595,2015-06-16,139024.02
4134,Employee 04134,Finance,Analyst,27,2021-08-18,26421.23
4135,Employee 04135,procurement,Coordinator,961,2015-02-23,29014.46
4136,Employee 04136,Warehouse,Manager,513,2016-11-03,158031.95
4137,Employee 04137,Sales,Coordinator,661,2017-08-31,44727.14
4138,Employee 04138,Sales ,Associate,116,2022-12-09,109685.87
4139,Employee 04139,Finance,Executive,866,2020-05-05,55963.17
4140,Employee 04140,Warehouse,Analyst,825,2016-06-19,164876.52
4141,Employee 04141,Procurement,Analyst,735,2016-12-11,175689.56
4142,Employee 04142,Sales,Associate,877,2016-11-28,53916.93
4143,Employee 04143,Warehouse,Analyst,711,2017-11-24,159561.14
4144,Employee 04144,Warehouse,Associate,364,2023-12-20,104453.05
4145,Employee 04145,Warehouse,Associate,320,2016-04-20,83330.74
4146,Employee 04146,Logistics,Executive,732,2016-11-20,64194.04
4147,Employee 04147,Procurement,Executive,767,2019-01-13,71238.68
4148,Employee 04148,Logistics,Executive,492,2016-07-12,91811.13
4149,Employee 04149,Operations,Executive,483,2015-06-09,73117.56
4150,Employee 04150,Sales,Associate,274,2021-05-27,22291.07
4151,Employee 04151,Operations,Associate,75,2024-03-26,178301.61
4152,Employee 04152,Procurement,Executive,933,2024-03-11,85166.86
4153,Employee 04153,Operations,Analyst,688,2017-08-09,163948.27
4154,Employee 04154,Warehouse,Analyst,770,2016-06-30,119727.04
4155,Employee 04155,Operations,Analyst,563,2023-09-21,158190.24
4156,Employee 04156,Logistics,Executive,230,2020-07-15,169561.34
4157,Employee 04157,Logistics,Associate,790,2020-05-14,134963.09
4158,Employee 04158,Procurement,Associate,761,2021-01-26,118175.71
4159,Employee 04159,Warehouse ,Analyst,28,2017-08-23,97540.26
4160,Employee 04160,Finance,Associate,301,2021-02-16,161935.95
4161,Employee 04161,Operations,Executive,393,2019-02-23,33854.83
4162,Employee 04162,Operations,Supervisor,169,2017-04-17,175757.72
4163,Employee 04163,Operations,Manager,298,2016-06-01,149621.28
4164,Employee 04164,Warehouse,Associate,228,2015-10-03,119657.21
4165,Employee 04165,Finance,Manager,311,2018-02-09,109234.21
4166,Employee 04166,Finance,Manager,818,2023-07-26,173872.48
4167,Employee 04167,Sales,Executive,356,2020-02-18,146490.56
4168,Employee 04168,Procurement,Coordinator,787,2021-05-15,124206.86
4169,Employee 04169,Procurement,Coordinator,554,2022-11-24,92611.34
4170,Employee 04170,Sales,Supervisor,767,2016-07-22,74998.75
4171,Employee 04171,Operations,Supervisor,25,2019-02-11,93973.15
4172,Employee 04172,Sales,Manager,552,2017-07-08,78743.35
4173,Employee 04173,Sales,Associate,177,2018-02-05,84968.58
4174,Employee 04174,Logistics,Executive,583,2020-11-28,59848.52
4175,Employee 04175,Warehouse,Analyst,93,2018-10-27,127621.77
4176,Employee 04176,Sales,Supervisor,312,2018-04-08,65450.33
4177,Employee 04177,Operations,Associate,641,2021-03-02,86910.98
4178,Employee 04178,Finance,Executive,368,2016-11-16,67770.26
4179,Employee 04179,Operations,Associate,202,2016-09-03,26281.23
4180,Employee 04180,Sales,Supervisor,824,2024-02-11,27636.03
4181,Employee 04181,Logistics,Coordinator,388,2016-03-09,105353.8
4182,Employee 04182,Procurement,Supervisor,256,2022-08-26,20167.91
4183,Employee 04183,Finance,Executive,775,2020-01-02,109191.36
4184,Employee 04184,Logistics,Manager,819,2024-03-08,157031.87
4185,Employee 04185,Sales,Supervisor,731,2020-08-01,149253.15
4186,Employee 04186,Procurement,Supervisor,973,2017-09-06,85444.31
4187,Employee 04187,Sales,Manager,911,2016-12-09,32101.87
4188,Employee 04188,Sales,Supervisor,742,2023-10-12,151714.65
4189,Employee 04189,Finance,Associate,60,2022-05-13,137562.05
4190,Employee 04190,Logistics,Executive,498,2023-07-20,134244.79
4191,Employee 04191,Warehouse ,Supervisor,603,2020-11-09,176449.27
4192,Employee 04192,Operations,Supervisor,166,2022-12-19,60535.23
4193,Employee 04193,Operations,Manager,452,2020-09-10,165765.98
4194,Employee 04194,Warehouse,Manager,66,2017-10-30,130411.12
4195,Employee 04195,Procurement,Analyst,802,2020-11-29,51042.05
4196,Employee 04196,Operations,Supervisor,930,2021-05-22,62739.53
4197,Employee 04197,Finance,Coordinator,261,2021-09-07,156186.41
4198,Employee 04198,Warehouse,Coordinator,804,2022-12-15,154119.65
4199,Employee 04199,Procurement,Supervisor,517,2020-06-16,142584.98
4200,Employee 04200,Procurement,Analyst,590,2022-10-08,145853.79
4201,Employee 04201,Warehouse,Associate,921,2017-06-18,0.0
4202,Employee 04202,Logistics,Analyst,523,2022-02-04,163721.73
4203,Employee 04203,Logistics,Associate,298,2015-11-02,72128.09
4204,Employee 04204,Warehouse,Analyst,117,2016-01-20,95824.84
4205,Employee 04205,Operations,Supervisor,671,2020-12-28,58084.79
4206,Employee 04206,Finance,Coordinator,210,2017-11-27,159913.79
4207,Employee 04207,Sales,Executive,286,2021-11-29,60345.07
4208,Employee 04208,Procurement,Coordinator,903,2021-05-05,138893.04
4209,Employee 04209,Finance,Manager,466,2020-02-18,48225.68
4210,Employee 04210,Operations,Manager,561,2018-10-03,100458.21
4211,Employee 04211,Procurement,Coordinator,338,2017-03-31,175812.39
4212,Employee 04212,Procurement,Analyst,995,2021-07-13,25974.79
4213,Employee 04213,Finance,Associate,608,2021-10-27,103157.29
4214,Employee 04214,Warehouse,Analyst,864,2023-01-16,160924.4
4215,Employee 04215,Procurement,Executive,592,2016-01-21,74929.54
4216,Employee 04216,Warehouse ,Analyst,697,2019-03-28,29314.06
4217,Employee 04217,Sales,Analyst,927,2021-06-14,110320.28
4218,Employee 04218,Finance,Coordinator,910,2018-05-06,28080.12
4219,Employee 04219,Sales,Executive,238,2017-10-19,54060.89
4220,Employee 04220,Procurement,Supervisor,198,2015-11-12,155359.77
4221,Employee 04221,Finance,Supervisor,943,2015-08-02,102196.04
4222,Employee 04222,Warehouse,Associate,56,2016-08-10,168046.21
4223,Employee 04223,Sales,Analyst,682,2021-11-07,145921.53
4224,Employee 04224,Logistics,Coordinator,390,2015-09-02,134511.5
4225,Employee 04225,Sales,Analyst,504,2022-03-11,175889.11
4226,Employee 04226,Logistics,Supervisor,16,2021-08-14,51086.27
4227,Employee 04227,Warehouse,Executive,597,2017-12-07,62881.43
4228,Employee 04228,Finance,Executive,963,2015-12-22,105398.53
4229,Employee 04229,Operations,Coordinator,200,2022-04-10,19935.77
4230,Employee 04230,Operations,Analyst,459,2020-11-27,165648.41
4231,Employee 04231,Procurement,Manager,227,2015-02-10,167582.36
4232,Employee 04232,Procurement,Coordinator,912,2019-05-31,100505.92
4233,Employee 04233,finance,Supervisor,785,2021-06-30,89056.61
4234,Employee 04234,Logistics,Executive,219,2019-02-19,61956.03
4235,Employee 04235,Warehouse,Manager,550,2019-03-20,50237.09
4236,Employee 04236,Procurement,Supervisor,411,2022-01-19,142883.69
4237,Employee 04237,Finance,Manager,192,2022-11-22,152047.63
4238,Employee 04238,Sales,Supervisor,737,2016-04-20,58191.23
4239,Employee 04239,Procurement,Executive,348,2017-10-24,57878.56
4240,Employee 04240,Finance,Executive,189,2016-12-15,19898.63
4241,Employee 04241,Logistics,Associate,232,2018-05-03,65220.91
4242,Employee 04242,Logistics,Associate,167,2017-06-30,159857.41
4243,Employee 04243,Finance,Manager,291,2021-09-23,87353.17
4244,Employee 04244,Procurement,Manager,721,2023-11-20,25678.22
4245,Employee 04245,Logistics,Analyst,357,2019-05-12,45087.56
4246,Employee 04246,Finance,Supervisor,215,2024-07-29,145721.97
4247,Employee 04247,Warehouse,Analyst,941,2020-01-30,131258.39
4248,Employee 04248,Procurement,Supervisor,866,2022-03-12,36964.58
4249,Employee 04249,Finance,Executive,991,2022-09-11,39785.76
4250,Employee 04250,Operations,Coordinator,388,2017-07-16,131733.02
4251,Employee 04251,Logistics,Supervisor,856,2022-01-02,32916.37
4252,Employee 04252,Operations,Manager,601,2015-05-16,85557.82
4253,Employee 04253,Sales,Manager,500,2015-11-18,143239.55
4254,Employee 04254,Logistics,Coordinator,302,2019-04-01,92366.12
4255,Employee 04255,Sales,Executive,395,2016-04-19,82396.76
4256,Employee 04256,Logistics,Executive,806,2020-04-11,23516.52
4257,Employee 04257,Warehouse,Supervisor,857,2022-05-19,50785.38
4258,Employee 04258,Warehouse,Supervisor,467,2020-09-15,122744.9
4259,Employee 04259,Procurement,Supervisor,851,2016-07-01,131237.76
4260,Employee 04260,Sales ,Analyst,344,2023-12-16,103286.75
4261,Employee 04261,Warehouse,Supervisor,765,2018-09-03,178652.55
4262,Employee 04262,Finance,Manager,575,2016-11-30,85128.02
4263,Employee 04263,Sales,Associate,495,2022-04-19,157889.54
4264,Employee 04264,Operations,Coordinator,426,2022-07-06,23189.92
4265,Employee 04265,logistics,Analyst,488,2023-04-10,148986.56
4266,Employee 04266,Logistics,Manager,271,2018-04-15,28839.61
4267,Employee 04267,Finance,Associate,99,2021-11-24,126866.23
4268,Employee 04268,Sales,Analyst,259,2015-05-30,155562.63
4269,Employee 04269,Finance,Manager,81,2022-11-16,89623.22
4270,Employee 04270,Sales,Executive,690,2015-09-21,66545.23
4271,Employee 04271,Finance,Manager,426,2018-09-16,58923.7
4272,Employee 04272,Sales,Analyst,887,2019-12-23,138608.05
4273,Employee 04273,Logistics,Executive,135,2019-01-05,168224.1
4274,Employee 04274,Warehouse,Supervisor,520,2020-03-04,112836.19
4275,Employee 04275,Operations,Executive,274,2019-11-03,165180.75
4276,Employee 04276,Warehouse,Manager,744,2024-01-26,79636.36
4277,Employee 04277,Warehouse,Coordinator,940,2015-09-02,159033.38
4278,Employee 04278,Logistics ,Coordinator,250,2015-05-06,59614.47
4279,Employee 04279,Sales,Coordinator,822,2022-02-05,20452.16
4280,Employee 04280,Warehouse,Analyst,948,2021-12-03,33176.12
4281,Employee 04281,Sales,Executive,951,2018-06-17,19136.02
4282,Employee 04282,Operations,Associate,156,2020-08-12,26496.54
4283,Employee 04283,Operations,Analyst,689,2015-10-24,47241.46
4284,Employee 04284,Warehouse,Associate,578,2019-01-13,177142.27
4285,Employee 04285,Procurement,Coordinator,378,2018-08-18,72491.73
4286,Employee 04286,Sales,Coordinator,907,2024-07-24,87268.59
4287,Employee 04287,Logistics,Associate,775,2017-04-25,85520.7
4288,Employee 04288,Warehouse,Supervisor,512,2020-11-19,75637.14
4289,Employee 04289,Logistics,Manager,381,2023-08-23,143138.72
4290,Employee 04290,Warehouse,Executive,284,2020-08-02,137665.72
4291,Employee 04291,Logistics,Associate,336,2022-12-10,144276.53
4292,Employee 04292,Logistics,Supervisor,560,2015-10-06,94536.05
4293,Employee 04293,Finance ,Manager,380,2015-04-18,28934.07
4294,Employee 04294,Logistics,Associate,666,2015-10-23,27374.81
4295,Employee 04295,Logistics,Analyst,65,2020-05-31,112369.27
4296,Employee 04296,Warehouse,Coordinator,739,2021-05-10,96917.14
4297,Employee 04297,Sales,Manager,9,2020-07-01,32403.2
4298,Employee 04298,Logistics,Analyst,849,2022-04-15,170794.12
4299,Employee 04299,Logistics,Coordinator,753,2020-07-01,124071.86
4300,Employee 04300,Logistics,Supervisor,674,2022-09-25,53507.03
4301,Employee 04301,Finance,Coordinator,158,2019-07-06,27388.49
4302,Employee 04302,Logistics,Manager,893,2019-07-10,23049.54
4303,Employee 04303,Logistics,Analyst,630,2024-03-06,154465.02
4304,Employee 04304,Sales,Coordinator,456,2021-10-12,109457.84
4305,Employee 04305,Operations,Coordinator,611,2021-06-22,132464.21
4306,Employee 04306,Procurement,Associate,211,2019-02-04,150184.25
4307,Employee 04307,Operations,Supervisor,736,2020-04-19,100541.69
4308,Employee 04308,Warehouse,Associate,674,2016-08-13,89646.35
4309,Employee 04309,Logistics,Associate,438,2015-12-11,0.0
4310,Employee 04310,Logistics,Associate,267,2019-11-02,41784.89
4311,Employee 04311,,Supervisor,920,2019-08-04,114029.0
4312,Employee 04312,Finance,Analyst,968,2016-11-01,57854.55
4313,Employee 04313,Warehouse,Supervisor,174,2017-08-31,43713.28
4314,Employee 04314,Operations,Coordinator,398,2015-10-31,140380.73
4315,Employee 04315,Procurement,Executive,322,2018-09-22,76316.39
4316,Employee 04316,Procurement,Executive,494,2022-11-11,36873.43
4317,Employee 04317,Sales,Analyst,552,2015-09-21,52494.18
4318,Employee 04318,Warehouse,Executive,914,2021-01-07,42326.57
4319,Employee 04319,Warehouse,Manager,71,2017-05-27,124320.82
4320,Employee 04320,Operations,Coordinator,620,2024-04-13,143361.72
4321,Employee 04321,,Manager,638,2022-02-12,152675.62
4322,Employee 04322,Warehouse,Coordinator,624,2018-05-07,84382.09
4323,Employee 04323,Sales,Executive,180,2021-08-24,179808.57
4324,Employee 04324,Operations,Associate,903,2024-04-04,140231.87
4325,Employee 04325,Logistics,Analyst,750,2023-04-19,76875.34
4326,Employee 04326,Sales,Manager,737,2019-12-22,44926.76
4327,Employee 04327,Finance,Manager,285,2019-12-21,130685.74
4328,Employee 04328,Operations,Manager,748,2016-01-31,149388.79
4329,Employee 04329,Operations,Analyst,860,2019-12-27,38394.59
4330,Employee 04330,Finance,Associate,430,2019-06-17,125685.94
4331,Employee 04331,Warehouse,Associate,613,2024-02-13,24862.48
4332,Employee 04332,Finance,Analyst,124,2017-06-25,29637.19
4333,Employee 04333,Operations,Supervisor,887,2021-07-11,82317.18
4334,Employee 04334,,Coordinator,762,2021-09-07,50862.35
4335,Employee 04335,Operations,Associate,617,2024-02-28,51547.51
4336,Employee 04336,Logistics,Associate,913,2019-04-03,152812.85
4337,Employee 04337,Operations,Associate,355,2018-09-28,19748.76
4338,Employee 04338,Procurement,Analyst,279,2021-05-10,151356.0
4339,Employee 04339,,Associate,995,2019-08-13,62722.91
4340,Employee 04340,Warehouse,Analyst,711,2020-03-29,20250.73
4341,Employee 04341,Operations,Executive,427,2018-04-06,53123.46
4342,Employee 04342,Operations,Analyst,862,2023-01-12,87037.11
4343,Employee 04343,Procurement,Supervisor,765,2019-12-01,44911.3
4344,Employee 04344,Logistics,Supervisor,200,2017-08-10,44869.64
4345,Employee 04345,Sales,Executive,440,2024-05-03,156819.69
4346,Employee 04346,Finance,Analyst,256,2015-09-28,70913.44
4347,Employee 04347,Warehouse,Coordinator,873,2015-02-06,86854.4
4348,Employee 04348,Operations,Coordinator,812,2021-12-23,54432.03
4349,Employee 04349,Logistics,Analyst,1000,2015-04-24,98843.92
4350,Employee 04350,Operations,Coordinator,220,2017-09-14,169406.42
4351,Employee 04351,Warehouse,Supervisor,667,2019-04-26,146476.82
4352,Employee 04352,Operations,Manager,603,2015-12-08,153213.95
4353,Employee 04353,Procurement,Executive,61,2016-07-23,63916.04
4354,Employee 04354,Warehouse,Manager,104,2017-06-09,49280.53
4355,Employee 04355,Finance,Manager,26,2017-07-29,73596.08
4356,Employee 04356,Procurement,Associate,700,2023-03-24,153226.55
4357,Employee 04357,Procurement,Coordinator,786,2017-02-17,147435.26
4358,Employee 04358,Logistics,Associate,152,2020-03-05,166914.5
4359,Employee 04359,Sales,Analyst,161,2021-07-09,172399.33
4360,Employee 04360,Operations,Coordinator,650,2022-07-18,129536.95
4361,Employee 04361,Operations,Analyst,252,2020-12-01,151976.04
4362,Employee 04362,Operations,Supervisor,835,2022-02-15,84691.12
4363,Employee 04363,Warehouse,Associate,793,2019-10-15,33065.46
4364,Employee 04364,Warehouse,Manager,238,2023-04-24,153858.69
4365,Employee 04365,Finance ,Executive,374,2016-03-10,54511.87
4366,Employee 04366,Operations,Associate,172,2018-08-23,59719.11
4367,Employee 04367,Sales,Coordinator,537,2023-04-08,69363.35
4368,Employee 04368,Operations,Coordinator,904,2019-01-25,70883.01
4369,Employee 04369,Finance,Supervisor,564,2018-06-16,51295.54
4370,Employee 04370,Sales,Analyst,890,2019-07-16,54373.91
4371,Employee 04371,Warehouse,Analyst,623,2015-08-19,84896.79
4372,Employee 04372,Warehouse,Executive,199,2015-06-14,165296.73
4373,Employee 04373,Operations,Analyst,628,2018-08-13,93157.81
4374,Employee 04374,Finance,Manager,426,2018-07-19,51392.19
4375,Employee 04375,Operations,Manager,325,2024-02-27,67526.99
4376,Employee 04376,Procurement,Supervisor,233,2023-03-25,38853.35
4377,Employee 04377,Warehouse,Coordinator,203,2019-02-06,160934.09
4378,Employee 04378,Warehouse,Executive,256,2019-11-06,129147.51
4379,Employee 04379,Logistics,Analyst,89,2023-05-10,76359.23
4380,Employee 04380,Logistics,Supervisor,580,2019-08-30,151024.72
4381,Employee 04381,Operations,Analyst,150,2020-05-28,161068.8
4382,Employee 04382,Finance,Associate,433,2019-09-07,94322.59
4383,Employee 04383,Procurement,Analyst,269,2015-11-05,62830.58
4384,Employee 04384,Operations,Analyst,96,2018-02-17,84968.76
4385,Employee 04385,Logistics,Coordinator,824,2021-04-13,45922.62
4386,Employee 04386,Warehouse ,Executive,577,2018-09-18,163823.25
4387,Employee 04387,Procurement,Executive,948,2018-12-28,45466.42
4388,Employee 04388,Operations,Analyst,279,2021-05-17,123968.19
4389,Employee 04389,Sales,Supervisor,510,2017-06-02,112413.14
4390,Employee 04390,Logistics,Executive,174,2015-08-03,139371.74
4391,Employee 04391,Operations,Coordinator,406,2015-01-24,178190.72
4392,Employee 04392,Warehouse,Analyst,928,2024-03-09,172046.14
4393,Employee 04393,Finance,Analyst,333,2020-12-02,76543.79
4394,Employee 04394,procurement,Coordinator,30,2024-01-04,92211.45
4395,Employee 04395,Sales,Associate,913,2015-06-15,160398.24
4396,Employee 04396,Procurement,Supervisor,895,2018-12-11,82754.92
4397,Employee 04397,Logistics,Coordinator,646,2020-02-13,152661.43
4398,Employee 04398,Finance,Executive,247,2017-05-09,148485.58
4399,Employee 04399,Procurement,Analyst,317,2021-04-21,53092.05
4400,Employee 04400,Finance,Coordinator,228,2017-03-18,78787.11
4401,Employee 04401,Finance,Coordinator,576,2018-04-03,36044.32
4402,Employee 04402,Operations,Executive,651,2020-12-10,83359.16
4403,Employee 04403,Operations,Coordinator,137,2015-06-10,169022.5
4404,Employee 04404,Sales,Executive,922,2022-09-11,84639.44
4405,Employee 04405,Warehouse,Associate,428,2022-11-02,25436.51
4406,Employee 04406,Warehouse,Analyst,738,2019-06-27,37022.78
4407,Employee 04407,Sales,Associate,827,2017-01-07,118255.05
4408,Employee 04408,Sales,Executive,508,2023-12-08,173672.83
4409,Employee 04409,Warehouse,Supervisor,186,2017-05-07,133939.97
4410,Employee 04410,Procurement,Manager,377,2021-10-26,172844.34
4411,Employee 04411,Operations,Manager,385,2019-06-30,155487.48
4412,Employee 04412,Finance,Associate,954,2022-06-23,170999.96
4413,Employee 04413,Sales,Manager,480,2018-05-12,105956.61
4414,Employee 04414,Procurement,Manager,589,2020-10-19,71192.83
4415,Employee 04415,Warehouse,Executive,139,2024-07-06,22105.34
4416,Employee 04416,Logistics,Executive,947,2022-10-17,89001.78
4417,Employee 04417,Sales,Associate,598,2022-05-05,143037.02
4418,Employee 04418,Logistics,Manager,83,2021-04-03,155931.3
4419,Employee 04419,Finance,Supervisor,988,2023-09-01,134096.28
4420,Employee 04420,Logistics,Manager,755,2016-03-26,177132.01
4421,Employee 04421,Procurement,Coordinator,842,2018-08-17,153404.91
4422,Employee 04422,Finance,Manager,916,2015-03-22,86724.84
4423,Employee 04423,Logistics,Manager,566,2016-01-08,90610.35
4424,Employee 04424,Procurement,Executive,964,2021-02-17,96297.48
4425,Employee 04425,Warehouse,Associate,763,2022-10-31,164913.92
4426,Employee 04426,Logistics,Supervisor,730,2019-10-06,84200.67
4427,Employee 04427,Logistics,Analyst,319,2016-05-18,154381.12
4428,Employee 04428,Procurement,Supervisor,55,2022-05-24,56295.5
4429,Employee 04429,Logistics,Analyst,229,2023-03-06,142838.9
4430,Employee 04430,Logistics,Coordinator,266,2022-11-14,131178.53
4431,Employee 04431,,Supervisor,108,2020-02-16,46118.74
4432,Employee 04432,Sales,Executive,27,2018-07-17,20459.26
4433,Employee 04433,Sales,Coordinator,127,2017-08-23,47410.37
4434,Employee 04434,Finance,Associate,779,2018-08-24,83817.47
4435,Employee 04435,Logistics,Coordinator,143,2022-10-10,96226.26
4436,Employee 04436,Warehouse,Coordinator,787,2016-01-30,147532.89
4437,Employee 04437,Sales ,Manager,301,2023-05-27,54702.0
4438,Employee 04438,Sales,Coordinator,913,2016-03-10,135355.85
4439,Employee 04439,Operations,Supervisor,844,2023-01-04,177287.04
4440,Employee 04440,Procurement,Executive,799,2016-12-10,110788.65
4441,Employee 04441,Logistics,Manager,264,2024-03-05,152287.45
4442,Employee 04442,Sales,Executive,149,2015-02-26,121155.96
4443,Employee 04443,Procurement,Executive,639,2018-03-24,148305.8
4444,Employee 04444,Procurement,Analyst,186,2017-01-30,86646.86
4445,Employee 04445,Sales,Analyst,867,2017-01-18,130400.31
4446,Employee 04446,Logistics,Associate,235,2021-05-19,42438.27
4447,Employee 04447,Finance ,Analyst,811,2020-10-31,113210.01
4448,Employee 04448,Logistics,Manager,253,2022-06-14,110165.43
4449,Employee 04449,Warehouse,Supervisor,609,2019-11-25,85294.67
4450,Employee 04450,Finance,Analyst,762,2017-08-09,160601.33
4451,Employee 04451,Logistics,Coordinator,82,2018-06-24,18045.44
4452,Employee 04452,Warehouse,Associate,772,2017-01-20,132065.83
4453,Employee 04453,Procurement,Associate,229,2016-09-17,23294.95
4454,Employee 04454,Warehouse,Manager,374,2015-04-12,85456.6
4455,Employee 04455,Sales,Manager,702,2021-08-03,67141.93
4456,Employee 04456,Operations,Supervisor,936,2019-10-09,18915.89
4457,Employee 04457,Procurement,Manager,127,2022-03-05,80118.62
4458,Employee 04458,Warehouse,Executive,810,2018-02-01,55856.15
4459,Employee 04459,Finance,Coordinator,192,2018-11-22,44448.36
4460,Employee 04460,Operations,Analyst,772,2019-02-02,83179.94
4461,Employee 04461,Procurement,Coordinator,111,2020-03-23,29522.75
4462,Employee 04462,Sales,Coordinator,798,2024-05-06,33926.09
4463,Employee 04463,Procurement,Coordinator,38,2020-09-20,138952.98
4464,Employee 04464,Logistics,Supervisor,875,2023-09-23,47722.06
4465,Employee 04465,Logistics,Associate,258,2015-02-09,161427.43
4466,Employee 04466,Warehouse,Analyst,407,2018-04-07,143261.15
4467,Employee 04467,Sales,Supervisor,467,2024-03-18,36189.29
4468,Employee 04468,Operations,Supervisor,621,2023-09-27,25378.81
4469,Employee 04469,Warehouse,Supervisor,352,2015-10-03,31531.39
4470,Employee 04470,,Executive,266,2018-04-02,141847.15
4471,Employee 04471,Finance,Manager,345,2016-04-14,135709.27
4472,Employee 04472,Finance,Supervisor,418,2022-11-15,176743.82
4473,Employee 04473,Warehouse,Analyst,437,2017-03-12,34557.53
4474,Employee 04474,Sales,Executive,363,2020-11-15,177663.65
4475,Employee 04475,Procurement,Executive,574,2020-02-29,35862.43
4476,Employee 04476,Logistics,Associate,622,2020-05-07,131914.49
4477,Employee 04477,Logistics,Supervisor,294,2022-04-16,162750.29
4478,Employee 04478,procurement,Coordinator,702,2015-01-15,114959.54
4479,Employee 04479,Procurement,Coordinator,372,2017-11-27,69310.76
4480,Employee 04480,Warehouse,Manager,286,2021-11-05,92458.44
4481,Employee 04481,Finance,Supervisor,747,2019-06-01,28805.2
4482,Employee 04482,Procurement,Coordinator,546,2019-10-28,99245.99
4483,Employee 04483,Procurement,Manager,476,2021-09-03,161319.85
4484,Employee 04484,logistics,Manager,686,2022-06-04,110070.74
4485,Employee 04485,Operations,Analyst,810,2016-01-27,56635.26
4486,Employee 04486,Warehouse,Manager,312,2019-03-06,164778.01
4487,Employee 04487,Operations,Coordinator,630,2017-11-05,106206.29
4488,Employee 04488,Operations,Analyst,773,2020-12-22,19196.35
4489,Employee 04489,Finance,Executive,421,2018-02-11,147254.99
4490,Employee 04490,Logistics,Associate,423,2015-08-16,153540.63
4491,Employee 04491,Sales ,Executive,470,2024-01-15,115986.56
4492,Employee 04492,Warehouse,Executive,235,2024-05-09,129308.49
4493,Employee 04493,Operations,Associate,932,2020-05-25,164036.3
4494,Employee 04494,Finance,Associate,429,2015-08-10,27235.64
4495,Employee 04495,Warehouse,Associate,351,2015-01-05,60859.28
4496,Employee 04496,Sales,Supervisor,505,2019-04-24,19132.85
4497,Employee 04497,Sales,Executive,774,2021-09-23,110104.77
4498,Employee 04498,Logistics,Analyst,835,2019-04-05,19141.15
4499,Employee 04499,Sales,Associate,513,2019-09-05,141369.26
4500,Employee 04500,Operations,Analyst,750,2016-10-19,148726.34
4501,Employee 04501,Sales,Coordinator,805,2019-04-28,42975.49
4502,Employee 04502,Operations,Executive,550,2017-02-07,104782.71
4503,Employee 04503,Warehouse,Associate,367,2020-09-06,91641.53
4504,Employee 04504,Procurement,Executive,810,2015-03-14,49385.88
4505,Employee 04505,Logistics,Executive,283,2021-02-14,134465.83
4506,Employee 04506,Warehouse,Supervisor,464,2022-06-08,70646.96
4507,Employee 04507,Sales,Executive,51,2021-09-18,116332.17
4508,Employee 04508,Procurement,Supervisor,407,2015-01-06,141210.09
4509,Employee 04509,Sales,Analyst,553,2020-09-22,84722.1
4510,Employee 04510,Finance,Associate,870,2015-05-26,98245.85
4511,Employee 04511,Warehouse,Coordinator,516,2020-01-21,123823.25
4512,Employee 04512,Procurement,Supervisor,440,2021-08-29,21376.09
4513,Employee 04513,Sales,Analyst,112,2018-05-29,126611.01
4514,Employee 04514,Operations,Associate,65,2016-02-19,0.0
4515,Employee 04515,Logistics,Supervisor,706,2018-08-23,178923.82
4516,Employee 04516,Sales,Supervisor,978,2019-08-10,22075.75
4517,Employee 04517,Logistics,Associate,368,2016-12-20,107982.46
4518,Employee 04518,Operations,Manager,660,2023-12-08,26885.99
4519,Employee 04519,Logistics,Executive,711,2019-03-31,88567.52
4520,Employee 04520,Operations,Associate,319,2016-01-03,124686.47
4521,Employee 04521,Sales,Coordinator,214,2020-06-04,45650.99
4522,Employee 04522,Finance,Executive,754,2016-05-16,167979.51
4523,Employee 04523,Operations,Manager,889,2019-05-08,76135.45
4524,Employee 04524,Finance,Associate,436,2020-06-28,177968.64
4525,Employee 04525,Operations,Coordinator,524,2023-03-22,103297.31
4526,Employee 04526,Logistics,Executive,84,2017-07-31,55689.9
4527,Employee 04527,Sales,Coordinator,145,2017-03-25,98513.97
4528,Employee 04528,Sales,Analyst,661,2023-09-15,108241.97
4529,Employee 04529,Operations,Analyst,76,2021-09-19,178573.2
4530,Employee 04530,Operations,Coordinator,679,2017-12-12,79929.31
4531,Employee 04531,Warehouse,Analyst,820,2017-05-22,23924.95
4532,Employee 04532,Logistics,Executive,342,2019-10-01,128084.19
4533,Employee 04533,Sales,Manager,929,2019-04-11,57053.98
4534,Employee 04534,Logistics,Analyst,944,2021-02-22,26990.68
4535,Employee 04535,Operations,Executive,109,2015-09-10,141478.85
4536,Employee 04536,Logistics,Coordinator,376,2015-06-24,122098.85
4537,Employee 04537,Warehouse ,Coordinator,850,2017-10-10,27961.65
4538,Employee 04538,Logistics,Manager,428,2019-03-23,65542.57
4539,Employee 04539,Logistics,Associate,350,2022-03-20,59021.42
4540,Employee 04540,Finance,Associate,438,2023-11-16,178506.78
4541,Employee 04541,Operations,Supervisor,986,2020-12-11,146201.66
4542,Employee 04542,Logistics,Coordinator,174,2024-01-30,47358.84
4543,Employee 04543,Procurement,Executive,431,2021-11-25,146983.62
4544,Employee 04544,Logistics,Coordinator,783,2020-12-15,59999.07
4545,Employee 04545,Logistics,Associate,904,2015-08-16,159140.88
4546,Employee 04546,Finance,Analyst,657,2015-03-14,113825.76
4547,Employee 04547,Sales,Supervisor,722,2023-08-04,96446.63
4548,Employee 04548,Operations,Coordinator,570,2020-08-05,169998.81
4549,Employee 04549,Procurement,Coordinator,176,2024-07-07,84227.99
4550,Employee 04550,Procurement,Manager,251,2017-09-24,152750.1
4551,Employee 04551,Logistics,Associate,199,2021-08-02,69118.08
4552,Employee 04552,Operations,Analyst,434,2018-10-09,75497.13
4553,Employee 04553,Warehouse,Analyst,32,2023-01-19,49620.03
4554,Employee 04554,Finance,Supervisor,388,2023-06-23,27938.1
4555,Employee 04555,Finance,Executive,13,2023-07-20,146966.48
4556,Employee 04556,,Analyst,177,2017-01-28,106954.65
4557,Employee 04557,Logistics,Analyst,397,2016-03-17,94486.21
4558,Employee 04558,Logistics,Supervisor,948,2019-03-17,140488.96
4559,Employee 04559,Procurement,Associate,931,2018-12-21,114684.75
4560,Employee 04560,Sales,Manager,517,2017-05-16,97597.11
4561,Employee 04561,Sales,Analyst,275,2022-02-12,34006.75
4562,Employee 04562,Finance,Associate,817,2022-12-18,39771.47
4563,Employee 04563,Logistics,Manager,905,2024-05-06,133381.88
4564,Employee 04564,Finance,Associate,62,2017-09-21,47370.29
4565,Employee 04565,Logistics,Associate,307,2023-10-01,160822.52
4566,Employee 04566,Warehouse,Analyst,354,2015-11-21,161702.44
4567,Employee 04567,Sales,Coordinator,163,2022-04-07,91769.0
4568,Employee 04568,Operations,Supervisor,25,2018-11-11,146591.94
4569,Employee 04569,Finance,Executive,162,2016-09-02,78825.32
4570,Employee 04570,Sales,Coordinator,402,2023-10-12,77114.41
4571,Employee 04571,Logistics,Analyst,687,2020-11-14,35610.2
4572,Employee 04572,Procurement,Analyst,549,2023-04-22,22156.96
4573,Employee 04573,Operations,Executive,967,2018-10-24,59746.86
4574,Employee 04574,Procurement,Associate,800,2019-09-19,34962.45
4575,Employee 04575,Warehouse,Analyst,2,2017-06-01,54923.2
4576,Employee 04576,Warehouse,Associate,208,2018-07-17,35965.56
4577,Employee 04577,Warehouse,Executive,309,2021-01-13,35679.54
4578,Employee 04578,Warehouse,Analyst,746,2023-03-24,169536.22
4579,Employee 04579,Finance,Supervisor,737,2017-09-14,78464.88
4580,Employee 04580,Operations ,Manager,786,2016-05-11,135686.81
4581,Employee 04581,Warehouse,Executive,934,2020-06-28,72219.51
4582,Employee 04582,Warehouse,Coordinator,395,2023-05-09,62897.06
4583,Employee 04583,Warehouse,Executive,523,2016-01-15,176329.72
4584,Employee 04584,Logistics,Associate,54,2017-02-21,25603.77
4585,Employee 04585,Logistics,Analyst,903,2023-11-19,64234.31
4586,Employee 04586,Operations,Associate,304,2020-09-30,34644.13
4587,Employee 04587,Finance,Executive,823,2018-11-17,178415.71
4588,Employee 04588,Warehouse,Analyst,34,2016-04-07,75507.2
4589,Employee 04589,Sales,Coordinator,299,2020-01-04,88486.62
4590,Employee 04590,Sales,Associate,40,2021-04-01,33879.78
4591,Employee 04591,Logistics,Executive,801,2019-07-23,30653.32
4592,Employee 04592,Warehouse,Executive,293,2019-07-26,176585.56
4593,Employee 04593,Warehouse,Associate,931,2018-12-08,147815.2
4594,Employee 04594,Operations,Supervisor,754,2016-10-04,110104.48
4595,Employee 04595,Warehouse,Executive,374,2023-08-17,150697.08
4596,Employee 04596,Warehouse,Supervisor,513,2024-03-05,49304.15
4597,Employee 04597,Sales,Executive,668,2015-05-23,172482.66
4598,Employee 04598,Logistics,Coordinator,67,2022-11-19,47330.13
4599,Employee 04599,Logistics ,Analyst,98,2022-07-08,106783.09
4600,Employee 04600,Warehouse,Analyst,670,2016-09-23,161739.09
4601,Employee 04601,Operations,Manager,854,2015-01-29,93789.8
4602,Employee 04602,Operations,Supervisor,995,2024-06-27,116495.56
4603,Employee 04603,Finance,Manager,378,2020-03-07,167570.58
4604,Employee 04604,Sales,Analyst,325,2015-02-08,138903.41
4605,Employee 04605,Warehouse,Supervisor,63,2017-10-30,102009.41
4606,Employee 04606,Warehouse,Associate,565,2022-05-21,73601.29
4607,Employee 04607,Logistics,Manager,542,2015-12-31,35161.16
4608,Employee 04608,Procurement,Supervisor,712,2016-06-21,43174.14
4609,Employee 04609,Operations,Analyst,604,2015-07-10,59451.31
4610,Employee 04610,Sales,Analyst,477,2019-08-23,66248.21
4611,Employee 04611,Procurement,Associate,629,2022-11-01,58450.7
4612,Employee 04612,Procurement,Executive,150,2020-04-26,108205.82
4613,Employee 04613,Warehouse,Executive,262,2022-08-15,0.0
4614,Employee 04614,Procurement,Coordinator,537,2023-06-26,18862.08
4615,Employee 04615,Finance,Coordinator,583,2020-10-06,57775.1
4616,Employee 04616,Logistics,Associate,46,2023-02-14,121856.69
4617,Employee 04617,Logistics,Associate,42,2020-09-10,27511.89
4618,Employee 04618,Logistics,Coordinator,192,2015-01-26,47340.98
4619,Employee 04619,Finance,Manager,877,2015-01-31,86611.74
4620,Employee 04620,Finance,Analyst,380,2019-03-24,88264.08
4621,Employee 04621,Operations,Associate,288,2017-09-26,164588.99
4622,Employee 04622,Warehouse,Analyst,768,2021-07-29,43732.72
4623,Employee 04623,Sales,Associate,497,2023-12-18,144074.97
4624,Employee 04624,Operations,Analyst,744,2023-05-22,171218.49
4625,Employee 04625,Procurement,Coordinator,214,2015-04-03,151549.72
4626,Employee 04626,Finance,Analyst,99,2023-07-17,151119.35
4627,Employee 04627,Warehouse,Manager,442,2022-06-25,112278.55
4628,Employee 04628,Logistics,Associate,845,2015-08-24,21750.71
4629,Employee 04629,Finance,Manager,762,2023-05-17,112677.04
4630,Employee 04630,Finance,Coordinator,699,2024-07-06,47935.82
4631,Employee 04631,Procurement,Manager,762,2021-10-25,118250.97
4632,Employee 04632,Sales,Analyst,889,2018-06-14,87105.92
4633,Employee 04633,Procurement,Coordinator,118,2015-07-20,88902.51
4634,Employee 04634,Sales,Analyst,591,2024-03-08,33335.93
4635,Employee 04635,Procurement,Associate,969,2017-09-09,170259.71
4636,Employee 04636,Logistics,Supervisor,255,2020-12-23,27997.63
4637,Employee 04637,Procurement,Coordinator,315,2015-12-31,39756.83
4638,Employee 04638,Operations,Manager,264,2022-06-07,27579.42
4639,Employee 04639,Warehouse,Manager,16,2022-05-26,119288.13
4640,Employee 04640,Sales,Analyst,610,2018-09-17,79951.95
4641,Employee 04641,Warehouse,Associate,289,2021-07-31,20164.35
4642,Employee 04642,Warehouse,Executive,861,2017-11-28,103457.78
4643,Employee 04643,Finance,Executive,134,2020-04-29,37813.4
4644,Employee 04644,Finance,Analyst,272,2016-12-26,41336.28
4645,Employee 04645,Procurement,Manager,211,2015-03-15,78500.67
4646,Employee 04646,Logistics,Executive,364,2021-09-26,22478.17
4647,Employee 04647,Operations,Supervisor,555,2023-03-01,70852.67
4648,Employee 04648,Warehouse,Supervisor,875,2024-05-23,26838.63
4649,Employee 04649,Logistics,Executive,121,2016-08-10,150918.58
4650,Employee 04650,Sales,Associate,130,2016-11-05,35884.69
4651,Employee 04651,Warehouse,Analyst,692,2022-07-15,103086.76
4652,Employee 04652,Finance,Coordinator,386,2018-04-30,51362.39
4653,Employee 04653,Logistics,Associate,43,2024-05-29,43807.01
4654,Employee 04654,Operations,Analyst,762,2021-04-15,106952.05
4655,Employee 04655,Sales,Supervisor,703,2021-02-05,163191.32
4656,Employee 04656,Warehouse ,Manager,991,2017-02-20,92401.98
4657,Employee 04657,Procurement,Analyst,991,2023-11-08,45472.89
4658,Employee 04658,Procurement,Coordinator,870,2019-02-04,45412.37
4659,Employee 04659,Operations,Associate,299,2021-09-29,173113.32
4660,Employee 04660,Logistics ,Supervisor,899,2022-11-20,110333.58
4661,Employee 04661,Logistics,Manager,604,2018-05-23,65118.75
4662,Employee 04662,Procurement,Coordinator,815,2017-01-29,42008.1
4663,Employee 04663,Sales,Supervisor,712,2016-07-24,23686.76
4664,Employee 04664,Finance,Associate,756,2021-09-27,174725.43
4665,Employee 04665,Sales,Manager,921,2023-06-25,43586.87
4666,Employee 04666,Sales,Analyst,286,2015-10-21,52993.47
4667,Employee 04667,Operations,Coordinator,251,2021-07-20,53281.56
4668,Employee 04668,Warehouse,Associate,19,2015-02-19,110575.87
4669,Employee 04669,logistics,Manager,390,2024-01-04,171523.04
4670,Employee 04670,Procurement,Coordinator,468,2016-11-27,165479.57
4671,Employee 04671,Logistics,Manager,963,2024-06-27,51871.88
4672,Employee 04672,Operations,Coordinator,185,2022-01-02,121762.48
4673,Employee 04673,Logistics,Manager,339,2024-01-23,-10000.0
4674,Employee 04674,Procurement,Supervisor,205,2018-11-15,84086.07
4675,Employee 04675,Procurement,Associate,746,2024-06-10,47419.83
4676,Employee 04676,sales,Associate,888,2019-07-18,168400.13
4677,Employee 04677,Procurement,Coordinator,7,2017-09-20,94180.14
4678,Employee 04678,Logistics,Supervisor,371,2015-06-11,23443.67
4679,Employee 04679,Logistics,Analyst,205,2022-02-28,57961.5
4680,Employee 04680,Finance,Supervisor,994,2018-09-24,84616.36
4681,Employee 04681,Finance,Analyst,580,2022-12-02,135099.93
4682,Employee 04682,Procurement,Supervisor,694,2017-09-07,82405.98
4683,Employee 04683,Operations,Supervisor,459,2023-07-25,73604.55
4684,Employee 04684,Operations,Manager,853,2020-04-07,129717.91
4685,Employee 04685,Operations,Associate,321,2023-06-27,72969.01
4686,Employee 04686,Sales,Manager,219,2017-03-02,174601.19
4687,Employee 04687,Sales,Executive,577,2021-11-09,92585.03
4688,Employee 04688,Finance,Coordinator,76,2019-11-02,163399.58
4689,Employee 04689,Operations,Associate,690,2016-10-12,101287.41
4690,Employee 04690,Sales,Supervisor,440,2024-05-14,18959.1
4691,Employee 04691,Logistics,Coordinator,171,2022-05-21,71811.42
4692,Employee 04692,Logistics,Coordinator,630,2020-12-01,118696.69
4693,Employee 04693,Warehouse,Executive,104,2015-03-04,126732.03
4694,Employee 04694,Operations,Coordinator,872,2020-03-06,75864.26
4695,Employee 04695,Operations,Associate,391,2017-09-19,60595.78
4696,Employee 04696,Operations,Manager,792,2023-04-21,172591.88
4697,Employee 04697,,Associate,793,2019-02-10,29180.67
4698,Employee 04698,Operations,Manager,912,2022-10-04,63482.4
4699,Employee 04699,Warehouse,Associate,779,2022-08-16,116759.21
4700,Employee 04700,Finance,Executive,267,2015-07-26,171005.76
4701,Employee 04701,Warehouse,Executive,161,2018-11-22,105704.42
4702,Employee 04702,Operations,Analyst,647,2015-11-11,144545.06
4703,Employee 04703,Operations,Analyst,843,2016-10-23,38553.81
4704,Employee 04704,Sales,Executive,606,2019-10-03,51535.99
4705,Employee 04705,Operations,Coordinator,964,2015-01-13,141427.84
4706,Employee 04706,Procurement,Analyst,165,2017-10-22,18622.84
4707,Employee 04707,Finance,Associate,549,2024-03-15,80019.62
4708,Employee 04708,Finance,Analyst,325,2017-06-21,124671.4
4709,Employee 04709,Warehouse,Associate,589,2015-03-08,159835.14
4710,Employee 04710,Operations,Executive,654,2024-02-26,100530.87
4711,Employee 04711,Sales,Executive,650,2019-07-13,167359.69
4712,Employee 04712,Finance,Supervisor,960,2018-02-02,19744.88
4713,Employee 04713,Warehouse,Associate,257,2020-10-01,177086.31
4714,Employee 04714,Warehouse,Executive,987,2015-08-08,45541.81
4715,Employee 04715,Operations,Associate,974,2022-06-18,90297.39
4716,Employee 04716,Sales,Manager,217,2015-03-04,175175.86
4717,Employee 04717,Finance,Supervisor,441,2023-08-25,63183.26
4718,Employee 04718,Warehouse,Coordinator,15,2021-07-26,138729.72
4719,Employee 04719,Sales,Supervisor,657,2020-05-25,139446.07
4720,Employee 04720,Logistics,Coordinator,619,2023-12-19,58849.55
4721,Employee 04721,Sales,Supervisor,67,2018-11-02,164087.73
4722,Employee 04722,Finance,Manager,506,2024-04-15,78313.33
4723,Employee 04723,Finance,Associate,252,2020-02-17,137158.02
4724,Employee 04724,Warehouse,Executive,831,2021-04-09,155399.91
4725,Employee 04725,Operations,Manager,91,2017-10-28,47510.85
4726,Employee 04726,Warehouse,Analyst,431,2021-09-30,34981.08
4727,Employee 04727,Operations,Analyst,561,2023-12-15,32407.14
4728,Employee 04728,Warehouse,Supervisor,304,2023-03-11,87192.07
4729,Employee 04729,Finance,Supervisor,886,2021-02-03,119089.53
4730,Employee 04730,Operations,Analyst,259,2018-09-21,85053.74
4731,Employee 04731,Operations,Coordinator,654,2021-06-15,78809.86
4732,Employee 04732,operations,Supervisor,924,2021-01-21,146384.24
4733,Employee 04733,Finance,Supervisor,691,2017-02-10,90106.81
4734,Employee 04734,Sales,Coordinator,487,2018-08-10,163240.9
4735,Employee 04735,Finance,Analyst,391,2017-11-13,35658.98
4736,Employee 04736,Sales,Supervisor,134,2022-03-07,66283.08
4737,Employee 04737,operations,Coordinator,730,2022-05-08,175398.46
4738,Employee 04738,Operations,Supervisor,425,2019-06-27,166478.54
4739,Employee 04739,Finance,Executive,247,2018-05-06,83643.64
4740,Employee 04740,Warehouse,Executive,757,2023-03-27,26402.03
4741,Employee 04741,Operations,Supervisor,663,2016-08-13,69915.54
4742,Employee 04742,Operations,Supervisor,981,2019-11-20,55570.83
4743,Employee 04743,Logistics,Supervisor,887,2015-04-16,76428.46
4744,Employee 04744,Logistics,Manager,995,2019-07-16,100500.78
4745,Employee 04745,Procurement,Executive,198,2020-02-24,53020.14
4746,Employee 04746,sales,Supervisor,218,2022-01-17,131071.25
4747,Employee 04747,Logistics,Coordinator,152,2016-12-12,116862.3
4748,Employee 04748,procurement,Analyst,985,2016-03-02,46628.16
4749,Employee 04749,Operations,Analyst,794,2020-10-30,172140.82
4750,Employee 04750,Finance ,Supervisor,660,2016-08-19,90947.18
4751,Employee 04751,Procurement ,Analyst,52,2021-11-19,171929.24
4752,Employee 04752,Sales,Associate,68,2021-11-24,94981.74
4753,Employee 04753,Logistics,Analyst,84,2024-06-09,172877.68
4754,Employee 04754,Sales,Associate,397,2022-11-28,90134.66
4755,Employee 04755,Operations,Executive,422,2021-01-31,161597.89
4756,Employee 04756,Operations,Executive,801,2016-10-14,55640.36
4757,Employee 04757,Logistics,Executive,241,2023-09-26,90987.55
4758,Employee 04758,Sales,Coordinator,642,2018-10-09,0.0
4759,Employee 04759,Procurement,Coordinator,503,2022-03-06,72942.85
4760,Employee 04760,Logistics,Executive,860,2018-04-23,161014.51
4761,Employee 04761,Logistics,Supervisor,799,2018-10-12,61902.45
4762,Employee 04762,Finance,Coordinator,668,2015-08-04,42100.12
4763,Employee 04763,Finance,Manager,128,2021-05-30,42794.84
4764,Employee 04764,Logistics,Coordinator,655,2017-11-08,31811.87
4765,Employee 04765,Finance,Executive,494,2019-03-10,127028.53
4766,Employee 04766,Procurement,Analyst,10,2022-12-10,39560.62
4767,Employee 04767,Finance,Executive,500,2021-12-12,173173.42
4768,Employee 04768,Procurement,Supervisor,922,2019-05-05,93014.16
4769,Employee 04769,Procurement,Associate,196,2017-07-01,129222.64
4770,Employee 04770,Procurement,Supervisor,791,2022-03-20,45890.09
4771,Employee 04771,Logistics,Supervisor,6,2022-11-06,80736.45
4772,Employee 04772,Finance,Coordinator,135,2015-10-05,56862.26
4773,Employee 04773,Warehouse,Manager,597,2023-02-26,127184.07
4774,Employee 04774,Operations,Coordinator,629,2019-02-26,148294.81
4775,Employee 04775,Sales,Executive,720,2016-12-28,21769.68
4776,Employee 04776,Operations,Executive,95,2016-09-23,106475.27
4777,Employee 04777,Warehouse,Associate,937,2020-01-15,97015.55
4778,Employee 04778,Warehouse,Manager,351,2019-12-12,31359.21
4779,Employee 04779,Procurement,Associate,260,2016-03-28,163027.94
4780,Employee 04780,Warehouse,Manager,216,2015-08-09,52858.59
4781,Employee 04781,Operations,Manager,614,2016-05-01,149806.05
4782,Employee 04782,Sales,Manager,597,2017-09-23,146626.57
4783,Employee 04783,Operations,Supervisor,632,2021-03-02,115540.44
4784,Employee 04784,Finance,Associate,652,2018-08-05,175247.16
4785,Employee 04785,Warehouse,Associate,265,2017-07-23,40830.57
4786,Employee 04786,Sales,Manager,472,2018-04-05,97858.11
4787,Employee 04787,Procurement,Analyst,703,2021-03-28,179202.41
4788,Employee 04788,Sales,Associate,68,2016-10-10,46107.37
4789,Employee 04789,Finance,Manager,763,2019-07-31,162816.06
4790,Employee 04790,Warehouse,Analyst,344,2020-02-19,46178.05
4791,Employee 04791,Warehouse,Supervisor,71,2020-10-30,79318.43
4792,Employee 04792,Logistics,Analyst,693,2017-02-19,122830.21
4793,Employee 04793,Finance,Manager,357,2017-10-30,62736.08
4794,Employee 04794,logistics,Associate,374,2015-08-20,37039.79
4795,Employee 04795,Sales,Supervisor,654,2015-04-08,68110.92
4796,Employee 04796,Procurement,Coordinator,115,2022-05-08,118903.19
4797,Employee 04797,Procurement,Manager,511,2019-05-10,42894.02
4798,Employee 04798,Operations,Associate,976,2023-09-28,110181.19
4799,Employee 04799,Warehouse,Manager,53,2018-07-29,122005.52
4800,Employee 04800,Sales,Executive,58,2016-11-22,27988.12
4801,Employee 04801,Warehouse,Executive,14,2024-01-03,68062.44
4802,Employee 04802,Finance,Supervisor,48,2018-06-30,118037.72
4803,Employee 04803,Logistics,Executive,245,2017-12-08,149156.97
4804,Employee 04804,Procurement,Coordinator,144,2024-06-11,158713.88
4805,Employee 04805,Operations,Analyst,919,2020-05-29,97339.01
4806,Employee 04806,Sales,Associate,757,2018-05-02,69149.59
4807,Employee 04807,Warehouse,Executive,200,2023-04-07,80720.17
4808,Employee 04808,Warehouse,Supervisor,185,2021-12-13,53236.72
4809,Employee 04809,Sales,Analyst,929,2016-11-27,114997.38
4810,Employee 04810,Finance,Coordinator,223,2018-06-04,70978.44
4811,Employee 04811,Operations ,Supervisor,985,2016-10-18,133457.86
4812,Employee 04812,operations,Executive,702,2018-02-14,35873.05
4813,Employee 04813,Procurement,Coordinator,850,2017-02-24,142550.58
4814,Employee 04814,Sales,Coordinator,220,2022-06-18,156204.46
4815,Employee 04815,Procurement,Executive,84,2019-02-02,107692.04
4816,Employee 04816,Procurement,Manager,433,2018-12-18,26996.14
4817,Employee 04817,Warehouse,Manager,623,2020-04-05,136013.92
4818,Employee 04818,Operations,Coordinator,113,2022-10-13,173409.51
4819,Employee 04819,Sales,Associate,823,2024-07-26,123497.79
4820,Employee 04820,Logistics,Executive,854,2017-07-23,174278.04
4821,Employee 04821,Procurement,Executive,98,2017-03-09,91803.53
4822,Employee 04822,Finance,Associate,681,2022-06-07,88387.22
4823,Employee 04823,Logistics,Coordinator,155,2023-01-26,121915.36
4824,Employee 04824,Warehouse,Analyst,647,2021-01-01,125758.96
4825,Employee 04825,Operations,Executive,536,2016-03-04,125346.78
4826,Employee 04826,Procurement,Associate,460,2018-12-18,155568.65
4827,Employee 04827,Sales,Analyst,33,2015-11-12,62699.73
4828,Employee 04828,Finance,Manager,952,2021-05-09,37724.52
4829,Employee 04829,Operations,Manager,237,2023-07-18,139070.12
4830,Employee 04830,Warehouse,Executive,740,2015-08-19,68153.09
4831,Employee 04831,Logistics,Manager,157,2022-04-01,147311.13
4832,Employee 04832,Procurement,Manager,714,2022-01-07,71127.97
4833,Employee 04833,Sales,Manager,556,2023-11-21,178813.79
4834,Employee 04834,Procurement,Associate,343,2015-06-16,61019.87
4835,Employee 04835,Logistics,Supervisor,917,2015-07-22,74648.74
4836,Employee 04836,Operations,Supervisor,436,2016-02-22,18971.41
4837,Employee 04837,Procurement,Executive,674,2015-04-06,82019.52
4838,Employee 04838,Procurement,Manager,468,2021-03-18,155210.73
4839,Employee 04839,Procurement,Analyst,77,2017-04-30,172743.08
4840,Employee 04840,Procurement,Associate,510,2019-03-01,112080.44
4841,Employee 04841,Sales,Manager,288,2018-05-15,69869.97
4842,Employee 04842,Sales,Supervisor,839,2017-01-31,122165.69
4843,Employee 04843,Operations,Analyst,517,2016-08-21,165087.09
4844,Employee 04844,Sales,Supervisor,257,2022-12-17,153157.01
4845,Employee 04845,Sales,Executive,193,2018-08-07,116958.39
4846,Employee 04846,Operations,Analyst,891,2024-02-20,125642.58
4847,Employee 04847,procurement,Associate,494,2021-09-29,136445.22
4848,Employee 04848,Warehouse,Associate,298,2016-01-31,171709.61
4849,Employee 04849,Warehouse,Analyst,264,2015-06-13,75632.08
4850,Employee 04850,Sales,Coordinator,274,2019-03-25,64453.94
4851,Employee 04851,,Supervisor,420,2019-10-06,45647.18
4852,Employee 04852,Finance,Associate,985,2020-10-15,61730.53
4853,Employee 04853,Sales,Coordinator,376,2015-03-10,79634.61
4854,Employee 04854,Warehouse,Executive,300,2022-10-16,44383.3
4855,Employee 04855,Procurement,Executive,604,2018-10-04,52013.93
4856,Employee 04856,Operations,Manager,983,2015-03-15,77477.05
4857,Employee 04857,Warehouse,Supervisor,21,2019-08-17,93290.19
4858,Employee 04858,Procurement,Executive,427,2019-11-24,43331.69
4859,Employee 04859,Procurement,Associate,341,2021-05-14,71361.77
4860,Employee 04860,Warehouse,Analyst,697,2016-08-07,50625.75
4861,Employee 04861,Finance ,Coordinator,923,2021-06-30,19318.96
4862,Employee 04862,Procurement,Analyst,280,2018-10-07,153298.27
4863,Employee 04863,Procurement,Coordinator,906,2020-04-06,57299.52
4864,Employee 04864,Warehouse,Manager,393,2017-03-12,38574.7
4865,Employee 04865,Sales ,Executive,359,2023-11-12,86296.77
4866,Employee 04866,Sales,Coordinator,418,2023-07-02,174308.28
4867,Employee 04867,Sales,Executive,581,2021-08-14,135744.74
4868,Employee 04868,Finance,Associate,348,2019-04-13,125495.85
4869,Employee 04869,Sales,Manager,70,2020-03-02,133628.01
4870,Employee 04870,Logistics,Executive,979,2022-10-29,34793.13
4871,Employee 04871,Procurement,Executive,672,2019-10-31,0.0
4872,Employee 04872,Sales,Manager,989,2021-08-13,19070.07
4873,Employee 04873,Operations,Coordinator,244,2023-03-25,101597.04
4874,Employee 04874,Warehouse,Manager,702,2021-06-26,165296.39
4875,Employee 04875,Logistics,Associate,842,2024-05-13,89573.28
4876,Employee 04876,Finance,Executive,388,2023-11-26,100895.84
4877,Employee 04877,Warehouse,Coordinator,154,2016-04-27,101289.41
4878,Employee 04878,Logistics,Executive,741,2020-09-02,118337.81
4879,Employee 04879,Procurement,Coordinator,508,2019-02-13,82489.48
4880,Employee 04880,Operations,Associate,482,2015-04-26,44664.64
4881,Employee 04881,Sales,Analyst,90,2019-12-09,150759.63
4882,Employee 04882,Logistics,Executive,313,2022-09-25,120487.08
4883,Employee 04883,Finance,Analyst,624,2019-06-08,145052.13
4884,Employee 04884,Sales,Executive,144,2015-05-27,79887.09
4885,Employee 04885,Sales,Manager,583,2022-03-22,135906.92
4886,Employee 04886,Logistics,Executive,221,2019-08-29,30058.86
4887,Employee 04887,Finance,Manager,821,2021-07-31,74725.21
4888,Employee 04888,Finance,Analyst,103,2016-10-11,42495.54
4889,Employee 04889,Logistics,Analyst,720,2024-03-10,106889.64
4890,Employee 04890,Logistics,Analyst,268,2020-03-28,175990.9
4891,Employee 04891,Finance,Manager,222,2018-01-26,111956.84
4892,Employee 04892,Warehouse,Coordinator,40,2022-01-13,107997.16
4893,Employee 04893,Operations,Manager,561,2020-02-29,49012.65
4894,Employee 04894,Finance,Executive,138,2017-02-04,105226.08
4895,Employee 04895,Sales,Coordinator,277,2017-06-11,46262.2
4896,Employee 04896,Logistics,Associate,659,2015-03-16,31740.69
4897,Employee 04897,Sales,Executive,862,2022-07-03,54492.36
4898,Employee 04898,Warehouse,Supervisor,955,2023-12-10,160935.89
4899,Employee 04899,Warehouse,Analyst,761,2021-02-14,151256.41
4900,Employee 04900,Logistics,Analyst,777,2015-10-23,0.0
4901,Employee 04901,Sales,Supervisor,721,2021-05-21,106881.96
4902,Employee 04902,Logistics,Manager,466,2022-01-16,149240.1
4903,Employee 04903,Logistics,Manager,956,2015-05-15,177430.87
4904,Employee 04904,Warehouse,Associate,169,2016-10-16,163436.32
4905,Employee 04905,Finance,Coordinator,697,2016-03-24,38474.03
4906,Employee 04906,Logistics,Supervisor,115,2021-12-24,86541.76
4907,Employee 04907,Warehouse,Supervisor,236,2018-05-23,170284.63
4908,Employee 04908,Logistics,Manager,729,2017-08-18,40758.49
4909,Employee 04909,Logistics,Analyst,72,2024-03-07,177188.74
4910,Employee 04910,Operations,Coordinator,626,2023-04-01,58133.58
4911,Employee 04911,Sales,Executive,112,2021-05-06,56049.47
4912,Employee 04912,Finance,Supervisor,331,2019-01-17,100685.23
4913,Employee 04913,Warehouse,Coordinator,355,2016-09-25,36074.03
4914,Employee 04914,Operations,Analyst,401,2019-10-24,114175.35
4915,Employee 04915,Procurement,Associate,415,2019-04-11,22966.83
4916,Employee 04916,Operations,Supervisor,811,2019-04-03,30350.2
4917,Employee 04917,Procurement,Supervisor,427,2023-05-13,98587.29
4918,Employee 04918,Procurement,Executive,779,2024-06-20,79630.86
4919,Employee 04919,Procurement,Executive,712,2017-11-19,36866.4
4920,Employee 04920,Sales,Analyst,438,2022-12-15,121891.46
4921,Employee 04921,Procurement,Coordinator,381,2023-09-30,161345.26
4922,Employee 04922,Logistics,Executive,439,2022-01-26,35358.47
4923,Employee 04923,Logistics,Coordinator,740,2017-03-12,129320.24
4924,Employee 04924,Warehouse,Associate,443,2020-05-03,55651.11
4925,Employee 04925,Finance,Manager,843,2021-09-07,98932.38
4926,Employee 04926,Finance,Associate,226,2023-10-06,125667.19
4927,Employee 04927,Operations,Associate,233,2018-05-20,57673.27
4928,Employee 04928,Logistics,Manager,56,2015-03-25,29164.82
4929,Employee 04929,Logistics,Manager,592,2024-05-12,99896.15
4930,Employee 04930,Logistics,Analyst,963,2018-09-23,78344.61
4931,Employee 04931,Logistics,Coordinator,262,2020-07-02,166880.42
4932,Employee 04932,Finance,Coordinator,210,2019-05-17,148841.13
4933,Employee 04933,Warehouse,Analyst,30,2019-02-15,122845.05
4934,Employee 04934,Logistics,Associate,934,2015-10-19,135551.63
4935,Employee 04935,Warehouse,Coordinator,987,2018-04-05,157316.97
4936,Employee 04936,Procurement,Associate,433,2015-01-26,154401.62
4937,Employee 04937,Logistics,Associate,471,2023-08-09,140246.64
4938,Employee 04938,Finance,Manager,403,2017-05-08,132053.43
4939,Employee 04939,Logistics,Coordinator,892,2016-12-17,109766.25
4940,Employee 04940,Procurement,Coordinator,987,2023-12-12,41430.54
4941,Employee 04941,Logistics,Supervisor,768,2018-05-10,176419.68
4942,Employee 04942,Finance,Analyst,615,2024-05-21,151314.26
4943,Employee 04943,Procurement,Coordinator,92,2023-11-14,179787.96
4944,Employee 04944,Procurement,Executive,171,2016-08-05,83661.27
4945,Employee 04945,Warehouse,Supervisor,702,2018-03-21,70814.98
4946,Employee 04946,Sales,Associate,138,2023-01-11,90146.34
4947,Employee 04947,Finance,Coordinator,768,2016-03-16,123701.07
4948,Employee 04948,Logistics,Manager,421,2019-01-03,54363.57
4949,Employee 04949,Warehouse,Supervisor,806,2020-02-12,49499.38
4950,Employee 04950,Procurement,Associate,703,2018-07-04,165549.67
4951,Employee 04951,Operations,Executive,911,2018-03-30,98309.4
4952,Employee 04952,Procurement,Supervisor,12,2021-04-20,106112.41
4953,Employee 04953,Procurement,Analyst,75,2023-09-18,82836.4
4954,Employee 04954,Finance,Supervisor,943,2019-11-30,102653.79
4955,Employee 04955,Procurement,Associate,954,2022-06-01,142476.38
4956,Employee 04956,Procurement,Analyst,32,2023-04-07,90977.39
4957,Employee 04957,Procurement,Executive,866,2022-04-04,102703.34
4958,Employee 04958,Procurement,Manager,995,2024-01-08,57127.49
4959,Employee 04959,Warehouse,Supervisor,405,2018-12-02,57072.83
4960,Employee 04960,Warehouse,Analyst,804,2023-07-12,128981.72
4961,Employee 04961,Warehouse,Coordinator,961,2018-04-07,85033.24
4962,Employee 04962,Logistics,Supervisor,702,2015-03-02,60074.34
4963,Employee 04963,Logistics,Manager,83,2018-02-15,168281.5
4964,Employee 04964,Warehouse,Executive,357,2022-04-24,177895.96
4965,Employee 04965,Logistics,Manager,606,2020-04-10,156781.16
4966,Employee 04966,finance,Associate,42,2020-05-25,114722.49
4967,Employee 04967,Finance,Coordinator,537,2017-08-23,83574.3
4968,Employee 04968,Operations,Associate,746,2024-01-01,61371.12
4969,Employee 04969,Finance,Associate,938,2020-07-22,34348.35
4970,Employee 04970,Warehouse,Manager,610,2024-03-05,146736.15
4971,Employee 04971,Warehouse,Manager,497,2022-06-29,144415.14
4972,Employee 04972,Finance,Supervisor,598,2020-06-06,104604.55
4973,Employee 04973,procurement,Supervisor,159,2019-09-15,178468.01
4974,Employee 04974,Warehouse,Analyst,545,2022-12-23,132893.43
4975,Employee 04975,Warehouse,Executive,931,2020-02-11,143612.57
4976,Employee 04976,Warehouse,Manager,801,2024-03-12,128780.83
4977,Employee 04977,Warehouse,Analyst,889,2023-11-19,114305.19
4978,Employee 04978,Sales,Executive,2,2015-01-10,120181.36
4979,Employee 04979,Finance,Analyst,125,2019-07-29,160820.45
4980,Employee 04980,Sales,Coordinator,855,2020-03-03,51927.08
4981,Employee 04981,Warehouse,Manager,144,2017-05-08,167374.23
4982,Employee 04982,Warehouse,Analyst,46,2019-05-20,62382.27
4983,Employee 04983,Logistics,Associate,425,2017-09-18,127245.5
4984,Employee 04984,Finance,Associate,921,2021-02-08,103165.62
4985,Employee 04985,Logistics,Analyst,26,2022-05-08,46252.12
4986,Employee 04986,Warehouse,Executive,625,2022-02-27,63465.14
4987,Employee 04987,Logistics,Coordinator,156,2023-05-03,24572.66
4988,Employee 04988,Operations,Supervisor,725,2015-11-11,20401.75
4989,Employee 04989,Finance,Coordinator,189,2021-02-03,0.0
4990,Employee 04990,Operations,Analyst,435,2023-08-04,103784.24
4991,Employee 04991,Logistics,Executive,951,2020-10-13,47900.48
4992,Employee 04992,Procurement,Executive,888,2023-09-29,118116.47
4993,Employee 04993,Operations,Supervisor,759,2022-08-05,113556.08
4994,Employee 04994,Procurement,Associate,751,2024-03-24,133076.95
4995,Employee 04995,Logistics,Associate,697,2020-05-15,44072.21
4996,Employee 04996,Procurement,Associate,200,2023-02-11,133367.67
4997,Employee 04997,Sales,Manager,924,2023-02-16,145211.74
4998,Employee 04998,Procurement,Analyst,410,2019-11-29,44427.22
4999,Employee 04999,Warehouse,Supervisor,250,2019-08-12,64713.95
5000,Employee 05000,Logistics,Manager,476,2016-02-28,175062.16
5001,Employee 05001,logistics,Coordinator,314,2016-04-06,32044.86
5002,Employee 05002,Sales,Analyst,980,2024-07-04,131703.56
5003,Employee 05003,Warehouse,Supervisor,592,2023-03-06,164357.4
5004,Employee 05004,Warehouse,Associate,780,2024-07-15,77886.23
5005,Employee 05005,Operations,Coordinator,58,2018-11-01,127794.29
5006,Employee 05006,Operations,Associate,430,2023-01-05,125186.54
5007,Employee 05007,Procurement,Manager,659,2018-05-04,172185.24
5008,Employee 05008,Procurement,Analyst,442,2023-04-11,153626.49
5009,Employee 05009,Procurement,Associate,595,2023-02-18,33308.41
5010,Employee 05010,Warehouse,Executive,737,2020-06-05,96753.68
5011,Employee 05011,Sales,Associate,978,2021-02-06,89661.56
5012,Employee 05012,Operations,Executive,231,2023-09-21,59459.38
5013,Employee 05013,Logistics,Analyst,963,2022-11-02,39547.32
5014,Employee 05014,Sales,Associate,517,2019-03-30,89219.45
5015,Employee 05015,Procurement,Coordinator,37,2021-05-31,123001.77
5016,Employee 05016,Finance,Analyst,132,2015-02-24,21169.67
5017,Employee 05017,Finance,Manager,190,2019-09-28,175134.44
5018,Employee 05018,Operations,Analyst,643,2017-12-11,49132.34
5019,Employee 05019,Procurement,Analyst,993,2015-09-09,56961.23
5020,Employee 05020,Operations,Associate,302,2016-05-30,46156.1
5021,Employee 05021,Operations,Associate,668,2017-05-06,56395.11
5022,Employee 05022,Procurement,Supervisor,237,2017-04-13,142488.89
5023,Employee 05023,Warehouse,Supervisor,463,2018-03-19,81262.46
5024,Employee 05024,Operations,Analyst,605,2021-05-09,34467.36
5025,Employee 05025,Operations,Associate,954,2015-12-01,154211.92
5026,Employee 05026,Procurement,Manager,899,2022-01-11,51400.38
5027,Employee 05027,Operations,Coordinator,410,2020-08-22,79585.58
5028,Employee 05028,operations,Associate,453,2015-08-05,40081.27
5029,Employee 05029,Logistics,Analyst,222,2019-10-05,110630.19
5030,Employee 05030,Procurement,Analyst,133,2021-07-12,142303.54
5031,Employee 05031,Finance,Supervisor,143,2024-06-04,178338.34
5032,Employee 05032,Logistics,Analyst,837,2022-12-15,109558.78
5033,Employee 05033,Sales,Coordinator,277,2020-09-03,109054.38
5034,Employee 05034,Procurement,Associate,274,2016-12-11,27727.67
5035,Employee 05035,Sales,Supervisor,886,2016-01-24,139196.59
5036,Employee 05036,Finance,Manager,65,2015-05-13,150882.76
5037,Employee 05037,Warehouse,Executive,263,2016-01-09,112784.63
5038,Employee 05038,Logistics,Analyst,414,2015-05-09,164160.46
5039,Employee 05039,Sales,Manager,488,2020-08-07,23258.46
5040,Employee 05040,Sales,Manager,50,2022-02-11,161895.34
5041,Employee 05041,Warehouse,Analyst,323,2017-06-18,171336.19
5042,Employee 05042,Sales,Supervisor,879,2015-12-08,164458.98
5043,Employee 05043,Logistics,Manager,862,2020-03-07,161597.41
5044,Employee 05044,Logistics,Executive,862,2015-09-13,141415.58
5045,Employee 05045,Operations,Analyst,608,2023-04-15,173049.09
5046,Employee 05046,Sales,Associate,57,2017-06-25,140936.37
5047,Employee 05047,Logistics,Associate,97,2015-12-30,43372.52
5048,Employee 05048,Procurement,Supervisor,618,2021-02-10,92464.16
5049,Employee 05049,Procurement,Analyst,709,2016-08-07,134777.01
5050,Employee 05050,Finance,Analyst,745,2020-04-18,146730.6
5051,Employee 05051,Procurement,Associate,709,2023-11-10,149111.34
5052,Employee 05052,Finance,Associate,875,2018-06-03,171514.05
5053,Employee 05053,Logistics,Coordinator,668,2016-05-27,83459.81
5054,Employee 05054,Finance,Manager,381,2017-08-17,76728.18
5055,Employee 05055,Procurement,Supervisor,216,2017-04-16,62136.09
5056,Employee 05056,Procurement,Analyst,492,2019-06-14,136922.29
5057,Employee 05057,Procurement,Associate,469,2017-11-19,98702.81
5058,Employee 05058,Warehouse,Executive,873,2022-11-08,66499.72
5059,Employee 05059,Warehouse,Manager,590,2016-04-18,100703.44
5060,Employee 05060,Logistics,Executive,864,2015-11-07,167488.02
5061,Employee 05061,sales,Supervisor,692,2015-11-24,80154.54
5062,Employee 05062,Procurement,Coordinator,932,2016-07-20,107954.16
5063,Employee 05063,Sales,Associate,141,2020-09-10,112210.72
5064,Employee 05064,Procurement,Coordinator,573,2019-07-04,68638.61
5065,Employee 05065,Finance,Associate,475,2020-05-28,88300.5
5066,Employee 05066,Warehouse,Analyst,534,2022-03-27,100163.5
5067,Employee 05067,Procurement,Executive,209,2020-03-05,48764.1
5068,Employee 05068,Warehouse,Coordinator,952,2015-02-23,156056.78
5069,Employee 05069,Sales,Manager,78,2019-08-30,151760.28
5070,Employee 05070,Warehouse,Analyst,934,2020-02-04,155907.16
5071,Employee 05071,Sales,Analyst,667,2016-08-31,150339.0
5072,Employee 05072,Logistics,Manager,466,2021-06-01,172730.1
5073,Employee 05073,procurement,Associate,445,2017-08-10,25385.55
5074,Employee 05074,Finance,Analyst,188,2019-08-22,113696.78
5075,Employee 05075,Finance,Associate,193,2015-11-11,167273.37
5076,Employee 05076,Sales,Executive,50,2017-01-21,83899.48
5077,Employee 05077,Warehouse,Manager,841,2019-05-31,24071.34
5078,Employee 05078,Finance,Coordinator,512,2018-05-01,143746.18
5079,Employee 05079,Warehouse,Analyst,65,2024-04-24,61912.48
5080,Employee 05080,Procurement,Associate,366,2024-06-18,150312.82
5081,Employee 05081,Procurement,Associate,583,2017-06-20,64782.79
5082,Employee 05082,Warehouse,Coordinator,386,2024-07-02,108858.17
5083,Employee 05083,Finance,Analyst,572,2016-05-05,93316.83
5084,Employee 05084,Procurement,Manager,823,2016-12-23,78116.16
5085,Employee 05085,Warehouse,Associate,583,2021-10-17,36812.94
5086,Employee 05086,Operations,Coordinator,250,2017-04-20,72136.26
5087,Employee 05087,Logistics,Analyst,901,2018-11-08,108441.28
5088,Employee 05088,Operations,Manager,643,2015-03-26,68153.52
5089,Employee 05089,Procurement,Manager,362,2018-04-03,169577.93
5090,Employee 05090,Sales,Supervisor,583,2024-01-21,39519.06
5091,Employee 05091,Warehouse,Manager,56,2018-04-18,51628.87
5092,Employee 05092,Procurement,Supervisor,613,2022-03-06,27322.45
5093,Employee 05093,Finance,Analyst,607,2016-03-31,52107.66
5094,Employee 05094,Warehouse,Manager,585,2020-07-16,108337.28
5095,Employee 05095,Procurement,Manager,414,2018-09-01,109329.8
5096,Employee 05096,Sales,Associate,996,2019-07-23,151330.41
5097,Employee 05097,Sales,Analyst,826,2019-04-17,125221.68
5098,Employee 05098,Finance,Manager,987,2018-12-10,173985.11
5099,Employee 05099,Logistics,Manager,764,2018-04-06,96023.19
5100,Employee 05100,Warehouse,Manager,905,2023-07-12,118985.99
5101,Employee 05101,Procurement,Supervisor,278,2020-05-02,168524.81
5102,Employee 05102,Warehouse,Coordinator,995,2023-01-28,63137.92
5103,Employee 05103,warehouse,Supervisor,801,2018-02-01,28009.59
5104,Employee 05104,Finance,Associate,13,2015-06-10,135302.06
5105,Employee 05105,Warehouse,Manager,540,2024-06-16,153588.99
5106,Employee 05106,Logistics,Executive,641,2023-01-04,21229.35
5107,Employee 05107,Procurement,Coordinator,308,2015-11-19,78606.31
5108,Employee 05108,Logistics,Associate,722,2020-07-01,109481.94
5109,Employee 05109,Warehouse,Coordinator,554,2018-06-24,146427.63
5110,Employee 05110,Operations,Manager,192,2015-04-27,122036.31
5111,Employee 05111,Warehouse,Supervisor,842,2020-08-20,173615.84
5112,Employee 05112,Finance,Coordinator,912,2020-10-10,179849.05
5113,Employee 05113,Warehouse,Associate,215,2017-07-10,36546.76
5114,Employee 05114,Finance,Analyst,498,2020-04-26,163869.53
5115,Employee 05115,Operations,Associate,676,2020-02-23,166190.19
5116,Employee 05116,Logistics,Coordinator,658,2022-04-26,109704.93
5117,Employee 05117,Finance,Coordinator,52,2020-10-01,38441.11
5118,Employee 05118,Sales,Manager,71,2017-10-03,141828.97
5119,Employee 05119,Procurement,Supervisor,462,2015-10-28,29743.01
5120,Employee 05120,Warehouse,Manager,96,2016-08-12,172904.27
5121,Employee 05121,Procurement,Executive,219,2024-07-14,46449.12
5122,Employee 05122,Warehouse,Associate,768,2019-03-28,91839.6
5123,Employee 05123,Logistics,Executive,666,2023-06-20,140282.03
5124,Employee 05124,Procurement,Associate,357,2018-09-22,71581.33
5125,Employee 05125,Sales,Executive,416,2021-10-19,42541.1
5126,Employee 05126,Finance,Manager,641,2016-12-04,78827.33
5127,Employee 05127,Sales,Analyst,929,2015-10-13,178795.53
5128,Employee 05128,Procurement,Associate,560,2019-12-02,179565.43
5129,Employee 05129,Warehouse,Supervisor,533,2024-01-12,144051.48
5130,Employee 05130,Finance,Coordinator,18,2023-08-22,76811.9
5131,Employee 05131,Logistics,Supervisor,109,2017-04-08,144142.68
5132,Employee 05132,Operations,Supervisor,139,2022-06-20,95986.8
5133,Employee 05133,Sales,Supervisor,462,2016-07-17,59474.0
5134,Employee 05134,Logistics,Analyst,942,2018-07-11,94657.39
5135,Employee 05135,Warehouse,Executive,157,2023-04-02,76554.91
5136,Employee 05136,Warehouse ,Associate,894,2017-06-25,20866.77
5137,Employee 05137,Sales,Analyst,501,2019-05-28,124268.2
5138,Employee 05138,Logistics,Supervisor,604,2015-12-04,135803.5
5139,Employee 05139,Procurement,Associate,401,2018-05-26,164451.23
5140,Employee 05140,Warehouse ,Associate,519,2018-09-06,155298.23
5141,Employee 05141,Warehouse,Analyst,823,2019-09-02,150734.9
5142,Employee 05142,Procurement,Coordinator,119,2019-05-08,20487.9
5143,Employee 05143,Warehouse,Executive,911,2019-12-09,0.0
5144,Employee 05144,Finance,Associate,995,2024-05-07,68084.22
5145,Employee 05145,Sales,Supervisor,98,2017-12-13,98019.27
5146,Employee 05146,Warehouse,Associate,486,2019-12-10,100230.55
5147,Employee 05147,Warehouse,Associate,278,2018-01-05,25075.83
5148,Employee 05148,Warehouse,Coordinator,254,2024-04-25,97621.49
5149,Employee 05149,Logistics,Associate,530,2017-04-30,111634.35
5150,Employee 05150,Sales,Executive,35,2023-03-11,50333.62
5151,Employee 05151,Finance,Manager,760,2023-04-21,29595.23
5152,Employee 05152,Logistics,Manager,859,2022-05-24,143162.55
5153,Employee 05153,Procurement,Manager,119,2020-04-24,125824.11
5154,Employee 05154,Operations,Executive,95,2020-10-14,74170.62
5155,Employee 05155,Sales ,Executive,161,2023-09-29,21578.11
5156,Employee 05156,Operations,Coordinator,175,2021-11-08,162729.06
5157,Employee 05157,Sales,Coordinator,688,2020-09-25,108518.41
5158,Employee 05158,Warehouse,Associate,360,2019-03-18,156986.9
5159,Employee 05159,Warehouse,Analyst,541,2022-06-17,103290.21
5160,Employee 05160,Finance,Coordinator,195,2018-03-01,117630.99
5161,Employee 05161,Finance,Associate,86,2020-07-22,70096.66
5162,Employee 05162,Warehouse,Associate,855,2021-06-20,54406.84
5163,Employee 05163,Procurement,Executive,956,2019-07-10,170850.17
5164,Employee 05164,Finance,Analyst,264,2022-01-18,125717.49
5165,Employee 05165,Finance,Analyst,888,2017-09-20,120223.62
5166,Employee 05166,Sales,Coordinator,643,2024-04-03,172415.96
5167,Employee 05167,Finance,Manager,588,2020-05-06,112130.9
5168,Employee 05168,Operations,Manager,971,2019-04-14,61681.13
5169,Employee 05169,Operations,Associate,451,2015-07-06,115644.95
5170,Employee 05170,Logistics,Supervisor,785,2023-03-14,113744.34
5171,Employee 05171,Finance,Manager,491,2017-07-24,109211.13
5172,Employee 05172,Logistics,Coordinator,690,2021-05-22,163057.12
5173,Employee 05173,Warehouse,Associate,599,2016-09-09,56604.22
5174,Employee 05174,Finance,Manager,910,2019-05-01,35619.31
5175,Employee 05175,Finance,Executive,703,2021-06-15,36305.9
5176,Employee 05176,Operations,Supervisor,80,2024-04-16,177899.97
5177,Employee 05177,Finance,Coordinator,193,2021-01-04,86020.82
5178,Employee 05178,Operations,Analyst,126,2016-11-08,149843.2
5179,Employee 05179,Operations,Coordinator,58,2015-11-20,120989.06
5180,Employee 05180,Procurement,Analyst,250,2016-09-12,122206.44
5181,Employee 05181,Procurement,Executive,20,2017-09-09,47140.89
5182,Employee 05182,Warehouse,Manager,559,2023-02-10,162502.3
5183,Employee 05183,Warehouse,Associate,438,2016-12-18,127463.76
5184,Employee 05184,Operations,Analyst,114,2023-12-06,67249.84
5185,Employee 05185,Finance,Executive,186,2016-07-09,99201.01
5186,Employee 05186,Procurement,Executive,108,2018-01-21,140783.96
5187,Employee 05187,Procurement,Manager,443,2016-02-05,154273.55
5188,Employee 05188,Finance,Analyst,550,2017-12-25,47014.15
5189,Employee 05189,Logistics,Associate,510,2020-10-08,118113.45
5190,Employee 05190,Sales,Manager,688,2017-07-15,36186.77
5191,Employee 05191,Procurement ,Coordinator,860,2015-03-18,160549.71
5192,Employee 05192,Procurement,Supervisor,746,2023-06-15,125153.52
5193,Employee 05193,Procurement,Coordinator,223,2023-07-14,104241.1
5194,Employee 05194,Finance,Coordinator,431,2020-03-09,82507.09
5195,Employee 05195,Logistics,Manager,135,2022-08-26,117585.71
5196,Employee 05196,Procurement,Associate,299,2015-02-07,135045.11
5197,Employee 05197,Warehouse,Analyst,549,2015-11-18,124821.65
5198,Employee 05198,Warehouse,Coordinator,628,2021-05-26,106132.32
5199,Employee 05199,Logistics,Analyst,545,2021-11-11,34840.34
5200,Employee 05200,warehouse,Coordinator,242,2022-09-16,60634.03
5201,Employee 05201,Logistics,Executive,104,2021-12-09,79276.21
5202,Employee 05202,Operations,Coordinator,598,2021-12-12,129453.89
5203,Employee 05203,Operations,Manager,26,2017-03-31,95476.08
5204,Employee 05204,Finance,Analyst,766,2022-12-17,95828.51
5205,Employee 05205,Finance,Manager,99,2016-03-31,170258.84
5206,Employee 05206,Finance,Supervisor,752,2021-03-25,108837.9
5207,Employee 05207,Operations,Coordinator,998,2020-10-10,98332.23
5208,Employee 05208,Operations,Manager,294,2015-04-07,86680.9
5209,Employee 05209,Logistics,Executive,876,2015-09-01,85147.48
5210,Employee 05210,Finance,Supervisor,716,2024-02-04,157693.14
5211,Employee 05211,Logistics,Analyst,994,2023-11-29,119945.96
5212,Employee 05212,Operations,Coordinator,906,2017-06-01,109227.06
5213,Employee 05213,Logistics,Executive,985,2016-10-10,170425.35
5214,Employee 05214,Procurement,Analyst,348,2023-09-20,159419.35
5215,Employee 05215,Finance,Manager,849,2017-01-07,21196.46
5216,Employee 05216,Finance,Associate,444,2022-08-14,134628.53
5217,Employee 05217,Procurement,Executive,45,2020-03-04,47099.02
5218,Employee 05218,Logistics,Coordinator,790,2015-09-08,137760.45
5219,Employee 05219,Procurement,Associate,385,2015-03-02,118170.2
5220,Employee 05220,Finance,Executive,912,2018-11-17,21963.88
5221,Employee 05221,Warehouse,Executive,667,2016-08-15,76321.7
5222,Employee 05222,Sales,Coordinator,89,2017-10-15,47799.78
5223,Employee 05223,Warehouse,Manager,927,2019-11-16,95605.6
5224,Employee 05224,Procurement,Executive,247,2020-06-16,141576.76
5225,Employee 05225,Operations,Associate,766,2016-06-01,54272.85
5226,Employee 05226,Sales ,Coordinator,862,2022-07-26,45913.68
5227,Employee 05227,operations,Manager,3,2017-12-13,36409.44
5228,Employee 05228,Sales,Coordinator,289,2019-08-22,134344.7
5229,Employee 05229,Sales,Analyst,921,2018-10-12,29189.24
5230,Employee 05230,Finance,Coordinator,307,2020-06-13,119641.03
5231,Employee 05231,Logistics,Supervisor,644,2023-10-08,43428.74
5232,Employee 05232,Operations,Executive,970,2017-09-26,112148.2
5233,Employee 05233,Procurement,Manager,57,2023-10-26,84598.47
5234,Employee 05234,Finance,Associate,639,2020-07-01,72781.17
5235,Employee 05235,Finance,Manager,89,2024-05-04,78147.95
5236,Employee 05236,Procurement,Analyst,908,2024-03-05,59186.93
5237,Employee 05237,Logistics,Analyst,564,2023-05-02,26637.19
5238,Employee 05238,Warehouse,Supervisor,629,2022-04-05,99490.92
5239,Employee 05239,Warehouse,Supervisor,999,2020-06-11,71858.25
5240,Employee 05240,Operations,Coordinator,186,2019-06-15,53558.47
5241,Employee 05241,Finance ,Associate,82,2023-09-29,61973.56
5242,Employee 05242,Finance,Executive,404,2017-11-11,43194.66
5243,Employee 05243,Procurement,Supervisor,464,2017-05-09,74351.77
5244,Employee 05244,Procurement,Supervisor,650,2020-07-30,31444.35
5245,Employee 05245,Warehouse ,Manager,850,2023-06-09,44463.45
5246,Employee 05246,Warehouse,Supervisor,226,2015-05-20,179771.47
5247,Employee 05247,Finance,Executive,976,2019-01-30,169383.66
5248,Employee 05248,Procurement,Associate,664,2017-01-09,48878.32
5249,Employee 05249,Logistics,Executive,51,2021-06-15,132804.29
5250,Employee 05250,Operations,Coordinator,913,2017-11-13,141610.0
5251,Employee 05251,Logistics,Analyst,228,2016-08-11,162548.59
5252,Employee 05252,Logistics,Associate,993,2016-01-28,101357.24
5253,Employee 05253,Sales,Executive,349,2016-11-09,54487.24
5254,Employee 05254,Finance,Supervisor,837,2020-05-08,123513.62
5255,Employee 05255,Operations,Associate,180,2022-12-20,124728.4
5256,Employee 05256,Warehouse,Executive,78,2020-03-23,69439.54
5257,Employee 05257,Procurement,Supervisor,939,2023-04-26,81224.56
5258,Employee 05258,Logistics,Manager,665,2016-08-03,83320.09
5259,Employee 05259,Logistics,Executive,822,2021-07-05,170571.17
5260,Employee 05260,Procurement,Coordinator,840,2018-05-29,19773.91
5261,Employee 05261,Finance,Associate,59,2023-12-21,171087.45
5262,Employee 05262,Operations,Coordinator,700,2020-11-30,100952.61
5263,Employee 05263,Finance,Associate,275,2015-03-12,142547.96
5264,Employee 05264,,Associate,846,2020-02-13,120124.44
5265,Employee 05265,Finance,Associate,581,2021-03-11,40832.95
5266,Employee 05266,Finance,Associate,694,2021-10-24,156527.88
5267,Employee 05267,Logistics,Associate,403,2020-01-30,89631.51
5268,Employee 05268,Operations,Analyst,266,2023-12-23,135897.15
5269,Employee 05269,Warehouse,Coordinator,891,2021-07-16,125203.44
5270,Employee 05270,Logistics,Coordinator,522,2022-05-09,104969.1
5271,Employee 05271,Sales,Supervisor,31,2016-07-20,142384.32
5272,Employee 05272,Procurement,Manager,929,2015-06-27,73823.69
5273,Employee 05273,Procurement,Analyst,766,2017-05-05,65730.77
5274,Employee 05274,Warehouse,Coordinator,261,2017-09-17,104823.61
5275,Employee 05275,Operations,Executive,199,2017-04-17,151719.56
5276,Employee 05276,Warehouse,Coordinator,838,2015-07-28,169877.6
5277,Employee 05277,Logistics,Executive,553,2023-03-08,129705.96
5278,Employee 05278,Finance,Associate,445,2015-11-26,115881.32
5279,Employee 05279,Logistics,Analyst,666,2015-06-21,60274.11
5280,Employee 05280,Operations,Coordinator,625,2020-04-01,81060.47
5281,Employee 05281,Warehouse,Manager,547,2016-12-30,66295.64
5282,Employee 05282,Warehouse,Supervisor,411,2023-05-02,40382.08
5283,Employee 05283,Warehouse,Coordinator,982,2023-03-29,136297.12
5284,Employee 05284,procurement,Executive,126,2020-11-26,117351.33
5285,Employee 05285,Finance,Associate,173,2015-08-21,125717.21
5286,Employee 05286,Finance,Executive,805,2022-06-01,140689.68
5287,Employee 05287,Warehouse,Executive,522,2022-11-05,57046.75
5288,Employee 05288,Logistics,Executive,560,2020-10-27,125789.12
5289,Employee 05289,logistics,Analyst,351,2016-07-21,110405.17
5290,Employee 05290,Warehouse,Manager,943,2022-09-02,151970.48
5291,Employee 05291,Sales,Executive,136,2022-04-25,134561.32
5292,Employee 05292,Operations,Manager,726,2015-03-02,23065.6
5293,Employee 05293,Warehouse,Executive,484,2024-02-11,89143.15
5294,Employee 05294,Sales,Manager,538,2023-07-06,30949.68
5295,Employee 05295,Finance,Manager,782,2021-05-13,133284.21
5296,Employee 05296,Procurement,Manager,557,2018-05-14,50074.12
5297,Employee 05297,Operations,Analyst,320,2016-01-15,89766.22
5298,Employee 05298,Procurement,Coordinator,980,2018-05-17,44727.57
5299,Employee 05299,Sales,Manager,772,2019-09-16,132624.59
5300,Employee 05300,Finance,Executive,792,2021-08-24,35212.0
5301,Employee 05301,Finance,Analyst,714,2016-03-17,146866.48
5302,Employee 05302,Logistics ,Executive,942,2022-12-20,87028.6
5303,Employee 05303,Warehouse,Associate,390,2016-12-10,132553.45
5304,Employee 05304,Operations,Executive,411,2017-03-04,63724.07
5305,Employee 05305,Warehouse,Manager,364,2024-02-29,173417.26
5306,Employee 05306,Logistics,Analyst,732,2018-06-11,126946.01
5307,Employee 05307,Logistics,Executive,721,2021-09-24,84845.44
5308,Employee 05308,Operations,Executive,164,2022-12-31,0.0
5309,Employee 05309,Operations,Supervisor,880,2017-07-18,132043.32
5310,Employee 05310,Operations,Manager,943,2024-05-22,162635.5
5311,Employee 05311,Warehouse,Coordinator,183,2023-03-19,48370.17
5312,Employee 05312,Logistics,Analyst,82,2019-08-05,101739.65
5313,Employee 05313,Sales,Associate,497,2018-11-26,19388.98
5314,Employee 05314,Sales,Associate,91,2021-11-19,115382.38
5315,Employee 05315,Sales,Supervisor,837,2023-01-02,123960.13
5316,Employee 05316,Procurement,Coordinator,195,2019-12-20,173075.42
5317,Employee 05317,Procurement,Executive,193,2024-07-16,126718.62
5318,Employee 05318,Logistics,Manager,535,2024-06-21,110686.98
5319,Employee 05319,Finance,Analyst,84,2016-12-07,96644.9
5320,Employee 05320,Sales,Analyst,151,2024-07-01,136602.61
5321,Employee 05321,Finance,Manager,352,2017-07-31,79096.98
5322,Employee 05322,Operations,Coordinator,430,2024-05-25,121555.94
5323,Employee 05323,Logistics,Analyst,815,2022-12-13,61046.6
5324,Employee 05324,Finance,Supervisor,552,2016-04-25,72045.53
5325,Employee 05325,Finance,Associate,220,2020-09-24,123867.11
5326,Employee 05326,Finance,Associate,175,2021-08-03,123078.82
5327,Employee 05327,Logistics,Manager,989,2023-09-02,139862.17
5328,Employee 05328,Procurement,Manager,172,2023-04-14,177475.71
5329,Employee 05329,Finance,Supervisor,599,2016-07-04,30913.9
5330,Employee 05330,Logistics,Coordinator,428,2021-12-15,75740.71
5331,Employee 05331,Logistics,Executive,53,2022-01-28,28865.98
5332,Employee 05332,Logistics,Analyst,533,2023-09-21,113454.58
5333,Employee 05333,Warehouse,Analyst,397,2017-01-14,69246.27
5334,Employee 05334,Procurement,Executive,608,2018-10-07,88023.3
5335,Employee 05335,Finance,Supervisor,522,2022-08-15,75616.98
5336,Employee 05336,Operations,Associate,327,2018-09-15,18410.24
5337,Employee 05337,Logistics,Coordinator,695,2022-03-23,0.0
5338,Employee 05338,operations,Analyst,599,2020-05-09,86215.98
5339,Employee 05339,Sales,Manager,93,2020-10-08,98005.92
5340,Employee 05340,Operations,Coordinator,504,2018-10-10,22063.84
5341,Employee 05341,Sales,Supervisor,566,2016-12-12,120998.02
5342,Employee 05342,Finance,Analyst,736,2016-03-11,114512.84
5343,Employee 05343,Operations ,Executive,625,2016-03-03,176057.89
5344,Employee 05344,Operations,Associate,257,2015-04-30,170446.03
5345,Employee 05345,Operations,Associate,5,2018-05-11,50823.34
5346,Employee 05346,Finance,Supervisor,26,2015-02-17,94922.09
5347,Employee 05347,Operations,Manager,26,2015-01-23,150503.23
5348,Employee 05348,Logistics,Analyst,311,2016-10-12,97649.61
5349,Employee 05349,Warehouse,Associate,228,2023-08-01,22473.87
5350,Employee 05350,Logistics,Coordinator,98,2019-12-08,138461.9
5351,Employee 05351,Operations,Coordinator,727,2021-12-25,157775.23
5352,Employee 05352,Procurement,Coordinator,418,2016-02-15,149166.21
5353,Employee 05353,Operations,Associate,724,2019-03-06,41298.61
5354,Employee 05354,Warehouse,Supervisor,163,2020-03-07,50333.46
5355,Employee 05355,Procurement,Associate,289,2024-01-08,98831.65
5356,Employee 05356,Finance,Executive,170,2017-01-19,128617.73
5357,Employee 05357,Procurement,Manager,177,2021-07-24,80564.48
5358,Employee 05358,Procurement,Analyst,551,2018-04-12,157144.46
5359,Employee 05359,Logistics,Analyst,290,2021-07-24,19310.85
5360,Employee 05360,Finance,Coordinator,373,2017-07-11,130297.33
5361,Employee 05361,Operations,Executive,755,2023-07-02,121692.85
5362,Employee 05362,Warehouse,Analyst,55,2018-09-01,149461.85
5363,Employee 05363,Sales,Supervisor,27,2018-10-16,169406.81
5364,Employee 05364,Finance,Manager,61,2023-06-14,19856.53
5365,Employee 05365,Procurement,Analyst,50,2016-02-22,116634.97
5366,Employee 05366,Warehouse,Coordinator,643,2018-03-18,36640.03
5367,Employee 05367,Warehouse,Analyst,240,2023-10-01,87944.42
5368,Employee 05368,Sales,Coordinator,813,2015-07-11,73053.52
5369,Employee 05369,Finance,Manager,983,2021-02-27,114537.17
5370,Employee 05370,Logistics,Associate,280,2017-01-04,36193.42
5371,Employee 05371,Sales,Manager,933,2019-02-11,28460.18
5372,Employee 05372,Logistics,Analyst,54,2023-03-18,35916.49
5373,Employee 05373,finance,Manager,238,2022-09-23,157852.1
5374,Employee 05374,Sales,Supervisor,240,2024-07-28,137919.46
5375,Employee 05375,Warehouse,Manager,266,2015-11-26,72297.89
5376,Employee 05376,Finance,Executive,616,2024-03-27,74110.32
5377,Employee 05377,Sales,Executive,621,2017-06-10,150342.56
5378,Employee 05378,Warehouse,Supervisor,228,2015-04-08,63977.53
5379,Employee 05379,Warehouse,Analyst,657,2017-08-08,27324.91
5380,Employee 05380,Sales,Executive,30,2016-09-22,162652.41
5381,Employee 05381,Sales,Supervisor,260,2022-07-24,155620.84
5382,Employee 05382,Logistics,Supervisor,442,2019-03-01,31995.13
5383,Employee 05383,Finance,Manager,133,2022-08-04,115812.55
5384,Employee 05384,Logistics,Supervisor,705,2023-11-15,171299.08
5385,Employee 05385,Warehouse,Manager,385,2023-01-05,101114.12
5386,Employee 05386,Logistics,Manager,343,2015-04-30,39918.44
5387,Employee 05387,Procurement,Executive,818,2015-05-16,146953.43
5388,Employee 05388,Logistics,Supervisor,461,2024-01-19,18596.49
5389,Employee 05389,Sales,Manager,630,2018-04-13,149852.33
5390,Employee 05390,Procurement,Manager,50,2018-07-10,28773.33
5391,Employee 05391,Procurement,Executive,158,2016-08-27,177419.38
5392,Employee 05392,Warehouse,Executive,871,2016-03-17,171535.31
5393,Employee 05393,Finance,Associate,677,2024-02-06,44643.12
5394,Employee 05394,Sales,Analyst,129,2023-08-08,157263.71
5395,Employee 05395,Logistics,Supervisor,57,2018-02-25,62027.7
5396,Employee 05396,Procurement,Analyst,488,2024-01-27,92769.27
5397,Employee 05397,Operations,Manager,109,2023-08-04,47098.87
5398,Employee 05398,Warehouse,Associate,872,2016-01-02,36091.22
5399,Employee 05399,Logistics,Associate,833,2021-06-03,100315.92
5400,Employee 05400,Procurement,Executive,959,2024-03-07,147617.69
5401,Employee 05401,Logistics,Executive,653,2022-03-27,46662.0
5402,Employee 05402,Warehouse,Associate,135,2023-12-05,21172.85
5403,Employee 05403,Operations,Coordinator,825,2015-07-18,65591.12
5404,Employee 05404,Operations,Executive,686,2016-03-07,75798.3
5405,Employee 05405,Warehouse,Associate,276,2023-03-01,31108.2
5406,Employee 05406,Warehouse,Manager,583,2017-09-28,19022.33
5407,Employee 05407,Finance,Analyst,235,2018-05-21,68598.1
5408,Employee 05408,Finance,Coordinator,376,2023-10-09,62183.08
5409,Employee 05409,Procurement,Manager,525,2015-10-07,55206.49
5410,Employee 05410,Finance,Executive,254,2016-07-27,168750.7
5411,Employee 05411,Warehouse,Coordinator,570,2023-08-26,130899.03
5412,Employee 05412,Finance,Supervisor,825,2017-10-12,95890.97
5413,Employee 05413,Procurement,Coordinator,545,2023-01-29,121058.23
5414,Employee 05414,Finance,Coordinator,477,2023-03-13,51390.66
5415,Employee 05415,Operations,Analyst,376,2017-06-01,77352.29
5416,Employee 05416,Finance,Analyst,965,2016-05-25,149678.19
5417,Employee 05417,Finance,Associate,511,2020-03-27,175448.79
5418,Employee 05418,Warehouse,Supervisor,435,2022-05-19,20049.85
5419,Employee 05419,Finance,Executive,879,2020-06-15,19654.31
5420,Employee 05420,Warehouse,Analyst,846,2019-05-09,89085.98
5421,Employee 05421,Operations,Associate,516,2023-01-26,162247.29
5422,Employee 05422,Finance,Manager,994,2022-09-20,53206.16
5423,Employee 05423,Operations,Executive,841,2017-03-26,54300.91
5424,Employee 05424,Finance,Coordinator,726,2023-04-28,157217.23
5425,Employee 05425,Sales,Supervisor,819,2018-09-16,143487.66
5426,Employee 05426,Procurement,Executive,583,2023-03-11,29748.68
5427,Employee 05427,Warehouse,Coordinator,900,2018-08-31,94844.22
5428,Employee 05428,Operations,Executive,753,2015-09-15,109088.52
5429,Employee 05429,Operations,Associate,967,2024-02-04,165781.47
5430,Employee 05430,Warehouse,Manager,540,2021-04-24,58729.55
5431,Employee 05431,Sales,Supervisor,972,2017-04-07,163821.53
5432,Employee 05432,Warehouse,Associate,475,2015-06-11,18901.12
5433,Employee 05433,Sales ,Supervisor,762,2016-09-26,36462.98
5434,Employee 05434,,Supervisor,699,2024-02-11,90182.45
5435,Employee 05435,Warehouse,Associate,387,2016-10-31,57972.64
5436,Employee 05436,Logistics,Analyst,844,2016-03-19,134996.63
5437,Employee 05437,Warehouse,Associate,188,2015-02-14,106246.33
5438,Employee 05438,Operations,Supervisor,402,2024-03-24,155662.11
5439,Employee 05439,Warehouse,Supervisor,237,2016-03-28,175215.47
5440,Employee 05440,Operations,Manager,779,2018-12-12,26489.33
5441,Employee 05441,Operations,Associate,84,2021-05-14,21896.57
5442,Employee 05442,Warehouse,Manager,117,2020-11-26,55328.75
5443,Employee 05443,Finance,Coordinator,910,2016-01-04,108435.82
5444,Employee 05444,Logistics,Associate,34,2018-11-27,50789.66
5445,Employee 05445,Warehouse,Analyst,387,2020-11-06,57835.63
5446,Employee 05446,Sales,Manager,871,2017-02-28,70547.77
5447,Employee 05447,Procurement,Manager,141,2018-11-30,179720.68
5448,Employee 05448,Operations,Associate,604,2020-01-09,129233.55
5449,Employee 05449,Warehouse,Manager,309,2023-07-04,71784.61
5450,Employee 05450,procurement,Associate,214,2016-11-15,37267.79
5451,Employee 05451,Warehouse,Executive,991,2016-04-23,177413.9
5452,Employee 05452,Sales,Analyst,113,2017-09-27,103191.76
5453,Employee 05453,Finance,Executive,393,2024-03-17,159328.42
5454,Employee 05454,Logistics,Manager,357,2021-07-31,178853.11
5455,Employee 05455,Sales,Coordinator,97,2019-09-06,74754.26
5456,Employee 05456,Finance,Coordinator,105,2024-06-15,26558.7
5457,Employee 05457,Operations,Supervisor,916,2019-08-11,157423.35
5458,Employee 05458,Logistics,Executive,602,2018-03-14,161648.98
5459,Employee 05459,Logistics,Analyst,574,2022-11-08,150329.67
5460,Employee 05460,Operations,Manager,606,2022-04-19,170055.16
5461,Employee 05461,Finance,Associate,709,2022-04-08,28304.89
5462,Employee 05462,Procurement,Manager,492,2021-11-26,156921.63
5463,Employee 05463,Finance,Manager,607,2016-07-13,176101.57
5464,Employee 05464,Sales,Analyst,448,2023-09-30,179804.93
5465,Employee 05465,Operations,Supervisor,504,2015-11-01,140112.63
5466,Employee 05466,Finance,Coordinator,95,2018-05-25,31579.42
5467,Employee 05467,Procurement,Manager,12,2018-10-11,148329.18
5468,Employee 05468,Sales ,Coordinator,311,2021-03-27,107867.97
5469,Employee 05469,Finance,Associate,548,2019-05-28,21802.14
5470,Employee 05470,Procurement ,Coordinator,163,2023-10-30,110156.12
5471,Employee 05471,Warehouse,Manager,777,2016-11-03,122684.99
5472,Employee 05472,Warehouse,Executive,160,2018-01-24,117796.31
5473,Employee 05473,Procurement,Executive,803,2023-11-09,70276.94
5474,Employee 05474,Operations,Coordinator,691,2022-06-17,102048.52
5475,Employee 05475,Warehouse,Executive,796,2023-10-01,90866.52
5476,Employee 05476,Procurement,Associate,135,2017-06-06,27706.29
5477,Employee 05477,Sales,Executive,296,2015-04-07,108154.12
5478,Employee 05478,Operations,Coordinator,424,2023-09-09,124067.45
5479,Employee 05479,Sales,Coordinator,497,2015-06-17,171688.81
5480,Employee 05480,Warehouse,Analyst,226,2023-06-03,126339.56
5481,Employee 05481,Warehouse,Executive,443,2022-03-03,146507.45
5482,Employee 05482,Sales,Manager,995,2016-12-29,109041.51
5483,Employee 05483,Logistics,Associate,343,2019-01-27,39631.68
5484,Employee 05484,Sales,Executive,588,2018-05-05,50889.4
5485,Employee 05485,Operations,Manager,734,2016-07-24,58600.29
5486,Employee 05486,warehouse,Manager,644,2017-07-12,149096.35
5487,Employee 05487,Operations,Analyst,973,2023-10-29,0.0
5488,Employee 05488,Warehouse,Analyst,309,2016-01-29,157070.68
5489,Employee 05489,Sales,Analyst,844,2019-01-27,118311.52
5490,Employee 05490,Procurement,Analyst,676,2019-07-29,58083.68
5491,Employee 05491,Procurement,Analyst,615,2015-02-27,168028.95
5492,Employee 05492,Finance,Associate,935,2016-09-03,126161.39
5493,Employee 05493,Operations,Analyst,489,2021-07-26,68804.38
5494,Employee 05494,Operations,Analyst,362,2018-09-25,57998.81
5495,Employee 05495,Procurement,Coordinator,760,2019-12-29,101963.18
5496,Employee 05496,Sales,Analyst,51,2023-10-11,99592.2
5497,Employee 05497,Procurement,Supervisor,351,2017-10-21,78119.76
5498,Employee 05498,Sales,Coordinator,464,2015-04-14,22273.76
5499,Employee 05499,Logistics,Coordinator,352,2017-05-19,43683.51
5500,Employee 05500,Procurement,Manager,973,2017-02-21,93936.23
5501,Employee 05501,Warehouse,Coordinator,379,2020-12-08,23997.27
5502,Employee 05502,Operations,Associate,167,2017-01-24,124605.52
5503,Employee 05503,Warehouse,Manager,719,2019-08-23,143698.07
5504,Employee 05504,Warehouse,Executive,574,2016-02-13,118083.12
5505,Employee 05505,Warehouse,Analyst,114,2016-10-04,70951.69
5506,Employee 05506,Finance,Coordinator,620,2023-11-20,176765.78
5507,Employee 05507,Finance,Supervisor,153,2023-03-27,179807.89
5508,Employee 05508,Warehouse,Coordinator,271,2021-11-30,60043.62
5509,Employee 05509,Sales,Coordinator,357,2015-07-15,56765.91
5510,Employee 05510,Logistics,Supervisor,382,2019-04-20,33746.53
5511,Employee 05511,Procurement,Executive,286,2015-11-07,145190.19
5512,Employee 05512,Logistics,Supervisor,580,2018-10-31,82325.45
5513,Employee 05513,Finance,Coordinator,628,2017-08-11,18544.29
5514,Employee 05514,Finance,Manager,843,2018-01-10,131897.77
5515,Employee 05515,Sales,Supervisor,110,2024-01-11,33591.85
5516,Employee 05516,Logistics,Supervisor,247,2020-01-13,124786.13
5517,Employee 05517,Finance,Manager,693,2023-09-20,151043.99
5518,Employee 05518,Warehouse,Coordinator,303,2022-08-19,134984.73
5519,Employee 05519,Finance,Analyst,586,2021-03-23,179227.78
5520,Employee 05520,Operations,Manager,340,2015-08-14,94094.83
5521,Employee 05521,Logistics,Manager,673,2015-09-27,26179.74
5522,Employee 05522,Sales,Executive,444,2020-01-17,49148.63
5523,Employee 05523,Operations,Analyst,286,2021-11-20,132831.35
5524,Employee 05524,,Coordinator,451,2022-01-28,124867.14
5525,Employee 05525,sales,Associate,639,2016-01-17,89490.57
5526,Employee 05526,Warehouse,Coordinator,282,2016-01-24,150657.11
5527,Employee 05527,Procurement,Associate,227,2023-09-05,150861.28
5528,Employee 05528,Sales,Manager,504,2015-05-30,107009.76
5529,Employee 05529,Finance,Executive,785,2020-03-28,52954.69
5530,Employee 05530,Sales,Executive,873,2022-04-13,102501.47
5531,Employee 05531,Operations,Associate,583,2015-03-02,0.0
5532,Employee 05532,Procurement,Manager,559,2017-10-24,38095.14
5533,Employee 05533,Operations,Associate,622,2016-09-10,30868.38
5534,Employee 05534,Sales,Analyst,707,2021-02-16,46263.35
5535,Employee 05535,Warehouse,Coordinator,427,2022-04-14,150780.37
5536,Employee 05536,Operations,Coordinator,20,2017-04-13,161948.84
5537,Employee 05537,Finance,Supervisor,375,2017-08-03,132375.24
5538,Employee 05538,Procurement,Manager,36,2017-11-28,46745.59
5539,Employee 05539,Warehouse,Manager,489,2016-05-07,143693.69
5540,Employee 05540,operations,Analyst,501,2023-11-08,21651.37
5541,Employee 05541,Operations,Supervisor,841,2020-09-11,160133.33
5542,Employee 05542,Sales,Analyst,796,2024-01-10,96928.92
5543,Employee 05543,Logistics,Manager,334,2018-07-11,80119.61
5544,Employee 05544,Logistics,Executive,939,2023-10-28,99665.65
5545,Employee 05545,Finance,Coordinator,60,2023-11-14,105002.9
5546,Employee 05546,Operations,Coordinator,893,2023-08-09,108217.75
5547,Employee 05547,Warehouse,Coordinator,852,2020-03-09,100145.57
5548,Employee 05548,Procurement,Analyst,352,2019-01-13,161118.35
5549,Employee 05549,Operations,Executive,921,2015-05-06,25980.39
5550,Employee 05550,Sales,Manager,886,2022-08-07,165683.63
5551,Employee 05551,Sales,Executive,801,2018-09-22,154067.64
5552,Employee 05552,Operations,Analyst,932,2017-12-07,154966.13
5553,Employee 05553,Warehouse,Analyst,85,2018-02-27,95665.94
5554,Employee 05554,Procurement,Analyst,743,2023-07-13,87645.57
5555,Employee 05555,Finance,Coordinator,117,2017-01-07,134176.93
5556,Employee 05556,Warehouse,Coordinator,563,2016-12-06,111744.63
5557,Employee 05557,Sales,Coordinator,254,2016-08-02,147450.58
5558,Employee 05558,Procurement,Supervisor,4,2020-01-05,74537.62
5559,Employee 05559,Warehouse,Coordinator,327,2018-04-01,166964.7
5560,Employee 05560,Operations,Supervisor,407,2020-10-14,166595.83
5561,Employee 05561,Sales,Executive,594,2018-08-06,176372.87
5562,Employee 05562,Operations,Manager,189,2024-04-08,145608.27
5563,Employee 05563,Warehouse,Manager,403,2023-08-30,48586.88
5564,Employee 05564,Sales,Associate,93,2021-11-06,158703.51
5565,Employee 05565,Operations,Supervisor,803,2016-12-06,116998.06
5566,Employee 05566,operations,Manager,372,2015-12-22,97614.36
5567,Employee 05567,Sales,Manager,108,2020-05-30,153813.6
5568,Employee 05568,Sales,Executive,817,2017-12-13,43881.62
5569,Employee 05569,Finance,Executive,31,2022-06-22,121729.27
5570,Employee 05570,Logistics,Supervisor,438,2020-07-07,83232.04
5571,Employee 05571,Warehouse,Analyst,555,2019-06-07,42528.28
5572,Employee 05572,Finance,Associate,154,2016-10-20,110089.27
5573,Employee 05573,Sales,Manager,978,2021-03-02,23286.77
5574,Employee 05574,Procurement,Analyst,933,2015-07-04,68897.61
5575,Employee 05575,Warehouse,Coordinator,234,2022-05-16,46617.58
5576,Employee 05576,Sales,Manager,393,2020-07-29,158192.09
5577,Employee 05577,Procurement,Supervisor,275,2017-01-09,106026.37
5578,Employee 05578,Logistics,Supervisor,884,2020-04-03,107705.51
5579,Employee 05579,Operations,Executive,172,2022-02-26,132106.75
5580,Employee 05580,Warehouse,Associate,920,2023-08-11,65373.23
5581,Employee 05581,Procurement,Analyst,537,2016-07-13,62447.82
5582,Employee 05582,Procurement,Manager,774,2016-06-15,48234.19
5583,Employee 05583,Finance,Coordinator,265,2022-01-08,117723.71
5584,Employee 05584,Operations,Associate,514,2021-01-05,24901.59
5585,Employee 05585,Warehouse,Supervisor,252,2017-04-01,48735.34
5586,Employee 05586,Warehouse,Manager,369,2023-09-26,60542.96
5587,Employee 05587,Operations,Associate,8,2020-08-26,129152.41
5588,Employee 05588,Sales,Associate,434,2024-07-01,54109.48
5589,Employee 05589,Operations,Supervisor,527,2018-10-21,104205.79
5590,Employee 05590,Warehouse,Manager,629,2023-11-13,170232.6
5591,Employee 05591,Warehouse,Analyst,76,2021-08-04,98711.64
5592,Employee 05592,Warehouse,Coordinator,73,2023-10-25,32582.04
5593,Employee 05593,Warehouse,Coordinator,784,2017-12-07,54842.88
5594,Employee 05594,Logistics,Analyst,311,2019-04-19,68920.88
5595,Employee 05595,Procurement,Coordinator,369,2015-03-25,89040.64
5596,Employee 05596,Operations,Manager,474,2017-07-03,123733.66
5597,Employee 05597,Finance,Coordinator,117,2021-05-23,96530.7
5598,Employee 05598,Operations,Coordinator,247,2017-11-26,93824.4
5599,Employee 05599,Warehouse,Analyst,326,2015-08-23,47434.53
5600,Employee 05600,Operations,Analyst,333,2017-08-26,169343.5
5601,Employee 05601,Procurement,Coordinator,51,2023-12-05,88466.8
5602,Employee 05602,Finance,Supervisor,973,2015-09-18,103813.07
5603,Employee 05603,Procurement,Associate,548,2022-01-02,130335.22
5604,Employee 05604,Logistics,Manager,513,2022-10-12,88097.28
5605,Employee 05605,Logistics,Manager,216,2019-01-31,60128.88
5606,Employee 05606,Procurement,Executive,448,2023-04-07,100304.49
5607,Employee 05607,Operations,Executive,418,2018-10-30,121243.67
5608,Employee 05608,Warehouse,Executive,404,2016-03-17,138283.31
5609,Employee 05609,Procurement,Associate,474,2023-05-02,150901.2
5610,Employee 05610,Procurement,Executive,392,2019-09-03,122473.11
5611,Employee 05611,Warehouse,Analyst,51,2016-09-17,153660.78
5612,Employee 05612,Logistics,Executive,32,2019-03-12,24253.36
5613,Employee 05613,Warehouse,Associate,84,2015-11-18,29473.08
5614,Employee 05614,Logistics,Analyst,731,2017-08-04,71614.34
5615,Employee 05615,Warehouse,Manager,617,2021-10-03,134932.5
5616,Employee 05616,Warehouse,Coordinator,259,2017-09-12,142351.78
5617,Employee 05617,Operations,Executive,259,2015-02-22,42691.76
5618,Employee 05618,Logistics,Analyst,175,2019-02-24,102201.87
5619,Employee 05619,Warehouse,Manager,290,2019-08-31,146815.79
5620,Employee 05620,Finance,Executive,608,2021-10-25,45789.81
5621,Employee 05621,Warehouse,Executive,92,2017-12-15,136997.66
5622,Employee 05622,Finance,Supervisor,472,2022-06-05,173517.23
5623,Employee 05623,Warehouse,Coordinator,630,2017-02-12,116314.11
5624,Employee 05624,Sales,Analyst,585,2018-03-03,65261.33
5625,Employee 05625,Operations,Analyst,113,2022-09-10,92451.42
5626,Employee 05626,Finance,Coordinator,980,2016-08-05,100771.33
5627,Employee 05627,Warehouse,Manager,322,2017-08-14,49981.37
5628,Employee 05628,Warehouse,Associate,669,2022-07-28,111834.2
5629,Employee 05629,Sales,Manager,507,2023-12-03,148805.39
5630,Employee 05630,Warehouse,Coordinator,950,2020-06-29,82918.75
5631,Employee 05631,Sales,Coordinator,33,2022-12-31,100818.84
5632,Employee 05632,Sales,Analyst,833,2017-06-23,159168.77
5633,Employee 05633,Sales,Manager,594,2018-03-26,69213.35
5634,Employee 05634,Sales,Manager,632,2017-08-09,60311.13
5635,Employee 05635,Operations,Coordinator,165,2022-10-24,142375.51
5636,Employee 05636,Warehouse,Coordinator,269,2020-08-04,146222.5
5637,Employee 05637,Finance,Supervisor,116,2018-07-10,115894.37
5638,Employee 05638,Logistics,Associate,114,2018-09-02,100832.01
5639,Employee 05639,Operations,Supervisor,163,2015-10-04,122708.78
5640,Employee 05640,Finance,Manager,656,2024-02-20,149624.26
5641,Employee 05641,Warehouse,Supervisor,696,2020-02-21,127887.78
5642,Employee 05642,Finance,Associate,117,2021-10-29,114863.89
5643,Employee 05643,Operations,Manager,279,2022-01-13,122175.41
5644,Employee 05644,Procurement,Executive,303,2021-01-21,160318.61
5645,Employee 05645,Warehouse,Executive,717,2017-06-20,34823.57
5646,Employee 05646,Operations ,Executive,264,2016-10-09,40952.96
5647,Employee 05647,Finance,Analyst,29,2019-05-17,86226.58
5648,Employee 05648,Warehouse,Associate,91,2021-08-03,102749.82
5649,Employee 05649,Procurement,Manager,512,2015-03-01,93395.48
5650,Employee 05650,Procurement,Manager,910,2022-12-06,113167.43
5651,Employee 05651,,Associate,326,2017-07-14,146524.69
5652,Employee 05652,Sales,Manager,224,2021-02-27,23434.57
5653,Employee 05653,Logistics,Coordinator,214,2021-03-11,91866.51
5654,Employee 05654,Logistics,Executive,720,2016-10-15,22357.49
5655,Employee 05655,Warehouse,Analyst,979,2022-05-08,97105.12
5656,Employee 05656,Warehouse,Supervisor,482,2020-10-07,46168.23
5657,Employee 05657,Operations,Supervisor,314,2021-12-07,115441.35
5658,Employee 05658,Sales,Associate,312,2024-07-02,149026.28
5659,Employee 05659,Warehouse,Associate,899,2016-01-31,66288.82
5660,Employee 05660,Logistics,Analyst,617,2017-04-27,104713.37
5661,Employee 05661,Procurement,Coordinator,402,2023-03-07,100023.25
5662,Employee 05662,Finance,Analyst,299,2022-12-05,145448.58
5663,Employee 05663,Sales,Coordinator,996,2019-10-03,34256.5
5664,Employee 05664,Sales,Associate,810,2016-02-12,36205.89
5665,Employee 05665,Logistics,Analyst,28,2019-06-03,174764.78
5666,Employee 05666,Sales,Analyst,22,2017-10-18,173391.66
5667,Employee 05667,Warehouse,Coordinator,681,2023-06-22,177235.47
5668,Employee 05668,Sales,Coordinator,971,2020-01-24,19565.13
5669,Employee 05669,Logistics,Executive,418,2017-09-12,124399.13
5670,Employee 05670,Sales,Supervisor,730,2024-03-26,169789.42
5671,Employee 05671,Finance,Executive,19,2020-01-06,144629.28
5672,Employee 05672,Procurement,Executive,331,2022-02-18,163795.76
5673,Employee 05673,Sales,Associate,423,2015-06-27,112636.72
5674,Employee 05674,logistics,Manager,984,2015-09-18,114129.93
5675,Employee 05675,Procurement,Manager,556,2018-05-07,178536.97
5676,Employee 05676,Operations,Executive,797,2016-04-06,32823.2
5677,Employee 05677,Warehouse,Coordinator,365,2019-07-07,137565.95
5678,Employee 05678,Finance,Associate,874,2015-12-03,30652.41
5679,Employee 05679,Procurement,Executive,160,2018-02-25,115812.35
5680,Employee 05680,Procurement,Executive,712,2016-06-14,50429.65
5681,Employee 05681,Procurement,Supervisor,845,2023-02-28,62340.19
5682,Employee 05682,Finance,Associate,768,2022-06-17,176506.6
5683,Employee 05683,Procurement,Analyst,681,2019-01-21,48095.37
5684,Employee 05684,Procurement,Coordinator,958,2015-01-27,0.0
5685,Employee 05685,Procurement,Executive,691,2023-10-25,36337.93
5686,Employee 05686,Logistics,Executive,560,2022-12-15,125408.06
5687,Employee 05687,Sales,Analyst,737,2022-09-29,174047.75
5688,Employee 05688,,Executive,460,2020-02-17,21066.63
5689,Employee 05689,Logistics,Coordinator,560,2017-01-15,155937.98
5690,Employee 05690,Finance,Coordinator,484,2022-12-30,53344.25
5691,Employee 05691,Finance,Supervisor,838,2018-09-30,176388.65
5692,Employee 05692,Finance,Manager,338,2020-02-24,139477.34
5693,Employee 05693,finance,Coordinator,496,2018-01-20,87469.57
5694,Employee 05694,Operations,Manager,968,2016-03-07,176624.64
5695,Employee 05695,Sales,Analyst,525,2016-08-09,148892.11
5696,Employee 05696,Sales,Executive,23,2018-07-24,22068.85
5697,Employee 05697,Sales ,Executive,110,2024-01-11,87189.53
5698,Employee 05698,Warehouse,Supervisor,3,2016-09-29,37079.6
5699,Employee 05699,Finance,Executive,408,2022-10-12,141328.18
5700,Employee 05700,Operations,Associate,73,2021-11-21,111601.14
5701,Employee 05701,Warehouse,Associate,208,2017-09-20,92848.81
5702,Employee 05702,Sales,Supervisor,309,2016-06-15,36912.86
5703,Employee 05703,Sales,Associate,172,2019-07-11,111049.73
5704,Employee 05704,Finance,Associate,10,2023-07-24,157919.13
5705,Employee 05705,Sales,Manager,648,2016-11-10,92914.58
5706,Employee 05706,Sales,Associate,482,2018-10-31,101106.93
5707,Employee 05707,Finance,Associate,145,2021-10-30,140799.04
5708,Employee 05708,Operations,Executive,976,2024-07-24,63990.35
5709,Employee 05709,warehouse,Associate,593,2017-02-26,31138.4
5710,Employee 05710,Sales,Supervisor,123,2018-05-13,49308.61
5711,Employee 05711,Sales,Analyst,618,2020-08-29,165156.11
5712,Employee 05712,Sales,Associate,498,2016-07-26,144069.08
5713,Employee 05713,Warehouse,Supervisor,194,2021-02-25,64164.24
5714,Employee 05714,Logistics,Associate,749,2019-03-15,56595.29
5715,Employee 05715,Sales,Analyst,998,2015-11-30,146579.76
5716,Employee 05716,Sales,Executive,958,2016-09-03,39140.93
5717,Employee 05717,,Associate,543,2019-02-22,102200.79
5718,Employee 05718,Procurement,Analyst,587,2016-04-27,168764.24
5719,Employee 05719,Finance,Analyst,939,2017-02-05,158503.42
5720,Employee 05720,Finance,Executive,56,2017-08-06,175178.83
5721,Employee 05721,Finance,Analyst,585,2018-09-02,114709.21
5722,Employee 05722,Procurement,Associate,750,2016-03-10,111242.78
5723,Employee 05723,Operations,Associate,348,2018-09-27,46458.51
5724,Employee 05724,Logistics ,Executive,671,2021-06-25,176768.72
5725,Employee 05725,Warehouse,Executive,28,2022-04-11,47841.37
5726,Employee 05726,Finance,Analyst,545,2020-09-27,106572.55
5727,Employee 05727,Sales,Associate,316,2017-02-01,61869.6
5728,Employee 05728,Logistics,Supervisor,957,2022-12-28,85492.26
5729,Employee 05729,Sales,Coordinator,651,2023-06-30,173011.61
5730,Employee 05730,Warehouse,Associate,13,2018-05-19,98213.97
5731,Employee 05731,Operations,Coordinator,617,2017-06-05,124066.4
5732,Employee 05732,Procurement,Manager,936,2024-04-10,94970.21
5733,Employee 05733,Sales,Associate,919,2020-09-05,123727.41
5734,Employee 05734,Operations,Supervisor,346,2015-04-22,156164.02
5735,Employee 05735,Sales,Associate,838,2020-02-09,92437.02
5736,Employee 05736,Warehouse,Manager,567,2021-04-25,132552.42
5737,Employee 05737,Finance,Analyst,419,2019-09-08,126928.97
5738,Employee 05738,Operations,Associate,879,2015-09-14,124640.45
5739,Employee 05739,Warehouse,Executive,438,2020-10-21,33024.54
5740,Employee 05740,Operations,Supervisor,192,2018-06-18,24470.85
5741,Employee 05741,Operations,Manager,882,2023-02-15,111252.66
5742,Employee 05742,Procurement,Coordinator,462,2021-10-20,30686.05
5743,Employee 05743,Warehouse,Supervisor,691,2015-01-06,42909.86
5744,Employee 05744,Finance,Associate,877,2021-10-04,131921.48
5745,Employee 05745,Procurement,Analyst,48,2024-07-31,36168.21
5746,Employee 05746,Finance,Supervisor,110,2022-06-24,162695.15
5747,Employee 05747,Finance,Supervisor,818,2023-03-21,79509.9
5748,Employee 05748,Finance,Associate,942,2019-09-29,22508.86
5749,Employee 05749,Warehouse,Manager,422,2015-03-05,170805.78
5750,Employee 05750,Warehouse,Coordinator,512,2023-06-19,176975.35
5751,Employee 05751,Sales,Executive,479,2019-11-27,82576.23
5752,Employee 05752,Sales,Executive,372,2021-02-02,143049.16
5753,Employee 05753,Operations,Coordinator,83,2017-05-06,93940.11
5754,Employee 05754,Operations,Associate,911,2021-10-21,97498.1
5755,Employee 05755,Logistics,Manager,717,2019-06-19,76948.29
5756,Employee 05756,Finance,Associate,758,2015-09-01,134291.04
5757,Employee 05757,Warehouse,Manager,108,2023-03-10,178861.06
5758,Employee 05758,Procurement,Coordinator,762,2016-01-31,73517.62
5759,Employee 05759,Sales,Executive,673,2023-09-02,55377.76
5760,Employee 05760,Logistics,Analyst,146,2020-01-03,91878.13
5761,Employee 05761,Operations,Supervisor,953,2016-07-30,91722.87
5762,Employee 05762,Procurement,Supervisor,869,2024-03-28,80014.53
5763,Employee 05763,Sales,Analyst,981,2021-09-10,179523.03
5764,Employee 05764,Warehouse,Associate,919,2018-09-06,39415.28
5765,Employee 05765,Finance,Executive,709,2020-10-14,56838.11
5766,Employee 05766,Finance,Analyst,8,2021-02-13,93965.28
5767,Employee 05767,Finance,Coordinator,909,2015-12-10,22961.62
5768,Employee 05768,Finance,Analyst,234,2019-09-24,134678.21
5769,Employee 05769,Sales,Supervisor,955,2018-02-18,56703.28
5770,Employee 05770,Sales,Coordinator,66,2018-07-14,108535.12
5771,Employee 05771,Sales,Analyst,709,2021-01-06,42964.83
5772,Employee 05772,Logistics,Executive,394,2023-08-10,154182.08
5773,Employee 05773,Sales,Manager,812,2016-05-07,159881.52
5774,Employee 05774,Finance,Manager,833,2021-10-24,136087.94
5775,Employee 05775,Operations,Executive,535,2020-10-05,27228.95
5776,Employee 05776,Warehouse,Executive,197,2017-11-30,86119.7
5777,Employee 05777,Finance,Executive,329,2016-10-26,106708.41
5778,Employee 05778,Finance,Coordinator,648,2023-06-29,112819.94
5779,Employee 05779,Operations,Analyst,559,2018-12-20,25873.35
5780,Employee 05780,Procurement,Manager,770,2023-02-14,125789.79
5781,Employee 05781,Finance,Associate,515,2016-04-26,74561.31
5782,Employee 05782,Operations,Executive,904,2018-01-20,149606.19
5783,Employee 05783,Warehouse,Analyst,725,2021-05-05,75940.08
5784,Employee 05784,Warehouse,Coordinator,978,2021-07-18,41553.87
5785,Employee 05785,Finance,Coordinator,324,2016-05-10,137599.8
5786,Employee 05786,Operations,Associate,649,2019-08-01,46104.71
5787,Employee 05787,Procurement,Supervisor,952,2022-09-17,97318.94
5788,Employee 05788,Finance,Coordinator,971,2016-02-14,158603.89
5789,Employee 05789,Sales,Coordinator,983,2022-05-18,148123.4
5790,Employee 05790,Warehouse,Supervisor,12,2019-09-23,171330.33
5791,Employee 05791,Operations,Coordinator,60,2018-11-24,76975.95
5792,Employee 05792,Procurement,Supervisor,591,2019-12-18,47481.43
5793,Employee 05793,Finance,Analyst,58,2016-06-02,55670.17
5794,Employee 05794,Operations,Coordinator,465,2021-09-23,152554.48
5795,Employee 05795,Sales,Coordinator,550,2019-04-03,76852.42
5796,Employee 05796,Procurement,Coordinator,706,2016-07-09,95423.1
5797,Employee 05797,Sales,Manager,613,2023-08-08,112667.51
5798,Employee 05798,Finance,Associate,713,2020-11-25,116778.5
5799,Employee 05799,Finance,Coordinator,196,2023-03-02,65309.77
5800,Employee 05800,Sales,Analyst,7,2018-05-04,114635.74
5801,Employee 05801,Procurement,Associate,133,2023-09-27,169397.95
5802,Employee 05802,Logistics,Manager,733,2017-06-27,143454.97
5803,Employee 05803,Procurement,Manager,617,2020-04-12,104040.7
5804,Employee 05804,operations,Coordinator,115,2021-09-14,118914.98
5805,Employee 05805,Procurement,Manager,624,2017-02-05,170298.11
5806,Employee 05806,Operations,Executive,633,2017-09-28,49179.55
5807,Employee 05807,Finance,Associate,252,2018-10-07,132615.24
5808,Employee 05808,Warehouse,Analyst,614,2020-09-24,40970.67
5809,Employee 05809,Warehouse,Executive,607,2023-01-26,140664.3
5810,Employee 05810,Operations,Analyst,71,2017-03-14,147906.1
5811,Employee 05811,Procurement,Manager,996,2019-05-14,115968.47
5812,Employee 05812,Procurement,Coordinator,616,2016-10-16,34013.53
5813,Employee 05813,Sales,Coordinator,381,2017-10-27,104774.12
5814,Employee 05814,Finance,Coordinator,970,2017-01-27,165402.32
5815,Employee 05815,Warehouse,Associate,654,2016-09-06,34180.47
5816,Employee 05816,Logistics,Associate,544,2024-07-13,69166.06
5817,Employee 05817,Finance,Associate,361,2020-06-15,111052.8
5818,Employee 05818,Logistics,Analyst,711,2015-05-04,42665.05
5819,Employee 05819,Sales,Analyst,136,2019-09-19,163387.99
5820,Employee 05820,Logistics,Associate,599,2018-09-15,76192.76
5821,Employee 05821,Logistics,Supervisor,551,2023-07-26,73869.26
5822,Employee 05822,Operations,Supervisor,683,2021-03-12,86887.44
5823,Employee 05823,Procurement,Coordinator,348,2023-09-11,59658.69
5824,Employee 05824,Sales,Analyst,162,2022-12-21,145249.32
5825,Employee 05825,Warehouse,Manager,791,2016-10-30,117218.77
5826,Employee 05826,Sales,Associate,411,2016-01-05,46960.72
5827,Employee 05827,Logistics,Analyst,560,2017-06-01,139925.21
5828,Employee 05828,Sales,Analyst,887,2020-11-01,131885.28
5829,Employee 05829,Procurement,Executive,215,2020-07-11,44822.25
5830,Employee 05830,Logistics,Coordinator,497,2015-05-01,40497.83
5831,Employee 05831,Procurement,Supervisor,694,2018-05-31,58052.2
5832,Employee 05832,Warehouse,Executive,774,2019-01-31,58088.63
5833,Employee 05833,Finance,Coordinator,707,2019-07-02,35467.87
5834,Employee 05834,Operations ,Analyst,519,2021-02-01,178244.08
5835,Employee 05835,Procurement,Coordinator,2,2016-01-10,128364.43
5836,Employee 05836,Sales,Executive,833,2022-01-26,54332.53
5837,Employee 05837,Logistics,Supervisor,651,2015-03-30,150034.1
5838,Employee 05838,Warehouse,Associate,238,2020-03-15,19658.03
5839,Employee 05839,Procurement,Analyst,935,2018-11-11,67751.1
5840,Employee 05840,Finance,Associate,958,2018-04-24,60296.86
5841,Employee 05841,Warehouse,Supervisor,990,2024-07-30,55988.57
5842,Employee 05842,Logistics,Manager,698,2020-02-02,68993.7
5843,Employee 05843,Operations,Manager,512,2016-11-27,116760.46
5844,Employee 05844,Procurement,Analyst,584,2023-11-05,99207.99
5845,Employee 05845,Operations,Analyst,491,2019-06-17,87849.73
5846,Employee 05846,Finance,Manager,300,2016-02-18,170271.35
5847,Employee 05847,Logistics,Analyst,28,2024-04-11,20721.36
5848,Employee 05848,Sales,Coordinator,322,2021-10-10,41769.41
5849,Employee 05849,Operations,Associate,675,2020-02-28,172865.75
5850,Employee 05850,Operations,Coordinator,172,2023-06-16,69423.22
5851,Employee 05851,Operations,Manager,972,2023-12-15,174883.96
5852,Employee 05852,,Analyst,321,2018-11-08,103160.73
5853,Employee 05853,Warehouse,Coordinator,142,2018-10-06,170768.32
5854,Employee 05854,Finance,Executive,286,2023-07-07,109925.82
5855,Employee 05855,Sales,Manager,955,2020-06-29,87958.82
5856,Employee 05856,Sales,Executive,192,2017-02-24,32649.92
5857,Employee 05857,Procurement ,Executive,706,2020-10-20,167302.13
5858,Employee 05858,Logistics,Executive,655,2023-07-08,77205.29
5859,Employee 05859,sales,Supervisor,523,2016-12-30,169244.62
5860,Employee 05860,Warehouse,Associate,417,2019-09-20,68284.26
5861,Employee 05861,Operations,Supervisor,452,2022-01-03,117198.48
5862,Employee 05862,Logistics,Executive,333,2019-09-10,175096.96
5863,Employee 05863,Logistics,Supervisor,55,2017-07-31,80113.75
5864,Employee 05864,Operations,Manager,175,2015-03-18,28713.61
5865,Employee 05865,Finance,Manager,861,2015-02-18,34075.48
5866,Employee 05866,Sales,Analyst,776,2020-11-18,178754.95
5867,Employee 05867,Sales,Executive,783,2016-03-28,129471.14
5868,Employee 05868,Operations,Coordinator,35,2017-04-12,18975.47
5869,Employee 05869,Operations ,Manager,104,2017-02-01,57926.39
5870,Employee 05870,Procurement,Coordinator,248,2015-04-06,143333.72
5871,Employee 05871,Operations ,Manager,981,2016-01-12,82906.24
5872,Employee 05872,Logistics,Supervisor,173,2019-07-05,114903.14
5873,Employee 05873,Procurement,Associate,740,2015-10-03,78479.11
5874,Employee 05874,Finance,Analyst,96,2020-09-23,55915.98
5875,Employee 05875,Sales,Executive,881,2019-08-03,146850.04
5876,Employee 05876,Finance,Executive,973,2021-12-17,88489.11
5877,Employee 05877,Logistics,Coordinator,880,2015-04-16,89559.4
5878,Employee 05878,Warehouse,Executive,68,2022-07-06,81489.76
5879,Employee 05879,Finance,Supervisor,273,2017-06-22,30167.66
5880,Employee 05880,Operations,Executive,881,2024-04-25,120511.98
5881,Employee 05881,Sales,Analyst,874,2021-10-26,137087.85
5882,Employee 05882,Warehouse,Analyst,264,2020-07-12,151671.19
5883,Employee 05883,Sales,Coordinator,291,2018-01-06,165725.81
5884,Employee 05884,Logistics,Executive,977,2016-12-21,79900.0
5885,Employee 05885,Finance,Supervisor,963,2015-09-03,147334.12
5886,Employee 05886,Sales,Manager,564,2018-07-23,19874.97
5887,Employee 05887,Warehouse,Executive,234,2023-11-29,82228.43
5888,Employee 05888,Operations,Executive,189,2019-05-12,99492.35
5889,Employee 05889,Operations,Associate,789,2018-05-19,162969.11
5890,Employee 05890,Operations,Manager,992,2019-11-11,134597.96
5891,Employee 05891,Logistics,Coordinator,593,2019-11-22,110579.91
5892,Employee 05892,Logistics,Associate,751,2016-07-30,156204.84
5893,Employee 05893,Finance,Associate,118,2021-10-02,134192.36
5894,Employee 05894,Operations,Associate,386,2020-10-30,142526.92
5895,Employee 05895,Sales,Executive,379,2016-12-24,135304.04
5896,Employee 05896,Procurement,Manager,182,2023-10-25,130864.83
5897,Employee 05897,Finance,Coordinator,509,2024-07-10,29617.0
5898,Employee 05898,Operations,Coordinator,239,2015-12-08,70127.87
5899,Employee 05899,Finance,Analyst,652,2021-02-03,20117.78
5900,Employee 05900,Finance,Manager,256,2015-03-14,107342.21
5901,Employee 05901,Warehouse,Analyst,23,2021-10-16,169834.15
5902,Employee 05902,Warehouse,Manager,741,2016-08-12,33154.49
5903,Employee 05903,Logistics,Analyst,205,2021-11-15,154800.99
5904,Employee 05904,Logistics,Associate,138,2015-02-22,52481.67
5905,Employee 05905,Sales,Coordinator,312,2021-02-20,43970.21
5906,Employee 05906,Operations,Analyst,896,2023-11-24,58348.8
5907,Employee 05907,Sales,Associate,778,2022-03-04,85762.47
5908,Employee 05908,Sales,Associate,873,2023-03-13,174807.95
5909,Employee 05909,Warehouse,Manager,643,2020-03-23,54272.77
5910,Employee 05910,Logistics,Associate,865,2022-07-03,91475.5
5911,Employee 05911,Warehouse,Supervisor,547,2017-10-26,108707.02
5912,Employee 05912,Sales,Manager,271,2021-11-28,75279.35
5913,Employee 05913,Procurement,Supervisor,477,2017-09-24,108117.05
5914,Employee 05914,Procurement,Associate,445,2023-09-12,29470.48
5915,Employee 05915,Warehouse,Analyst,248,2024-03-09,124987.73
5916,Employee 05916,Operations,Analyst,241,2017-07-21,108930.7
5917,Employee 05917,Finance,Analyst,188,2020-09-17,100112.79
5918,Employee 05918,Procurement,Manager,282,2024-03-24,79859.52
5919,Employee 05919,Warehouse,Supervisor,17,2023-02-12,171363.14
5920,Employee 05920,Sales,Coordinator,210,2022-07-27,115838.18
5921,Employee 05921,Warehouse,Associate,365,2020-10-20,127031.5
5922,Employee 05922,Finance,Executive,371,2021-09-17,123701.21
5923,Employee 05923,Logistics,Manager,766,2016-08-21,120610.0
5924,Employee 05924,Warehouse,Manager,659,2016-07-02,105355.9
5925,Employee 05925,Warehouse,Associate,172,2016-07-27,58829.65
5926,Employee 05926,Sales,Manager,702,2017-09-22,167574.7
5927,Employee 05927,Procurement,Coordinator,15,2015-08-06,114388.37
5928,Employee 05928,Finance,Associate,30,2022-12-20,175566.63
5929,Employee 05929,Logistics,Coordinator,203,2023-10-19,126823.83
5930,Employee 05930,Procurement,Associate,111,2023-03-24,88852.7
5931,Employee 05931,Procurement,Manager,641,2022-05-16,26133.73
5932,Employee 05932,Finance,Supervisor,750,2017-11-05,161902.33
5933,Employee 05933,Finance,Supervisor,783,2022-12-08,96582.84
5934,Employee 05934,Logistics,Associate,158,2016-08-10,62347.34
5935,Employee 05935,Sales,Analyst,812,2021-05-17,51327.2
5936,Employee 05936,Sales,Executive,119,2020-03-11,139068.52
5937,Employee 05937,Sales,Coordinator,86,2018-03-17,46833.8
5938,Employee 05938,Warehouse,Manager,281,2020-10-27,98302.99
5939,Employee 05939,Sales,Associate,100,2019-03-03,41364.45
5940,Employee 05940,Procurement,Analyst,398,2020-03-19,117903.72
5941,Employee 05941,Operations,Coordinator,275,2020-10-06,126317.62
5942,Employee 05942,Procurement,Associate,529,2019-11-25,72646.25
5943,Employee 05943,Operations,Executive,904,2019-02-20,123753.67
5944,Employee 05944,Warehouse,Executive,949,2015-03-25,74425.21
5945,Employee 05945,Finance,Associate,635,2016-11-16,69620.85
5946,Employee 05946,Warehouse,Manager,508,2020-05-24,77319.58
5947,Employee 05947,Sales,Supervisor,892,2017-07-16,0.0
5948,Employee 05948,Logistics,Associate,245,2017-06-26,72628.28
5949,Employee 05949,Warehouse,Coordinator,215,2019-06-21,176692.55
5950,Employee 05950,Logistics,Coordinator,158,2016-03-22,45017.29
5951,Employee 05951,warehouse,Executive,155,2017-06-15,19798.86
5952,Employee 05952,Sales,Associate,640,2018-01-19,157057.87
5953,Employee 05953,Operations,Associate,307,2021-10-04,67021.91
5954,Employee 05954,Operations,Manager,995,2024-02-23,123788.66
5955,Employee 05955,Finance,Analyst,498,2015-01-24,83378.34
5956,Employee 05956,Logistics,Executive,988,2020-02-10,67782.41
5957,Employee 05957,Warehouse,Manager,132,2020-06-29,106557.48
5958,Employee 05958,Finance,Associate,862,2015-10-27,132398.61
5959,Employee 05959,,Executive,943,2022-11-15,39950.99
5960,Employee 05960,Sales,Coordinator,3,2022-08-18,126693.44
5961,Employee 05961,Procurement,Analyst,924,2016-08-25,55983.03
5962,Employee 05962,Logistics,Executive,328,2023-07-05,103819.54
5963,Employee 05963,Procurement,Associate,747,2024-03-24,150160.59
5964,Employee 05964,Warehouse,Executive,891,2020-07-26,146990.25
5965,Employee 05965,Logistics,Manager,959,2017-07-30,106592.96
5966,Employee 05966,Procurement,Coordinator,281,2018-04-21,30937.38
5967,Employee 05967,Finance,Analyst,410,2021-03-31,113932.45
5968,Employee 05968,Sales,Coordinator,150,2017-09-08,165662.44
5969,Employee 05969,Logistics,Supervisor,23,2020-12-07,55807.61
5970,Employee 05970,Sales,Coordinator,576,2015-02-19,93202.83
5971,Employee 05971,Sales,Executive,860,2017-04-13,176141.4
5972,Employee 05972,Finance,Manager,658,2020-05-19,62671.35
5973,Employee 05973,Procurement,Manager,966,2022-06-12,52317.58
5974,Employee 05974,Logistics,Executive,677,2017-05-13,-10000.0
5975,Employee 05975,Operations,Executive,969,2020-08-15,144172.81
5976,Employee 05976,Sales,Supervisor,235,2017-10-24,36939.75
5977,Employee 05977,Warehouse,Supervisor,66,2017-11-05,100334.91
5978,Employee 05978,Procurement,Executive,970,2020-04-10,116133.91
5979,Employee 05979,Procurement,Coordinator,905,2017-01-13,118431.87
5980,Employee 05980,Operations,Executive,51,2017-10-21,52043.18
5981,Employee 05981,Warehouse,Supervisor,729,2017-09-18,117606.13
5982,Employee 05982,Logistics,Supervisor,644,2021-05-19,35613.07
5983,Employee 05983,Finance,Manager,944,2015-05-19,165061.15
5984,Employee 05984,Operations,Manager,151,2024-03-05,104142.38
5985,Employee 05985,Procurement,Manager,287,2015-02-05,40588.99
5986,Employee 05986,Procurement,Associate,888,2023-08-03,160086.85
5987,Employee 05987,Procurement ,Analyst,617,2022-02-28,137658.93
5988,Employee 05988,Logistics,Coordinator,376,2015-07-05,115358.53
5989,Employee 05989,Sales,Coordinator,557,2016-05-19,62054.66
5990,Employee 05990,Warehouse,Analyst,667,2017-08-26,64013.48
5991,Employee 05991,Logistics,Associate,492,2022-10-30,91238.82
5992,Employee 05992,Procurement,Supervisor,191,2021-06-09,169865.2
5993,Employee 05993,Warehouse,Manager,43,2022-09-03,73261.79
5994,Employee 05994,Operations,Associate,296,2015-05-13,120465.29
5995,Employee 05995,Procurement,Manager,928,2015-05-16,62402.36
5996,Employee 05996,sales,Coordinator,206,2019-10-27,153157.88
5997,Employee 05997,Operations,Coordinator,269,2022-10-06,140803.53
5998,Employee 05998,Logistics,Coordinator,238,2019-11-29,176740.19
5999,Employee 05999,Operations,Coordinator,51,2019-01-06,30538.84
6000,Employee 06000,Warehouse,Manager,937,2019-08-05,50681.08
6001,Employee 06001,Operations,Manager,156,2022-09-10,36308.23
6002,Employee 06002,Procurement,Executive,636,2019-09-27,125132.73
6003,Employee 06003,Logistics,Supervisor,130,2024-03-31,31932.74
6004,Employee 06004,Sales,Executive,950,2018-07-17,120030.09
6005,Employee 06005,Logistics,Manager,793,2023-09-25,166059.19
6006,Employee 06006,Procurement,Analyst,294,2022-05-14,170929.18
6007,Employee 06007,Finance,Analyst,302,2015-04-02,65267.86
6008,Employee 06008,Operations,Executive,950,2016-11-29,105496.78
6009,Employee 06009,Sales,Analyst,45,2016-01-21,88848.67
6010,Employee 06010,,Analyst,418,2018-03-06,49114.39
6011,Employee 06011,Warehouse,Manager,49,2015-03-01,145515.28
6012,Employee 06012,Logistics,Coordinator,965,2021-08-23,176430.63
6013,Employee 06013,Operations,Executive,565,2015-04-20,119885.46
6014,Employee 06014,Warehouse,Executive,228,2019-11-07,63245.03
6015,Employee 06015,Logistics,Analyst,339,2021-12-14,113943.47
6016,Employee 06016,Logistics,Manager,268,2017-09-24,82495.84
6017,Employee 06017,Sales,Analyst,729,2015-02-25,126046.24
6018,Employee 06018,Operations,Associate,954,2016-11-04,64891.67
6019,Employee 06019,Sales,Executive,801,2020-07-29,157458.76
6020,Employee 06020,Finance,Analyst,895,2024-03-12,149055.29
6021,Employee 06021,Warehouse,Supervisor,803,2020-10-27,92351.75
6022,Employee 06022,logistics,Associate,196,2020-01-25,24214.79
6023,Employee 06023,Warehouse,Manager,369,2022-07-01,66446.11
6024,Employee 06024,Operations,Supervisor,601,2019-09-26,118452.17
6025,Employee 06025,Warehouse,Supervisor,365,2019-01-29,31640.2
6026,Employee 06026,Warehouse,Analyst,777,2021-10-15,54288.86
6027,Employee 06027,Operations,Executive,266,2015-08-05,136752.74
6028,Employee 06028,Operations,Supervisor,872,2015-06-28,121495.02
6029,Employee 06029,Operations,Executive,837,2018-08-24,137862.7
6030,Employee 06030,Procurement,Associate,388,2024-01-28,160675.33
6031,Employee 06031,Sales,Associate,96,2019-05-20,170123.44
6032,Employee 06032,Finance,Associate,60,2020-03-16,131560.14
6033,Employee 06033,Logistics,Coordinator,275,2018-02-22,72951.54
6034,Employee 06034,Operations,Executive,333,2023-12-07,68139.03
6035,Employee 06035,Sales,Supervisor,881,2023-05-03,22771.99
6036,Employee 06036,Finance,Analyst,366,2023-06-04,58542.71
6037,Employee 06037,Sales,Analyst,270,2016-10-20,103929.74
6038,Employee 06038,Logistics,Coordinator,968,2017-12-22,151587.5
6039,Employee 06039,Operations,Executive,791,2023-02-13,73614.76
6040,Employee 06040,Procurement,Coordinator,212,2015-04-07,87611.6
6041,Employee 06041,Finance,Manager,108,2021-03-25,124415.41
6042,Employee 06042,Finance,Supervisor,736,2022-10-20,71839.57
6043,Employee 06043,Sales,Analyst,712,2024-05-19,148984.19
6044,Employee 06044,Operations,Manager,520,2018-01-31,142777.02
6045,Employee 06045,Sales,Executive,364,2016-07-19,37710.58
6046,Employee 06046,Operations,Manager,653,2018-04-11,153988.08
6047,Employee 06047,Procurement,Supervisor,732,2020-02-09,147413.89
6048,Employee 06048,Logistics,Supervisor,133,2021-04-08,91252.8
6049,Employee 06049,Warehouse,Associate,201,2015-08-18,127351.42
6050,Employee 06050,Warehouse,Associate,398,2023-03-30,155202.92
6051,Employee 06051,Warehouse,Manager,777,2024-06-02,21580.35
6052,Employee 06052,Procurement,Manager,553,2021-06-16,126180.37
6053,Employee 06053,Warehouse,Manager,746,2015-02-25,165813.08
6054,Employee 06054,Sales,Manager,921,2015-05-24,33439.62
6055,Employee 06055,Sales,Coordinator,126,2019-09-23,163809.25
6056,Employee 06056,Sales,Supervisor,811,2020-04-07,53282.34
6057,Employee 06057,Procurement,Executive,773,2021-03-01,51166.02
6058,Employee 06058,Operations,Manager,883,2015-06-24,51436.2
6059,Employee 06059,Procurement,Analyst,790,2017-04-25,62082.14
6060,Employee 06060,Finance,Analyst,675,2020-08-13,168956.83
6061,Employee 06061,Finance,Supervisor,24,2023-10-17,151564.18
6062,Employee 06062,Finance,Associate,177,2023-12-07,33469.53
6063,Employee 06063,Logistics,Supervisor,13,2019-04-16,136676.06
6064,Employee 06064,Procurement,Associate,392,2021-07-01,126777.69
6065,Employee 06065,Logistics,Supervisor,174,2017-07-26,52771.24
6066,Employee 06066,Procurement,Coordinator,570,2019-11-13,166299.3
6067,Employee 06067,Procurement,Associate,96,2023-08-01,146137.32
6068,Employee 06068,Logistics,Supervisor,724,2023-11-24,59284.64
6069,Employee 06069,Logistics,Coordinator,687,2018-12-17,75848.94
6070,Employee 06070,Finance,Manager,987,2020-09-15,31057.86
6071,Employee 06071,Logistics,Analyst,302,2015-01-18,108960.17
6072,Employee 06072,Finance,Coordinator,792,2016-08-18,24756.0
6073,Employee 06073,Logistics,Coordinator,467,2016-09-05,28908.76
6074,Employee 06074,Finance,Coordinator,86,2017-10-02,60390.91
6075,Employee 06075,Sales,Coordinator,872,2017-01-30,78726.92
6076,Employee 06076,Finance,Supervisor,293,2021-06-09,68178.73
6077,Employee 06077,Logistics,Manager,683,2018-05-29,50242.19
6078,Employee 06078,Procurement,Manager,590,2019-09-24,65210.66
6079,Employee 06079,Operations,Coordinator,777,2022-01-19,104115.98
6080,Employee 06080,Operations,Associate,220,2016-05-26,172017.48
6081,Employee 06081,Finance,Associate,703,2019-12-09,102381.44
6082,Employee 06082,Warehouse,Executive,427,2019-09-25,144316.46
6083,Employee 06083,Sales,Coordinator,631,2022-01-31,65202.29
6084,Employee 06084,Sales,Supervisor,533,2020-10-10,150310.6
6085,Employee 06085,Logistics,Supervisor,136,2016-04-19,46182.12
6086,Employee 06086,Sales,Executive,560,2016-11-23,133760.22
6087,Employee 06087,Finance,Supervisor,816,2019-11-06,32956.19
6088,Employee 06088,Operations,Supervisor,725,2017-04-18,61604.33
6089,Employee 06089,Operations,Supervisor,295,2023-02-05,21753.39
6090,Employee 06090,Logistics,Manager,664,2017-12-20,31905.74
6091,Employee 06091,Logistics,Manager,167,2022-03-08,48638.51
6092,Employee 06092,Operations,Coordinator,646,2015-07-15,158961.27
6093,Employee 06093,Finance,Coordinator,189,2016-05-21,169082.78
6094,Employee 06094,Finance,Associate,985,2019-05-30,27333.0
6095,Employee 06095,Sales,Coordinator,146,2017-03-06,121560.6
6096,Employee 06096,Operations,Supervisor,916,2019-03-14,115629.42
6097,Employee 06097,Finance,Manager,134,2022-06-26,107971.83
6098,Employee 06098,Finance,Associate,99,2015-01-22,179560.68
6099,Employee 06099,Finance,Executive,901,2024-03-12,145722.5
6100,Employee 06100,Procurement,Executive,290,2015-01-29,28640.22
6101,Employee 06101,Logistics,Associate,639,2016-12-27,60405.33
6102,Employee 06102,Operations,Associate,561,2022-09-07,33576.79
6103,Employee 06103,Sales,Associate,189,2019-06-25,60898.81
6104,Employee 06104,Warehouse,Coordinator,83,2022-01-29,24362.71
6105,Employee 06105,Operations,Analyst,846,2021-04-19,79855.17
6106,Employee 06106,Warehouse,Manager,103,2022-02-20,64797.43
6107,Employee 06107,Operations,Manager,292,2017-11-04,106196.85
6108,Employee 06108,Warehouse,Coordinator,41,2020-07-21,50726.41
6109,Employee 06109,Logistics,Supervisor,107,2021-03-27,162586.95
6110,Employee 06110,Sales,Coordinator,254,2017-10-04,65429.53
6111,Employee 06111,Operations,Supervisor,953,2021-02-26,149514.97
6112,Employee 06112,Operations,Executive,782,2015-04-21,158586.86
6113,Employee 06113,Procurement,Associate,372,2016-11-22,22309.67
6114,Employee 06114,Sales,Supervisor,191,2018-06-18,83666.26
6115,Employee 06115,Operations,Associate,357,2021-05-03,177990.16
6116,Employee 06116,Operations,Coordinator,870,2018-05-26,124529.35
6117,Employee 06117,Warehouse,Executive,759,2015-05-07,154531.91
6118,Employee 06118,Operations,Executive,873,2018-03-15,132730.2
6119,Employee 06119,Procurement,Supervisor,70,2015-01-27,30640.97
6120,Employee 06120,Procurement,Associate,720,2015-01-16,165377.82
6121,Employee 06121,Sales,Associate,560,2022-07-08,131302.52
6122,Employee 06122,Warehouse,Associate,819,2020-04-17,66208.44
6123,Employee 06123,Logistics,Analyst,670,2019-08-18,38510.74
6124,Employee 06124,Operations,Analyst,252,2020-06-07,72514.91
6125,Employee 06125,Warehouse,Manager,791,2016-06-23,46843.26
6126,Employee 06126,Warehouse,Analyst,273,2018-02-03,129947.08
6127,Employee 06127,Sales,Executive,25,2021-11-10,98804.29
6128,Employee 06128,Finance,Executive,803,2021-05-21,20868.3
6129,Employee 06129,Logistics,Manager,83,2017-09-25,156607.9
6130,Employee 06130,Operations,Coordinator,652,2021-09-07,54417.68
6131,Employee 06131,Logistics,Executive,522,2023-11-18,98493.6
6132,Employee 06132,Operations,Associate,949,2015-09-25,148622.79
6133,Employee 06133,Logistics,Supervisor,646,2021-11-11,102409.91
6134,Employee 06134,Sales,Analyst,97,2017-08-28,177620.88
6135,Employee 06135,Logistics,Supervisor,912,2023-09-29,176565.68
6136,Employee 06136,Procurement,Associate,622,2015-11-02,96012.89
6137,Employee 06137,Warehouse,Supervisor,717,2024-05-13,24798.49
6138,Employee 06138,Logistics,Associate,546,2016-07-19,21273.81
6139,Employee 06139,Warehouse,Coordinator,326,2016-03-05,134241.2
6140,Employee 06140,Sales,Coordinator,424,2017-09-28,168053.06
6141,Employee 06141,Finance,Manager,32,2018-03-29,155819.07
6142,Employee 06142,Warehouse,Supervisor,520,2020-08-15,156463.9
6143,Employee 06143,Finance,Coordinator,262,2020-03-10,31791.46
6144,Employee 06144,Sales,Manager,864,2015-10-30,177785.83
6145,Employee 06145,Finance,Supervisor,370,2016-10-28,168011.03
6146,Employee 06146,Procurement,Manager,39,2022-06-05,27084.1
6147,Employee 06147,,Executive,439,2019-04-25,114552.62
6148,Employee 06148,Sales,Supervisor,52,2020-04-30,37361.73
6149,Employee 06149,Operations,Executive,900,2019-08-15,86011.04
6150,Employee 06150,Procurement,Analyst,455,2020-09-06,55305.0
6151,Employee 06151,Finance,Coordinator,273,2015-10-23,59895.82
6152,Employee 06152,Operations,Associate,761,2018-04-30,28573.09
6153,Employee 06153,Sales,Executive,581,2019-05-23,94721.29
6154,Employee 06154,Operations,Executive,881,2018-02-20,97290.07
6155,Employee 06155,Finance,Executive,73,2019-07-14,175739.23
6156,Employee 06156,Logistics,Associate,295,2022-05-05,124508.73
6157,Employee 06157,Sales,Coordinator,704,2016-12-11,38425.33
6158,Employee 06158,Logistics,Supervisor,907,2024-03-17,49564.2
6159,Employee 06159,Operations,Manager,797,2022-06-26,122615.23
6160,Employee 06160,Warehouse,Manager,814,2018-12-04,114644.19
6161,Employee 06161,Sales,Executive,152,2022-04-17,176280.94
6162,Employee 06162,Procurement,Analyst,463,2021-09-06,116157.72
6163,Employee 06163,Operations,Manager,191,2022-09-04,49969.6
6164,Employee 06164,Logistics,Analyst,383,2017-02-28,26263.17
6165,Employee 06165,Operations,Coordinator,650,2022-11-09,150338.54
6166,Employee 06166,warehouse,Executive,723,2021-11-21,105778.29
6167,Employee 06167,Finance,Analyst,611,2021-09-14,83463.78
6168,Employee 06168,Procurement,Analyst,606,2016-04-28,160568.99
6169,Employee 06169,Sales,Coordinator,985,2022-11-23,46868.3
6170,Employee 06170,Finance,Supervisor,693,2016-10-28,90166.46
6171,Employee 06171,Logistics,Executive,389,2021-06-15,99620.15
6172,Employee 06172,Operations,Associate,871,2021-05-04,166893.37
6173,Employee 06173,Operations,Coordinator,894,2022-09-19,67380.97
6174,Employee 06174,Warehouse,Executive,156,2022-10-15,100657.12
6175,Employee 06175,Logistics,Associate,245,2015-10-13,106466.11
6176,Employee 06176,Logistics,Analyst,908,2022-09-22,36329.5
6177,Employee 06177,Sales,Associate,816,2016-03-03,143801.45
6178,Employee 06178,Procurement,Manager,481,2019-04-12,86235.06
6179,Employee 06179,Procurement,Manager,208,2019-08-28,87137.69
6180,Employee 06180,Sales,Analyst,363,2020-08-24,124579.74
6181,Employee 06181,Operations,Supervisor,502,2023-03-13,103152.63
6182,Employee 06182,Sales,Coordinator,320,2019-09-05,18067.24
6183,Employee 06183,Finance,Analyst,60,2020-09-24,151879.76
6184,Employee 06184,Procurement,Associate,478,2020-12-07,141595.21
6185,Employee 06185,Procurement,Executive,977,2015-03-31,165908.51
6186,Employee 06186,Procurement,Analyst,307,2022-06-27,-10000.0
6187,Employee 06187,Procurement,Supervisor,137,2023-03-16,0.0
6188,Employee 06188,Sales,Supervisor,408,2015-05-05,54097.12
6189,Employee 06189,Logistics,Analyst,402,2016-02-20,83963.82
6190,Employee 06190,Sales,Supervisor,54,2018-03-01,20930.65
6191,Employee 06191,Logistics,Executive,771,2022-02-04,107200.58
6192,Employee 06192,Finance,Associate,525,2020-03-01,94369.91
6193,Employee 06193,Operations,Coordinator,767,2020-07-02,143790.33
6194,Employee 06194,Warehouse,Executive,111,2015-11-25,27246.4
6195,Employee 06195,Operations,Supervisor,738,2018-09-26,68073.09
6196,Employee 06196,Warehouse,Supervisor,30,2020-04-23,71723.47
6197,Employee 06197,Sales,Analyst,698,2017-04-11,27014.34
6198,Employee 06198,Sales,Executive,117,2022-01-16,151595.44
6199,Employee 06199,Sales,Analyst,762,2020-01-23,131532.53
6200,Employee 06200,Operations,Analyst,346,2021-11-21,140653.71
6201,Employee 06201,Procurement,Analyst,727,2015-03-03,106827.51
6202,Employee 06202,Sales,Executive,496,2021-01-13,33567.64
6203,Employee 06203,Procurement,Manager,26,2023-03-10,120051.82
6204,Employee 06204,Warehouse,Associate,669,2018-05-21,115309.26
6205,Employee 06205,Operations,Executive,545,2015-03-12,171890.77
6206,Employee 06206,Warehouse,Coordinator,304,2016-07-02,47616.14
6207,Employee 06207,Logistics,Associate,18,2016-04-29,126312.71
6208,Employee 06208,Procurement,Associate,448,2018-01-05,27217.07
6209,Employee 06209,Procurement,Executive,663,2022-02-12,148432.05
6210,Employee 06210,Operations,Executive,441,2015-05-05,19392.92
6211,Employee 06211,Logistics,Associate,268,2016-07-29,134195.86
6212,Employee 06212,Procurement,Associate,70,2017-12-18,121960.54
6213,Employee 06213,Sales,Analyst,239,2015-11-13,36605.57
6214,Employee 06214,Sales,Associate,897,2018-08-28,77003.11
6215,Employee 06215,Finance,Executive,732,2023-01-23,77343.82
6216,Employee 06216,Logistics,Supervisor,59,2016-09-13,171139.27
6217,Employee 06217,Sales,Coordinator,709,2018-01-28,93022.24
6218,Employee 06218,Finance,Coordinator,180,2023-12-14,67503.87
6219,Employee 06219,Operations,Manager,20,2019-06-19,64617.23
6220,Employee 06220,Logistics,Executive,333,2019-05-09,89371.69
6221,Employee 06221,Operations,Executive,807,2016-12-26,19546.08
6222,Employee 06222,Procurement,Manager,626,2015-06-11,63235.17
6223,Employee 06223,Operations,Coordinator,853,2024-03-04,69792.59
6224,Employee 06224,Finance,Executive,536,2018-11-26,42596.77
6225,Employee 06225,Logistics,Coordinator,701,2023-01-16,19654.83
6226,Employee 06226,Sales,Executive,770,2022-04-20,161282.51
6227,Employee 06227,Finance,Supervisor,671,2020-08-02,97756.0
6228,Employee 06228,Finance,Associate,139,2018-08-08,158996.0
6229,Employee 06229,Procurement,Manager,810,2016-03-03,176773.31
6230,Employee 06230,,Supervisor,597,2019-08-20,150756.2
6231,Employee 06231,Warehouse,Executive,403,2018-05-03,107411.65
6232,Employee 06232,Operations,Executive,135,2017-10-12,163496.71
6233,Employee 06233,Operations,Coordinator,698,2019-01-09,165652.98
6234,Employee 06234,Sales,Executive,582,2019-06-30,92859.04
6235,Employee 06235,Logistics,Manager,483,2020-04-07,170126.5
6236,Employee 06236,Procurement,Associate,680,2019-12-28,0.0
6237,Employee 06237,Logistics,Manager,744,2017-06-23,167130.99
6238,Employee 06238,Operations,Coordinator,326,2018-10-14,93147.0
6239,Employee 06239,Finance,Analyst,688,2023-10-20,112988.31
6240,Employee 06240,Procurement,Executive,115,2024-03-12,163112.43
6241,Employee 06241,Logistics,Associate,705,2020-06-21,165269.37
6242,Employee 06242,Sales,Associate,717,2016-04-11,127725.59
6243,Employee 06243,Logistics,Associate,884,2016-08-27,29328.37
6244,Employee 06244,Finance,Manager,937,2023-08-10,133406.41
6245,Employee 06245,Logistics,Supervisor,325,2019-07-16,29201.3
6246,Employee 06246,Logistics,Associate,191,2020-06-24,140821.58
6247,Employee 06247,Warehouse,Supervisor,91,2019-03-20,143567.37
6248,Employee 06248,Finance,Supervisor,149,2018-09-25,156192.19
6249,Employee 06249,Logistics,Manager,668,2016-01-16,87275.18
6250,Employee 06250,Warehouse,Executive,592,2015-04-21,162815.67
6251,Employee 06251,Procurement,Associate,300,2022-07-22,176115.86
6252,Employee 06252,Sales,Associate,896,2024-04-22,48880.34
6253,Employee 06253,Finance,Analyst,448,2015-06-09,159848.56
6254,Employee 06254,Logistics,Analyst,528,2024-07-01,71187.1
6255,Employee 06255,Sales,Analyst,746,2019-04-12,88713.71
6256,Employee 06256,Logistics,Executive,450,2020-01-12,32875.2
6257,Employee 06257,Sales,Supervisor,973,2019-03-07,44011.97
6258,Employee 06258,Warehouse,Supervisor,905,2019-07-19,38760.58
6259,Employee 06259,Sales,Supervisor,54,2017-11-07,141209.09
6260,Employee 06260,Procurement,Associate,705,2020-06-13,116770.59
6261,Employee 06261,Logistics,Supervisor,239,2021-08-07,172772.3
6262,Employee 06262,Procurement,Analyst,791,2021-10-12,135400.35
6263,Employee 06263,Procurement,Supervisor,3,2015-01-01,56083.82
6264,Employee 06264,Logistics,Associate,165,2021-05-21,48897.59
6265,Employee 06265,Sales,Coordinator,247,2017-12-25,134838.22
6266,Employee 06266,Logistics,Analyst,272,2021-09-26,103984.82
6267,Employee 06267,Procurement,Manager,743,2018-09-08,137628.68
6268,Employee 06268,Procurement,Supervisor,383,2015-12-16,72116.34
6269,Employee 06269,Operations,Manager,924,2022-07-25,149164.73
6270,Employee 06270,Finance ,Coordinator,140,2020-08-02,23372.01
6271,Employee 06271,Procurement,Executive,240,2021-09-12,106364.4
6272,Employee 06272,Logistics,Executive,572,2018-11-11,33134.2
6273,Employee 06273,Sales,Supervisor,471,2023-09-02,49194.85
6274,Employee 06274,Operations,Associate,630,2016-04-22,67527.91
6275,Employee 06275,Warehouse,Executive,421,2024-07-23,38127.58
6276,Employee 06276,Warehouse ,Analyst,505,2017-05-21,136912.47
6277,Employee 06277,Finance,Executive,776,2016-08-31,86736.74
6278,Employee 06278,Procurement,Supervisor,413,2016-01-21,82977.73
6279,Employee 06279,Warehouse,Coordinator,580,2023-02-02,39771.27
6280,Employee 06280,Logistics,Associate,900,2020-12-18,146500.31
6281,Employee 06281,Logistics,Supervisor,232,2022-11-23,25296.97
6282,Employee 06282,Operations,Coordinator,487,2016-06-22,39507.38
6283,Employee 06283,Sales,Coordinator,544,2022-03-10,147640.78
6284,Employee 06284,Operations,Supervisor,387,2023-10-06,69753.58
6285,Employee 06285,Logistics,Manager,855,2019-02-18,46093.27
6286,Employee 06286,Finance,Coordinator,831,2016-11-13,90190.47
6287,Employee 06287,Warehouse,Manager,327,2016-10-02,80723.25
6288,Employee 06288,Sales,Executive,554,2016-02-27,62216.43
6289,Employee 06289,Operations,Analyst,856,2018-04-17,175276.62
6290,Employee 06290,Sales,Coordinator,367,2015-10-12,75028.9
6291,Employee 06291,Finance,Manager,378,2023-04-03,56596.28
6292,Employee 06292,Finance,Analyst,647,2020-03-08,38745.21
6293,Employee 06293,Finance,Manager,600,2018-10-23,63694.8
6294,Employee 06294,Operations,Manager,11,2020-10-11,49426.64
6295,Employee 06295,Operations,Manager,882,2015-03-01,51057.84
6296,Employee 06296,Finance,Executive,349,2018-03-07,52467.66
6297,Employee 06297,Procurement,Supervisor,321,2016-06-27,42564.4
6298,Employee 06298,Finance,Coordinator,946,2019-12-02,130509.43
6299,Employee 06299,Warehouse,Executive,541,2018-05-28,30495.66
6300,Employee 06300,Warehouse,Executive,321,2017-04-19,119873.79
6301,Employee 06301,Procurement,Supervisor,878,2023-09-05,74158.42
6302,Employee 06302,Procurement,Executive,578,2017-08-06,72502.19
6303,Employee 06303,Finance,Executive,888,2021-06-24,154599.45
6304,Employee 06304,Operations,Associate,255,2019-12-16,92144.86
6305,Employee 06305,Procurement,Supervisor,411,2021-08-07,92548.26
6306,Employee 06306,Sales,Analyst,284,2020-11-19,158092.79
6307,Employee 06307,Warehouse,Supervisor,410,2023-02-23,165509.82
6308,Employee 06308,Logistics,Executive,958,2015-02-23,140981.82
6309,Employee 06309,Finance,Analyst,837,2020-01-26,58355.88
6310,Employee 06310,Finance,Manager,311,2020-10-22,136386.97
6311,Employee 06311,Sales,Manager,763,2023-04-26,52967.02
6312,Employee 06312,Finance,Executive,753,2023-05-03,53497.58
6313,Employee 06313,Sales,Coordinator,391,2015-06-11,94458.0
6314,Employee 06314,Warehouse,Manager,427,2018-02-10,62652.54
6315,Employee 06315,Sales,Manager,628,2020-07-11,138687.7
6316,Employee 06316,Logistics,Analyst,797,2024-01-16,87026.95
6317,Employee 06317,Finance,Associate,618,2020-04-29,171055.58
6318,Employee 06318,Operations,Coordinator,823,2017-07-25,29442.09
6319,Employee 06319,Sales,Coordinator,29,2020-02-02,55873.71
6320,Employee 06320,Operations,Executive,200,2018-03-08,63213.05
6321,Employee 06321,Finance,Executive,600,2021-07-28,170560.65
6322,Employee 06322,Procurement,Associate,44,2019-05-09,20829.99
6323,Employee 06323,Warehouse,Supervisor,588,2020-04-29,28928.15
6324,Employee 06324,Sales,Associate,575,2015-11-29,45394.56
6325,Employee 06325,warehouse,Associate,472,2020-07-22,70443.61
6326,Employee 06326,Logistics,Executive,75,2021-10-19,158959.53
6327,Employee 06327,Finance,Coordinator,162,2018-11-18,116398.19
6328,Employee 06328,Operations,Manager,104,2016-08-14,80245.82
6329,Employee 06329,Warehouse,Supervisor,759,2015-12-27,156252.58
6330,Employee 06330,Sales,Supervisor,782,2021-03-23,142164.01
6331,Employee 06331,Finance,Executive,592,2023-12-18,161787.76
6332,Employee 06332,Finance,Coordinator,921,2016-12-12,131405.54
6333,Employee 06333,Operations,Supervisor,227,2017-11-28,60544.31
6334,Employee 06334,Warehouse,Associate,997,2020-04-18,110371.43
6335,Employee 06335,Logistics,Supervisor,156,2015-05-22,30724.69
6336,Employee 06336,Logistics,Analyst,247,2015-10-05,132487.94
6337,Employee 06337,Warehouse,Supervisor,934,2017-08-03,49257.43
6338,Employee 06338,Sales,Supervisor,141,2023-08-13,18652.85
6339,Employee 06339,Sales,Executive,342,2017-09-23,47441.08
6340,Employee 06340,Warehouse,Supervisor,623,2015-05-20,140308.34
6341,Employee 06341,Finance,Analyst,662,2020-01-01,81692.12
6342,Employee 06342,sales,Coordinator,837,2021-06-04,101397.28
6343,Employee 06343,Logistics,Manager,60,2019-05-13,133803.26
6344,Employee 06344,Procurement,Manager,942,2020-03-20,135920.6
6345,Employee 06345,Warehouse,Coordinator,813,2023-05-05,86896.37
6346,Employee 06346,Sales,Associate,377,2017-05-24,91558.1
6347,Employee 06347,Operations,Analyst,591,2018-05-07,68403.45
6348,Employee 06348,Sales,Analyst,370,2023-09-01,145207.68
6349,Employee 06349,operations,Manager,160,2022-07-17,86089.78
6350,Employee 06350,Finance,Analyst,828,2023-11-04,86326.17
6351,Employee 06351,Warehouse,Analyst,456,2015-07-22,67293.92
6352,Employee 06352,Sales,Manager,903,2022-01-16,132048.69
6353,Employee 06353,Sales,Coordinator,245,2018-11-05,108533.81
6354,Employee 06354,Procurement,Manager,41,2015-06-07,175958.0
6355,Employee 06355,Logistics,Associate,333,2022-09-11,120360.24
6356,Employee 06356,Sales,Supervisor,345,2022-11-07,92893.66
6357,Employee 06357,Procurement,Analyst,765,2020-10-25,174356.63
6358,Employee 06358,Logistics,Associate,250,2023-06-26,108961.94
6359,Employee 06359,Logistics,Supervisor,18,2016-06-17,160964.63
6360,Employee 06360,Sales,Manager,409,2016-07-19,152766.18
6361,Employee 06361,Finance,Analyst,297,2020-04-11,172876.45
6362,Employee 06362,Operations,Manager,528,2018-10-28,149722.89
6363,Employee 06363,Sales,Supervisor,363,2020-07-08,132927.05
6364,Employee 06364,Warehouse,Manager,637,2018-03-12,147855.39
6365,Employee 06365,Sales,Associate,492,2017-06-20,122616.04
6366,Employee 06366,Warehouse,Coordinator,904,2017-09-01,80357.25
6367,Employee 06367,Operations,Associate,497,2016-12-08,45093.38
6368,Employee 06368,Sales,Supervisor,849,2015-10-20,119315.38
6369,Employee 06369,Sales,Manager,202,2018-06-17,33577.61
6370,Employee 06370,Warehouse,Associate,122,2015-02-16,101545.51
6371,Employee 06371,Operations,Associate,809,2015-08-16,87564.18
6372,Employee 06372,Procurement,Associate,303,2022-04-14,151906.0
6373,Employee 06373,Sales,Coordinator,698,2023-05-01,84534.47
6374,Employee 06374,Procurement,Coordinator,240,2021-07-25,62682.3
6375,Employee 06375,Logistics,Analyst,811,2017-07-11,53192.19
6376,Employee 06376,Finance,Associate,875,2020-12-20,139191.51
6377,Employee 06377,Sales,Associate,566,2019-08-18,174123.92
6378,Employee 06378,Procurement,Coordinator,542,2017-10-14,134380.89
6379,Employee 06379,Procurement,Associate,473,2019-09-07,75460.72
6380,Employee 06380,Logistics,Supervisor,190,2023-04-18,152500.4
6381,Employee 06381,Procurement,Executive,123,2017-02-21,162508.57
6382,Employee 06382,Warehouse,Supervisor,641,2017-05-13,148634.91
6383,Employee 06383,Logistics,Associate,401,2018-03-25,179756.37
6384,Employee 06384,Procurement,Manager,664,2020-07-04,167249.53
6385,Employee 06385,Finance,Coordinator,947,2022-03-24,141088.19
6386,Employee 06386,Logistics,Supervisor,419,2019-12-30,141190.57
6387,Employee 06387,Logistics,Executive,409,2021-02-16,81513.13
6388,Employee 06388,Warehouse,Supervisor,145,2021-05-02,90945.65
6389,Employee 06389,Finance,Analyst,65,2019-04-18,22144.26
6390,Employee 06390,Sales,Manager,70,2017-07-09,93339.32
6391,Employee 06391,Warehouse,Manager,745,2020-11-06,137002.07
6392,Employee 06392,Finance,Supervisor,730,2022-11-17,39097.5
6393,Employee 06393,Logistics,Supervisor,424,2022-07-15,88124.78
6394,Employee 06394,Logistics,Supervisor,411,2019-11-01,58164.03
6395,Employee 06395,Sales,Supervisor,729,2023-08-06,165277.56
6396,Employee 06396,Finance,Manager,424,2023-12-14,25106.12
6397,Employee 06397,Finance,Analyst,316,2016-01-08,66475.09
6398,Employee 06398,procurement,Analyst,649,2021-10-07,114858.76
6399,Employee 06399,Sales,Supervisor,910,2017-07-02,70842.5
6400,Employee 06400,Finance,Associate,646,2021-04-05,146211.87
6401,Employee 06401,Logistics,Supervisor,357,2021-07-24,146153.08
6402,Employee 06402,Operations,Supervisor,853,2019-05-20,96900.75
6403,Employee 06403,Sales,Coordinator,912,2017-01-07,97073.14
6404,Employee 06404,Finance,Executive,12,2024-04-17,140133.87
6405,Employee 06405,Sales,Associate,880,2023-09-22,53464.91
6406,Employee 06406,Sales,Supervisor,325,2016-05-17,152395.05
6407,Employee 06407,Sales,Manager,952,2022-10-17,148443.1
6408,Employee 06408,Finance,Coordinator,732,2015-05-05,128430.73
6409,Employee 06409,Warehouse,Executive,125,2023-06-28,130505.68
6410,Employee 06410,Logistics,Manager,717,2023-04-04,75275.55
6411,Employee 06411,Logistics,Associate,666,2021-12-03,159664.19
6412,Employee 06412,operations,Supervisor,651,2022-02-04,111792.55
6413,Employee 06413,,Manager,901,2022-08-30,45155.12
6414,Employee 06414,Finance,Supervisor,633,2018-06-02,166325.27
6415,Employee 06415,Logistics,Associate,55,2022-09-24,34115.7
6416,Employee 06416,Warehouse,Analyst,252,2019-07-24,121829.38
6417,Employee 06417,Finance,Executive,300,2015-06-06,132808.09
6418,Employee 06418,Logistics,Coordinator,516,2018-03-01,26349.13
6419,Employee 06419,Procurement,Analyst,238,2022-06-14,145360.21
6420,Employee 06420,Operations,Coordinator,413,2016-08-22,131552.15
6421,Employee 06421,Finance,Coordinator,348,2021-11-03,126903.11
6422,Employee 06422,Logistics,Manager,25,2021-09-03,158629.57
6423,Employee 06423,Procurement,Executive,65,2021-01-31,57254.17
6424,Employee 06424,Warehouse,Coordinator,938,2023-08-10,56711.35
6425,Employee 06425,Finance,Manager,83,2017-06-11,68274.86
6426,Employee 06426,Logistics,Executive,608,2024-04-27,109529.94
6427,Employee 06427,Finance,Executive,343,2022-11-11,61500.52
6428,Employee 06428,Finance,Analyst,484,2016-06-22,45415.42
6429,Employee 06429,Finance,Associate,621,2022-06-29,37314.98
6430,Employee 06430,Logistics,Analyst,43,2015-03-01,103079.59
6431,Employee 06431,Logistics,Manager,944,2022-02-23,50085.35
6432,Employee 06432,Procurement,Executive,60,2015-07-30,22379.49
6433,Employee 06433,Warehouse,Supervisor,462,2019-04-18,78955.11
6434,Employee 06434,Finance,Analyst,653,2024-07-05,177438.0
6435,Employee 06435,Logistics,Executive,751,2021-03-06,64025.97
6436,Employee 06436,Sales,Manager,117,2023-05-10,159275.93
6437,Employee 06437,Warehouse,Coordinator,772,2017-03-28,68754.41
6438,Employee 06438,Logistics,Associate,935,2023-06-22,137464.46
6439,Employee 06439,Operations,Associate,428,2024-05-22,78291.12
6440,Employee 06440,Warehouse,Coordinator,55,2017-08-20,102643.8
6441,Employee 06441,Sales,Supervisor,161,2020-07-19,22625.22
6442,Employee 06442,Sales,Manager,980,2018-11-18,53645.48
6443,Employee 06443,Finance,Executive,358,2022-06-23,177145.67
6444,Employee 06444,Sales,Manager,549,2022-01-19,93977.11
6445,Employee 06445,Logistics,Coordinator,121,2019-08-13,98730.63
6446,Employee 06446,Finance,Analyst,615,2022-04-26,175522.31
6447,Employee 06447,Operations,Analyst,140,2023-10-11,84034.5
6448,Employee 06448,Operations,Executive,149,2022-02-03,154343.03
6449,Employee 06449,Finance,Analyst,950,2017-11-27,135404.8
6450,Employee 06450,Operations,Analyst,392,2019-03-01,70264.09
6451,Employee 06451,Operations,Executive,777,2015-04-06,38300.48
6452,Employee 06452,Finance,Executive,115,2020-03-21,21376.95
6453,Employee 06453,Procurement,Coordinator,887,2016-07-14,88732.15
6454,Employee 06454,Operations,Executive,532,2023-01-22,32079.55
6455,Employee 06455,Logistics,Manager,80,2023-04-03,144825.4
6456,Employee 06456,Sales,Coordinator,606,2016-11-08,26558.45
6457,Employee 06457,Finance,Analyst,179,2018-12-31,110742.33
6458,Employee 06458,Operations,Coordinator,460,2021-05-23,65817.02
6459,Employee 06459,Warehouse,Analyst,991,2024-06-10,49898.21
6460,Employee 06460,Warehouse,Executive,428,2017-04-04,116698.56
6461,Employee 06461,Finance,Coordinator,333,2023-02-13,130721.91
6462,Employee 06462,Finance,Executive,607,2015-05-26,65206.57
6463,Employee 06463,Operations,Analyst,112,2020-06-06,36657.88
6464,Employee 06464,Sales,Coordinator,452,2017-09-04,81560.06
6465,Employee 06465,Logistics,Coordinator,873,2023-10-13,175378.07
6466,Employee 06466,Procurement,Executive,438,2017-10-25,122351.71
6467,Employee 06467,Logistics,Executive,308,2016-03-14,22156.56
6468,Employee 06468,Warehouse,Coordinator,409,2023-04-25,36445.28
6469,Employee 06469,Finance,Analyst,539,2021-02-07,62239.86
6470,Employee 06470,Sales,Supervisor,521,2023-12-15,109000.48
6471,Employee 06471,Finance,Supervisor,706,2023-09-04,79568.17
6472,Employee 06472,Warehouse,Analyst,703,2020-10-06,68956.27
6473,Employee 06473,Logistics,Supervisor,878,2015-12-24,44707.48
6474,Employee 06474,Logistics,Manager,482,2021-08-18,112965.44
6475,Employee 06475,Finance,Supervisor,41,2024-03-02,108938.6
6476,Employee 06476,Operations,Manager,595,2015-07-10,71659.06
6477,Employee 06477,Finance,Associate,953,2015-12-10,140659.95
6478,Employee 06478,,Analyst,684,2022-03-30,172939.12
6479,Employee 06479,Logistics,Analyst,413,2020-02-23,58279.11
6480,Employee 06480,Procurement,Executive,599,2017-08-23,65008.24
6481,Employee 06481,Sales,Supervisor,120,2020-01-21,127185.01
6482,Employee 06482,Procurement,Manager,740,2017-10-15,48907.34
6483,Employee 06483,Sales,Manager,847,2023-12-20,155138.5
6484,Employee 06484,Logistics,Associate,117,2017-09-20,163645.52
6485,Employee 06485,Procurement,Associate,587,2021-04-15,111654.73
6486,Employee 06486,Logistics,Manager,633,2015-04-25,126757.42
6487,Employee 06487,Logistics,Executive,209,2017-05-15,163612.34
6488,Employee 06488,Finance,Executive,17,2017-06-14,25414.23
6489,Employee 06489,Procurement,Associate,174,2020-08-11,178884.03
6490,Employee 06490,Sales,Analyst,302,2023-08-28,149380.2
6491,Employee 06491,Procurement,Analyst,806,2021-05-20,160796.39
6492,Employee 06492,Sales,Coordinator,300,2020-06-21,149541.47
6493,Employee 06493,Warehouse,Manager,145,2020-06-27,26947.01
6494,Employee 06494,Finance,Manager,412,2023-09-08,89428.95
6495,Employee 06495,Logistics,Coordinator,61,2023-06-10,104254.54
6496,Employee 06496,Operations,Manager,342,2018-06-08,122478.54
6497,Employee 06497,Logistics,Manager,363,2023-07-20,148309.11
6498,Employee 06498,Operations,Manager,705,2018-08-11,0.0
6499,Employee 06499,Sales,Supervisor,802,2022-01-12,109205.43
6500,Employee 06500,Warehouse,Executive,344,2016-11-13,49659.71
6501,Employee 06501,Finance,Coordinator,456,2024-03-03,29098.39
6502,Employee 06502,Warehouse,Coordinator,390,2018-04-09,123507.61
6503,Employee 06503,Procurement,Coordinator,608,2024-03-24,52585.09
6504,Employee 06504,Operations,Supervisor,197,2020-06-07,19663.27
6505,Employee 06505,Procurement,Associate,307,2023-06-16,94653.55
6506,Employee 06506,Sales,Analyst,27,2017-01-15,124349.19
6507,Employee 06507,Operations,Coordinator,601,2020-09-04,108611.91
6508,Employee 06508,Sales,Analyst,835,2016-06-27,146331.53
6509,Employee 06509,Finance,Coordinator,169,2016-07-03,116832.12
6510,Employee 06510,Procurement,Coordinator,265,2018-03-08,157230.62
6511,Employee 06511,Procurement,Coordinator,332,2018-08-05,23026.35
6512,Employee 06512,Sales,Supervisor,482,2023-08-15,128479.91
6513,Employee 06513,Procurement,Analyst,794,2022-05-06,82178.72
6514,Employee 06514,Warehouse,Coordinator,354,2015-05-27,162417.28
6515,Employee 06515,Sales,Coordinator,394,2021-12-23,100569.5
6516,Employee 06516,Procurement,Supervisor,875,2015-05-18,152120.41
6517,Employee 06517,Logistics,Coordinator,658,2021-03-28,135399.23
6518,Employee 06518,Warehouse,Coordinator,480,2017-05-20,57329.92
6519,Employee 06519,Sales,Associate,124,2023-03-21,82869.2
6520,Employee 06520,Finance,Coordinator,651,2020-01-04,119823.4
6521,Employee 06521,Finance,Executive,200,2016-03-05,130909.7
6522,Employee 06522,Logistics,Analyst,58,2017-01-18,111599.64
6523,Employee 06523,Finance,Coordinator,908,2023-11-24,98362.98
6524,Employee 06524,Operations,Supervisor,683,2017-10-14,23178.23
6525,Employee 06525,Sales,Manager,838,2024-04-27,159145.94
6526,Employee 06526,Sales,Manager,309,2024-03-19,131940.19
6527,Employee 06527,Procurement,Analyst,778,2022-04-25,57461.99
6528,Employee 06528,Warehouse,Associate,971,2021-06-14,69132.8
6529,Employee 06529,Logistics,Supervisor,695,2015-11-25,154798.98
6530,Employee 06530,Finance,Analyst,4,2017-11-15,99799.56
6531,Employee 06531,Operations,Associate,184,2016-11-17,112208.27
6532,Employee 06532,Warehouse,Executive,377,2023-05-09,70147.34
6533,Employee 06533,Warehouse,Associate,180,2024-07-17,90635.69
6534,Employee 06534,Procurement,Supervisor,682,2023-05-12,119097.76
6535,Employee 06535,Operations,Executive,420,2023-09-18,22069.44
6536,Employee 06536,Warehouse,Associate,628,2018-12-24,84588.33
6537,Employee 06537,Operations,Supervisor,896,2020-06-11,160759.22
6538,Employee 06538,Finance,Supervisor,71,2015-08-08,24904.57
6539,Employee 06539,Finance,Manager,144,2017-12-12,42674.87
6540,Employee 06540,Logistics,Executive,324,2022-10-07,102213.6
6541,Employee 06541,Logistics,Associate,865,2022-12-27,44056.15
6542,Employee 06542,Finance,Coordinator,861,2019-12-07,91608.05
6543,Employee 06543,Procurement,Associate,920,2020-11-02,29221.21
6544,Employee 06544,Finance,Coordinator,676,2021-09-02,106373.22
6545,Employee 06545,Warehouse,Executive,512,2015-09-18,59517.46
6546,Employee 06546,Logistics,Executive,949,2020-05-30,35493.75
6547,Employee 06547,Finance,Analyst,847,2020-07-20,172141.52
6548,Employee 06548,,Analyst,749,2020-07-21,141716.62
6549,Employee 06549,Finance,Supervisor,188,2020-04-20,135060.97
6550,Employee 06550,Logistics,Supervisor,209,2020-09-18,83501.68
6551,Employee 06551,Finance,Associate,741,2023-02-25,83472.32
6552,Employee 06552,Warehouse,Executive,740,2023-11-26,173164.54
6553,Employee 06553,Logistics,Manager,208,2022-10-14,49059.05
6554,Employee 06554,Logistics,Analyst,991,2022-10-08,66174.48
6555,Employee 06555,Procurement,Coordinator,556,2022-02-25,150960.87
6556,Employee 06556,Operations,Coordinator,299,2021-08-10,22856.98
6557,Employee 06557,Finance,Analyst,295,2023-01-25,116380.31
6558,Employee 06558,Logistics,Analyst,901,2016-08-16,95206.27
6559,Employee 06559,Warehouse,Analyst,158,2023-04-06,122369.62
6560,Employee 06560,Procurement,Associate,968,2020-08-28,135384.4
6561,Employee 06561,Finance,Associate,446,2017-12-01,136204.53
6562,Employee 06562,Warehouse,Executive,892,2020-11-21,141580.64
6563,Employee 06563,warehouse,Manager,579,2017-03-21,116875.53
6564,Employee 06564,Finance,Analyst,870,2016-04-06,110719.98
6565,Employee 06565,Sales,Coordinator,536,2023-06-20,122810.57
6566,Employee 06566,Sales,Supervisor,12,2023-07-31,45804.25
6567,Employee 06567,Operations,Executive,342,2018-12-27,104444.71
6568,Employee 06568,Sales,Coordinator,826,2021-01-20,22949.67
6569,Employee 06569,Logistics,Executive,593,2021-05-09,92769.7
6570,Employee 06570,Operations,Supervisor,66,2017-06-24,140026.55
6571,Employee 06571,Procurement,Coordinator,917,2021-11-20,51502.61
6572,Employee 06572,Procurement,Manager,379,2015-12-31,102241.54
6573,Employee 06573,Logistics,Coordinator,214,2018-10-28,109939.87
6574,Employee 06574,Warehouse,Analyst,536,2022-02-15,135846.73
6575,Employee 06575,Operations,Coordinator,927,2016-02-29,146891.75
6576,Employee 06576,Sales,Coordinator,749,2024-05-28,124035.14
6577,Employee 06577,Procurement,Supervisor,551,2022-02-19,43552.67
6578,Employee 06578,Warehouse,Executive,766,2019-07-05,176259.54
6579,Employee 06579,Logistics,Manager,426,2023-08-01,32324.0
6580,Employee 06580,Logistics,Associate,939,2016-07-11,103762.0
6581,Employee 06581,Sales,Supervisor,697,2023-10-28,102354.45
6582,Employee 06582,Operations,Analyst,60,2020-04-26,102469.4
6583,Employee 06583,Operations,Executive,920,2024-01-06,112361.69
6584,Employee 06584,Procurement,Associate,900,2018-09-15,103039.9
6585,Employee 06585,Warehouse,Associate,347,2016-06-28,0.0
6586,Employee 06586,Logistics,Analyst,4,2023-02-23,22702.94
6587,Employee 06587,Warehouse,Manager,326,2020-11-15,26606.85
6588,Employee 06588,Warehouse,Analyst,265,2020-09-20,53776.2
6589,Employee 06589,logistics,Coordinator,517,2022-03-27,44851.66
6590,Employee 06590,Finance,Executive,472,2020-01-18,85037.89
6591,Employee 06591,Finance,Manager,182,2024-03-14,136426.39
6592,Employee 06592,Finance,Coordinator,517,2018-04-29,79798.96
6593,Employee 06593,Operations,Coordinator,969,2017-11-02,127196.84
6594,Employee 06594,Warehouse,Manager,912,2023-12-18,61294.87
6595,Employee 06595,Procurement,Associate,140,2017-12-12,123798.76
6596,Employee 06596,Finance,Associate,95,2016-07-14,125007.36
6597,Employee 06597,Procurement,Coordinator,389,2020-05-26,131485.86
6598,Employee 06598,Warehouse,Manager,66,2023-07-13,132792.02
6599,Employee 06599,Operations,Executive,162,2016-04-09,130185.92
6600,Employee 06600,Warehouse,Executive,421,2016-08-08,118259.38
6601,Employee 06601,,Manager,252,2018-10-31,50630.43
6602,Employee 06602,Sales,Manager,114,2019-11-14,141693.69
6603,Employee 06603,Sales,Analyst,226,2018-05-25,132232.61
6604,Employee 06604,Operations,Analyst,772,2020-03-06,104890.02
6605,Employee 06605,Procurement,Analyst,381,2022-12-15,72865.95
6606,Employee 06606,Operations,Manager,437,2022-06-23,87973.01
6607,Employee 06607,Procurement,Associate,880,2019-07-08,57402.72
6608,Employee 06608,Procurement,Manager,801,2024-05-11,115578.57
6609,Employee 06609,Procurement,Executive,956,2016-07-13,164421.28
6610,Employee 06610,Warehouse,Executive,12,2019-01-25,81254.98
6611,Employee 06611,Sales,Coordinator,371,2022-01-28,174957.02
6612,Employee 06612,Operations,Associate,749,2019-03-25,124569.12
6613,Employee 06613,Logistics,Coordinator,899,2021-05-19,158592.83
6614,Employee 06614,Warehouse,Manager,496,2022-10-26,159374.42
6615,Employee 06615,Procurement ,Associate,724,2023-02-28,179859.22
6616,Employee 06616,Procurement,Coordinator,862,2023-09-18,116702.6
6617,Employee 06617,Operations,Manager,435,2016-02-21,128273.02
6618,Employee 06618,Finance,Manager,618,2020-12-20,53599.88
6619,Employee 06619,Operations,Analyst,206,2019-07-26,139983.02
6620,Employee 06620,Operations,Associate,156,2016-08-04,87497.36
6621,Employee 06621,Finance,Executive,369,2019-06-29,53328.13
6622,Employee 06622,Operations,Manager,297,2022-08-12,107419.09
6623,Employee 06623,Warehouse,Coordinator,463,2019-01-23,19926.7
6624,Employee 06624,Operations,Analyst,534,2024-04-22,125683.28
6625,Employee 06625,Warehouse,Executive,700,2024-02-25,46023.84
6626,Employee 06626,Sales,Supervisor,985,2022-04-05,152752.28
6627,Employee 06627,Procurement,Manager,184,2021-09-28,173882.2
6628,Employee 06628,Logistics,Coordinator,493,2015-11-12,-10000.0
6629,Employee 06629,Operations,Associate,680,2021-08-27,147123.53
6630,Employee 06630,Sales,Supervisor,672,2015-04-30,62736.29
6631,Employee 06631,Operations,Associate,38,2019-02-18,26509.24
6632,Employee 06632,Warehouse,Coordinator,713,2023-03-10,50020.49
6633,Employee 06633,Sales,Executive,378,2020-12-07,78876.77
6634,Employee 06634,Logistics,Associate,274,2023-05-24,-10000.0
6635,Employee 06635,Finance,Associate,806,2023-04-06,50507.71
6636,Employee 06636,Operations,Manager,627,2015-05-19,44172.4
6637,Employee 06637,Sales,Executive,481,2015-09-04,87767.02
6638,Employee 06638,Sales,Supervisor,453,2020-07-10,49576.77
6639,Employee 06639,Warehouse,Supervisor,519,2015-08-23,118443.14
6640,Employee 06640,Procurement,Associate,359,2019-03-14,0.0
6641,Employee 06641,Finance,Analyst,504,2021-04-26,42249.73
6642,Employee 06642,Procurement,Analyst,798,2017-01-09,174698.19
6643,Employee 06643,Warehouse,Associate,71,2015-10-16,50450.8
6644,Employee 06644,Sales,Manager,779,2019-09-11,145542.94
6645,Employee 06645,Warehouse,Executive,239,2018-01-24,54804.77
6646,Employee 06646,Procurement,Supervisor,892,2023-10-25,101403.3
6647,Employee 06647,Logistics,Executive,323,2016-11-10,27615.05
6648,Employee 06648,Operations,Associate,144,2015-10-14,40641.15
6649,Employee 06649,Finance,Coordinator,428,2020-05-01,-10000.0
6650,Employee 06650,Operations,Supervisor,348,2021-06-17,34626.7
6651,Employee 06651,Logistics,Manager,672,2024-05-28,29436.41
6652,Employee 06652,Warehouse,Supervisor,260,2015-06-01,46222.51
6653,Employee 06653,Logistics,Executive,294,2023-12-22,47552.23
6654,Employee 06654,Finance,Manager,859,2023-07-08,160683.06
6655,Employee 06655,Warehouse,Executive,217,2015-05-05,143743.37
6656,Employee 06656,Warehouse ,Analyst,979,2015-02-27,63909.68
6657,Employee 06657,Sales,Analyst,930,2023-08-12,21734.51
6658,Employee 06658,Procurement,Analyst,593,2021-09-27,49331.56
6659,Employee 06659,Procurement,Supervisor,787,2021-09-04,175666.87
6660,Employee 06660,Warehouse,Coordinator,468,2019-04-16,61057.07
6661,Employee 06661,Logistics,Analyst,440,2020-02-18,114666.53
6662,Employee 06662,Sales,Manager,721,2020-09-17,107007.93
6663,Employee 06663,Finance,Coordinator,17,2024-07-24,60511.68
6664,Employee 06664,Sales,Manager,312,2022-08-19,120712.39
6665,Employee 06665,Warehouse,Executive,472,2016-09-29,32052.51
6666,Employee 06666,Operations,Manager,201,2020-05-19,18177.38
6667,Employee 06667,Warehouse,Analyst,999,2020-08-31,45771.87
6668,Employee 06668,Procurement,Analyst,932,2020-10-04,81567.05
6669,Employee 06669,Warehouse,Analyst,164,2016-07-24,164253.73
6670,Employee 06670,Finance,Executive,114,2023-07-14,18267.4
6671,Employee 06671,Warehouse,Manager,129,2016-04-18,40088.46
6672,Employee 06672,Finance,Associate,558,2024-07-07,42941.19
6673,Employee 06673,Procurement,Manager,761,2016-08-26,101991.43
6674,Employee 06674,Procurement,Manager,384,2020-12-27,161073.55
6675,Employee 06675,Sales,Associate,64,2021-11-06,128734.6
6676,Employee 06676,Finance,Analyst,19,2020-09-14,110160.22
6677,Employee 06677,Operations,Executive,936,2019-06-24,114794.76
6678,Employee 06678,Finance,Manager,169,2022-05-15,29529.42
6679,Employee 06679,Finance,Coordinator,365,2018-11-28,64234.4
6680,Employee 06680,Procurement,Manager,780,2015-01-05,153894.2
6681,Employee 06681,Finance,Associate,281,2024-04-27,22307.44
6682,Employee 06682,Operations,Coordinator,175,2020-05-01,102752.74
6683,Employee 06683,Sales,Manager,895,2022-03-24,51657.74
6684,Employee 06684,Finance ,Manager,199,2019-09-14,133313.37
6685,Employee 06685,Procurement,Manager,50,2019-10-08,107797.39
6686,Employee 06686,Logistics,Executive,147,2016-10-18,37114.2
6687,Employee 06687,Logistics,Associate,17,2018-02-25,106594.31
6688,Employee 06688,Finance,Coordinator,906,2015-04-19,76499.96
6689,Employee 06689,Warehouse,Analyst,80,2020-09-03,65338.22
6690,Employee 06690,Warehouse,Coordinator,461,2021-01-22,136438.75
6691,Employee 06691,Logistics,Coordinator,561,2023-07-15,20824.14
6692,Employee 06692,Logistics,Coordinator,770,2019-07-04,116500.89
6693,Employee 06693,Sales,Executive,543,2016-05-23,112843.0
6694,Employee 06694,Warehouse,Manager,20,2023-09-13,51146.26
6695,Employee 06695,Sales,Coordinator,904,2019-07-13,27291.36
6696,Employee 06696,Finance,Associate,1,2021-02-27,131124.42
6697,Employee 06697,Logistics,Supervisor,597,2018-11-16,105812.31
6698,Employee 06698,Operations,Coordinator,313,2017-10-13,33526.48
6699,Employee 06699,Procurement,Analyst,380,2024-06-17,176432.18
6700,Employee 06700,Warehouse,Associate,52,2016-03-15,73113.02
6701,Employee 06701,operations,Supervisor,101,2021-04-02,138648.12
6702,Employee 06702,Logistics,Supervisor,473,2022-07-09,157092.52
6703,Employee 06703,Logistics,Supervisor,854,2023-02-01,51042.52
6704,Employee 06704,Operations,Manager,433,2019-04-06,140988.53
6705,Employee 06705,Warehouse,Manager,837,2017-12-05,124578.02
6706,Employee 06706,Logistics,Supervisor,583,2018-11-13,54249.29
6707,Employee 06707,Sales,Coordinator,499,2015-12-25,170176.88
6708,Employee 06708,Warehouse,Coordinator,879,2022-12-30,36809.71
6709,Employee 06709,Procurement,Supervisor,353,2017-02-27,124603.71
6710,Employee 06710,Finance,Associate,925,2017-03-23,131212.91
6711,Employee 06711,Sales,Coordinator,744,2023-03-02,167158.98
6712,Employee 06712,Finance,Manager,990,2023-11-30,125673.79
6713,Employee 06713,Sales,Coordinator,85,2020-12-19,155419.6
6714,Employee 06714,Finance,Executive,213,2018-07-27,172206.09
6715,Employee 06715,Finance,Associate,424,2020-03-07,66407.39
6716,Employee 06716,Warehouse,Associate,365,2015-11-15,48330.43
6717,Employee 06717,Sales,Associate,662,2023-04-02,100896.01
6718,Employee 06718,Warehouse,Executive,662,2020-08-18,94714.7
6719,Employee 06719,Logistics,Executive,426,2024-04-19,36720.07
6720,Employee 06720,Operations,Coordinator,924,2021-05-17,24380.76
6721,Employee 06721,Logistics,Coordinator,701,2019-09-15,54551.36
6722,Employee 06722,Finance,Supervisor,823,2023-01-22,86180.24
6723,Employee 06723,Procurement,Manager,789,2019-08-10,134139.4
6724,Employee 06724,Logistics,Analyst,993,2023-04-03,62772.58
6725,Employee 06725,Finance,Coordinator,543,2017-12-11,98616.5
6726,Employee 06726,Logistics,Supervisor,423,2022-05-24,85145.52
6727,Employee 06727,Sales,Executive,940,2021-11-08,45873.98
6728,Employee 06728,Warehouse,Executive,104,2019-10-08,130955.77
6729,Employee 06729,Logistics,Analyst,48,2015-09-01,113766.91
6730,Employee 06730,Logistics,Manager,275,2017-07-01,137313.17
6731,Employee 06731,Sales,Coordinator,47,2015-04-02,31878.31
6732,Employee 06732,Logistics,Supervisor,413,2023-11-27,90566.55
6733,Employee 06733,Warehouse,Executive,802,2023-12-17,120319.3
6734,Employee 06734,Operations,Analyst,513,2023-02-06,62689.53
6735,Employee 06735,Sales,Analyst,145,2018-05-20,125424.73
6736,Employee 06736,Operations,Manager,685,2021-11-06,49685.72
6737,Employee 06737,,Analyst,606,2018-04-23,53994.61
6738,Employee 06738,Sales,Analyst,611,2020-06-26,101901.47
6739,Employee 06739,Operations,Supervisor,627,2015-10-11,139020.42
6740,Employee 06740,Warehouse,Associate,463,2023-06-21,153859.31
6741,Employee 06741,Operations,Coordinator,652,2023-02-26,41881.18
6742,Employee 06742,Logistics,Coordinator,247,2023-07-28,85467.08
6743,Employee 06743,Warehouse,Analyst,145,2022-11-24,72174.83
6744,Employee 06744,Logistics,Analyst,279,2020-06-21,98093.02
6745,Employee 06745,Sales,Manager,637,2020-01-26,99899.52
6746,Employee 06746,Warehouse,Analyst,504,2016-06-02,50845.9
6747,Employee 06747,Sales,Supervisor,445,2021-04-15,65131.36
6748,Employee 06748,Sales,Executive,508,2022-10-04,46950.93
6749,Employee 06749,Sales,Executive,892,2018-01-18,58864.78
6750,Employee 06750,Procurement,Analyst,458,2020-06-21,74167.84
6751,Employee 06751,Operations,Coordinator,879,2023-06-28,57736.24
6752,Employee 06752,Sales,Supervisor,287,2021-08-07,99421.55
6753,Employee 06753,Operations,Analyst,270,2017-09-20,135166.43
6754,Employee 06754,Sales,Associate,721,2020-05-30,127188.45
6755,Employee 06755,Procurement,Manager,238,2024-04-05,87253.04
6756,Employee 06756,Finance,Executive,334,2024-03-10,61496.24
6757,Employee 06757,Logistics,Executive,303,2023-10-12,65958.19
6758,Employee 06758,Logistics,Supervisor,826,2021-06-16,125775.21
6759,Employee 06759,Finance,Coordinator,951,2021-04-19,159710.12
6760,Employee 06760,Logistics,Supervisor,9,2024-07-25,76847.34
6761,Employee 06761,Procurement,Associate,649,2022-02-11,61744.37
6762,Employee 06762,Procurement,Analyst,37,2023-08-28,175516.06
6763,Employee 06763,Sales,Executive,807,2021-11-02,92536.41
6764,Employee 06764,Finance,Supervisor,306,2019-02-18,78754.51
6765,Employee 06765,Sales,Supervisor,741,2017-05-27,74005.66
6766,Employee 06766,Finance,Executive,10,2017-01-09,116892.73
6767,Employee 06767,Finance,Supervisor,518,2016-02-24,60299.48
6768,Employee 06768,Finance,Manager,402,2023-05-09,42246.43
6769,Employee 06769,Warehouse,Coordinator,911,2016-01-10,143747.42
6770,Employee 06770,Sales,Supervisor,294,2021-05-15,167751.48
6771,Employee 06771,Warehouse,Manager,489,2015-08-11,175811.28
6772,Employee 06772,Finance,Analyst,638,2020-04-01,168794.66
6773,Employee 06773,Procurement,Associate,961,2018-03-03,177085.49
6774,Employee 06774,Procurement,Associate,749,2021-03-27,37302.75
6775,Employee 06775,Logistics,Executive,468,2017-04-25,89413.54
6776,Employee 06776,Logistics,Supervisor,540,2015-01-20,151489.9
6777,Employee 06777,Procurement,Supervisor,635,2021-07-07,72612.7
6778,Employee 06778,Procurement,Manager,703,2023-10-12,82203.55
6779,Employee 06779,Sales,Analyst,259,2023-05-26,62111.34
6780,Employee 06780,Warehouse,Supervisor,669,2021-05-07,107323.06
6781,Employee 06781,Operations,Associate,854,2016-03-28,34870.99
6782,Employee 06782,Logistics,Supervisor,727,2024-03-03,35819.91
6783,Employee 06783,Warehouse,Coordinator,94,2023-04-18,31473.7
6784,Employee 06784,Sales,Analyst,239,2020-08-03,29927.82
6785,Employee 06785,Procurement,Executive,872,2015-09-09,179009.47
6786,Employee 06786,Warehouse,Manager,875,2019-08-25,20830.48
6787,Employee 06787,Logistics,Executive,524,2020-01-21,172193.0
6788,Employee 06788,Logistics,Supervisor,919,2020-01-25,103569.32
6789,Employee 06789,Warehouse,Manager,936,2024-02-26,146605.56
6790,Employee 06790,Sales,Manager,828,2016-05-10,65027.76
6791,Employee 06791,Warehouse,Supervisor,659,2018-05-28,51761.14
6792,Employee 06792,Finance,Coordinator,449,2015-10-22,166816.29
6793,Employee 06793,Logistics,Manager,774,2023-07-11,66801.49
6794,Employee 06794,Operations,Associate,855,2023-06-06,43556.35
6795,Employee 06795,Logistics,Associate,809,2017-02-09,101227.44
6796,Employee 06796,Procurement,Supervisor,935,2015-08-15,32094.33
6797,Employee 06797,Procurement,Associate,141,2018-12-01,131869.52
6798,Employee 06798,Logistics,Coordinator,403,2016-03-20,58972.85
6799,Employee 06799,Warehouse,Manager,792,2018-04-19,47399.6
6800,Employee 06800,Operations,Supervisor,744,2022-04-29,85715.03
6801,Employee 06801,Procurement,Executive,703,2022-08-25,120915.75
6802,Employee 06802,Logistics,Associate,238,2022-02-13,167703.94
6803,Employee 06803,Finance,Manager,184,2022-10-02,108707.6
6804,Employee 06804,Operations,Executive,52,2023-07-27,91200.88
6805,Employee 06805,Finance,Supervisor,303,2023-09-24,109914.47
6806,Employee 06806,Warehouse,Coordinator,883,2017-09-26,126855.12
6807,Employee 06807,Sales,Manager,969,2017-12-28,64927.75
6808,Employee 06808,Procurement,Associate,63,2024-02-27,67052.61
6809,Employee 06809,Warehouse,Associate,196,2024-07-21,139078.3
6810,Employee 06810,Sales,Analyst,332,2019-06-21,68062.55
6811,Employee 06811,Warehouse,Supervisor,75,2017-04-09,119611.74
6812,Employee 06812,Operations,Supervisor,676,2020-02-04,124144.68
6813,Employee 06813,Logistics,Analyst,443,2016-01-02,86853.51
6814,Employee 06814,Warehouse,Supervisor,313,2018-04-28,178098.32
6815,Employee 06815,Sales,Manager,822,2017-03-09,64810.96
6816,Employee 06816,Operations,Supervisor,229,2015-01-24,82922.82
6817,Employee 06817,Logistics,Manager,685,2020-10-27,176805.42
6818,Employee 06818,Operations,Coordinator,274,2019-12-08,104707.06
6819,Employee 06819,Finance,Coordinator,755,2022-08-18,116347.06
6820,Employee 06820,Operations,Associate,423,2022-07-22,96739.8
6821,Employee 06821,Warehouse ,Manager,121,2019-12-14,55545.08
6822,Employee 06822,Operations,Analyst,789,2016-08-16,35831.73
6823,Employee 06823,Warehouse,Associate,64,2024-06-08,98704.18
6824,Employee 06824,Logistics,Manager,761,2015-10-06,72944.48
6825,Employee 06825,Procurement,Associate,591,2016-02-25,23157.05
6826,Employee 06826,Operations,Manager,138,2024-04-25,31868.46
6827,Employee 06827,Procurement,Manager,117,2017-05-23,163378.2
6828,Employee 06828,Operations ,Manager,702,2015-10-13,94423.95
6829,Employee 06829,Sales,Analyst,30,2024-06-01,142158.0
6830,Employee 06830,Logistics,Supervisor,743,2017-06-29,61628.06
6831,Employee 06831,Procurement,Coordinator,925,2020-03-30,96318.6
6832,Employee 06832,Operations,Analyst,163,2020-08-17,22933.77
6833,Employee 06833,Procurement,Coordinator,833,2020-04-15,135653.91
6834,Employee 06834,Procurement,Executive,136,2023-12-22,43343.13
6835,Employee 06835,Finance,Coordinator,987,2015-06-15,23906.78
6836,Employee 06836,Operations,Associate,774,2022-09-07,178067.98
6837,Employee 06837,Procurement,Executive,615,2019-04-05,70774.28
6838,Employee 06838,Sales,Executive,882,2020-11-22,166171.71
6839,Employee 06839,Warehouse,Executive,722,2021-10-14,44799.51
6840,Employee 06840,Operations,Analyst,954,2021-06-19,154976.0
6841,Employee 06841,Finance,Analyst,887,2023-01-11,40483.54
6842,Employee 06842,Sales,Analyst,607,2019-11-15,150287.84
6843,Employee 06843,Logistics,Analyst,879,2015-01-02,56096.8
6844,Employee 06844,Sales,Analyst,661,2021-09-04,44250.47
6845,Employee 06845,Procurement,Coordinator,212,2017-05-11,152908.65
6846,Employee 06846,Procurement,Manager,115,2024-02-16,109086.85
6847,Employee 06847,Sales,Analyst,212,2017-07-05,65184.92
6848,Employee 06848,Operations,Coordinator,467,2016-06-25,174140.72
6849,Employee 06849,Warehouse,Coordinator,442,2024-01-27,67534.51
6850,Employee 06850,Warehouse,Analyst,668,2019-07-26,176757.1
6851,Employee 06851,Sales,Associate,433,2015-01-13,163026.95
6852,Employee 06852,Operations,Analyst,68,2015-10-31,179276.71
6853,Employee 06853,Operations,Executive,554,2018-07-30,128469.09
6854,Employee 06854,Finance,Executive,15,2016-06-17,164090.8
6855,Employee 06855,Logistics,Coordinator,855,2024-04-29,138276.93
6856,Employee 06856,Logistics,Associate,513,2018-08-03,33142.93
6857,Employee 06857,Warehouse,Coordinator,609,2018-07-28,69570.22
6858,Employee 06858,Finance,Executive,773,2022-08-26,51199.78
6859,Employee 06859,Warehouse,Manager,950,2022-04-02,73262.29
6860,Employee 06860,Logistics,Supervisor,120,2016-12-28,161776.75
6861,Employee 06861,Sales,Coordinator,33,2024-01-14,117225.53
6862,Employee 06862,Warehouse,Analyst,59,2021-02-22,63143.2
6863,Employee 06863,Operations,Supervisor,965,2020-02-09,27376.27
6864,Employee 06864,Procurement,Associate,422,2023-12-09,63320.0
6865,Employee 06865,Sales,Analyst,396,2020-12-21,147199.78
6866,Employee 06866,Sales,Supervisor,598,2016-02-29,165272.69
6867,Employee 06867,Sales,Executive,544,2018-01-30,158018.52
6868,Employee 06868,Logistics,Manager,269,2018-01-12,77754.32
6869,Employee 06869,Warehouse,Manager,68,2024-05-18,162915.91
6870,Employee 06870,Operations,Analyst,819,2021-04-04,118094.84
6871,Employee 06871,Procurement,Manager,797,2023-03-27,46366.15
6872,Employee 06872,Sales,Manager,654,2015-05-07,71301.78
6873,Employee 06873,Procurement,Coordinator,152,2022-10-25,165594.67
6874,Employee 06874,operations,Manager,348,2018-04-10,176487.14
6875,Employee 06875,Warehouse,Analyst,847,2020-04-10,169737.01
6876,Employee 06876,Procurement,Associate,738,2023-01-17,98458.28
6877,Employee 06877,Finance,Supervisor,811,2017-07-30,65125.32
6878,Employee 06878,Procurement,Executive,289,2020-07-02,107177.44
6879,Employee 06879,Logistics,Associate,260,2023-04-25,34136.41
6880,Employee 06880,Warehouse,Associate,388,2016-07-13,129445.14
6881,Employee 06881,Sales,Executive,168,2024-06-23,103158.03
6882,Employee 06882,Finance,Analyst,136,2019-09-05,119694.61
6883,Employee 06883,Warehouse,Analyst,148,2015-01-30,101910.27
6884,Employee 06884,Operations,Manager,956,2015-03-21,60409.82
6885,Employee 06885,Warehouse,Manager,370,2022-11-14,18448.41
6886,Employee 06886,Finance,Executive,538,2023-07-22,102955.5
6887,Employee 06887,Logistics,Executive,710,2022-10-23,50579.71
6888,Employee 06888,Finance,Supervisor,829,2017-02-15,149905.37
6889,Employee 06889,Procurement,Coordinator,878,2023-06-01,63418.89
6890,Employee 06890,Warehouse,Associate,822,2020-02-06,41746.65
6891,Employee 06891,Sales,Associate,823,2016-07-22,18958.37
6892,Employee 06892,Procurement,Associate,904,2021-08-05,40989.65
6893,Employee 06893,sales,Manager,145,2019-06-29,27625.24
6894,Employee 06894,Warehouse,Supervisor,938,2017-11-20,127391.68
6895,Employee 06895,Operations,Executive,972,2020-11-28,172344.4
6896,Employee 06896,Finance,Executive,97,2019-06-21,107573.58
6897,Employee 06897,Operations,Associate,907,2022-02-10,36156.07
6898,Employee 06898,Operations,Associate,14,2021-09-08,105284.24
6899,Employee 06899,Finance,Executive,869,2019-01-25,173934.62
6900,Employee 06900,Sales,Executive,332,2018-08-25,30783.86
6901,Employee 06901,Procurement,Associate,897,2019-07-30,79062.97
6902,Employee 06902,Finance,Supervisor,561,2020-08-13,86885.93
6903,Employee 06903,Logistics,Coordinator,578,2018-01-10,28001.52
6904,Employee 06904,Finance,Manager,177,2015-01-11,97720.98
6905,Employee 06905,Operations,Coordinator,465,2020-09-05,132494.68
6906,Employee 06906,Sales,Executive,190,2015-06-22,147749.0
6907,Employee 06907,Sales,Associate,534,2020-05-31,141894.26
6908,Employee 06908,Sales,Executive,874,2015-08-01,160493.99
6909,Employee 06909,Logistics,Analyst,404,2019-10-03,89929.08
6910,Employee 06910,Sales,Supervisor,189,2016-03-16,138397.02
6911,Employee 06911,Finance,Analyst,41,2015-08-23,98728.6
6912,Employee 06912,Operations,Executive,867,2020-03-26,125406.59
6913,Employee 06913,Operations,Associate,354,2016-02-16,133252.91
6914,Employee 06914,Logistics,Executive,549,2021-03-22,50425.99
6915,Employee 06915,Operations,Associate,980,2016-12-02,119261.13
6916,Employee 06916,,Executive,781,2016-01-12,177209.53
6917,Employee 06917,Finance,Supervisor,813,2018-03-06,106470.46
6918,Employee 06918,Procurement,Manager,194,2017-05-31,74568.91
6919,Employee 06919,Operations,Supervisor,325,2016-10-17,136868.1
6920,Employee 06920,Logistics,Analyst,537,2017-07-15,144670.59
6921,Employee 06921,Operations,Coordinator,456,2021-04-29,29868.5
6922,Employee 06922,Logistics,Manager,564,2017-09-01,131247.59
6923,Employee 06923,Procurement,Manager,506,2018-04-25,46822.33
6924,Employee 06924,Logistics,Associate,635,2018-08-08,116180.37
6925,Employee 06925,Operations,Executive,664,2020-10-02,80802.83
6926,Employee 06926,Finance,Analyst,879,2022-08-09,179639.91
6927,Employee 06927,Finance,Coordinator,448,2019-12-24,64616.71
6928,Employee 06928,Sales,Associate,59,2017-12-07,163405.55
6929,Employee 06929,Finance,Coordinator,996,2022-10-24,21492.22
6930,Employee 06930,Procurement,Analyst,566,2018-03-23,50974.05
6931,Employee 06931,Operations,Executive,411,2020-06-15,99257.78
6932,Employee 06932,Warehouse,Executive,294,2015-09-19,45587.73
6933,Employee 06933,Logistics,Manager,326,2022-03-06,101392.32
6934,Employee 06934,Logistics,Analyst,688,2017-10-06,123929.09
6935,Employee 06935,Logistics,Manager,674,2017-10-01,69102.61
6936,Employee 06936,Sales,Executive,273,2017-11-21,97898.5
6937,Employee 06937,Warehouse,Coordinator,609,2016-10-11,37337.63
6938,Employee 06938,Warehouse,Executive,472,2020-11-29,134364.15
6939,Employee 06939,Finance,Manager,656,2019-07-10,18104.33
6940,Employee 06940,Logistics,Supervisor,754,2016-04-07,34255.91
6941,Employee 06941,Warehouse,Supervisor,794,2015-01-05,155357.05
6942,Employee 06942,Procurement,Coordinator,865,2022-04-20,103199.38
6943,Employee 06943,Sales,Coordinator,2,2016-12-23,170432.61
6944,Employee 06944,Sales,Analyst,310,2018-02-11,84326.89
6945,Employee 06945,Logistics,Executive,618,2024-03-08,133386.78
6946,Employee 06946,Operations,Analyst,826,2015-04-13,100074.36
6947,Employee 06947,Operations,Supervisor,439,2022-07-16,179845.67
6948,Employee 06948,Finance,Associate,400,2018-03-29,151298.99
6949,Employee 06949,Operations,Manager,428,2018-11-28,131700.13
6950,Employee 06950,Procurement,Executive,425,2017-06-05,105933.48
6951,Employee 06951,Finance,Analyst,313,2015-09-14,143733.23
6952,Employee 06952,Finance,Manager,418,2021-03-29,141954.17
6953,Employee 06953,Operations,Manager,60,2017-01-30,160717.5
6954,Employee 06954,Procurement,Executive,191,2023-11-23,150272.64
6955,Employee 06955,Procurement,Analyst,621,2023-07-29,28162.71
6956,Employee 06956,Procurement,Analyst,57,2022-10-20,124673.46
6957,Employee 06957,sales,Analyst,55,2021-03-22,18840.38
6958,Employee 06958,Logistics ,Analyst,207,2018-05-26,159212.21
6959,Employee 06959,Finance,Associate,411,2015-10-12,115165.96
6960,Employee 06960,Logistics,Executive,259,2022-10-03,125632.06
6961,Employee 06961,Finance,Analyst,441,2015-04-07,101976.47
6962,Employee 06962,Logistics,Associate,131,2022-08-04,83020.14
6963,Employee 06963,Sales,Associate,581,2019-08-12,47059.73
6964,Employee 06964,Logistics,Executive,453,2020-03-25,32654.25
6965,Employee 06965,Logistics,Associate,959,2022-07-25,34400.55
6966,Employee 06966,Operations,Coordinator,568,2018-03-20,102843.54
6967,Employee 06967,Operations,Coordinator,898,2023-02-20,165502.88
6968,Employee 06968,Logistics,Analyst,996,2018-01-21,59950.22
6969,Employee 06969,Finance,Executive,614,2019-11-14,176071.33
6970,Employee 06970,Procurement,Manager,582,2020-07-24,121279.19
6971,Employee 06971,Procurement,Analyst,220,2022-08-30,60397.31
6972,Employee 06972,Logistics,Associate,950,2018-06-08,151091.43
6973,Employee 06973,Logistics,Executive,893,2023-11-29,133632.75
6974,Employee 06974,Logistics,Associate,113,2019-09-25,18792.41
6975,Employee 06975,Procurement,Executive,530,2019-01-03,94636.89
6976,Employee 06976,Logistics,Associate,333,2015-02-09,64798.49
6977,Employee 06977,,Supervisor,443,2021-04-17,70953.52
6978,Employee 06978,Warehouse,Coordinator,707,2018-08-01,18889.47
6979,Employee 06979,Procurement,Coordinator,320,2020-03-24,69351.27
6980,Employee 06980,Procurement,Coordinator,845,2017-04-10,175172.64
6981,Employee 06981,,Associate,468,2018-01-31,175216.82
6982,Employee 06982,Warehouse,Supervisor,352,2017-12-07,99297.06
6983,Employee 06983,Sales,Coordinator,810,2023-04-29,69192.54
6984,Employee 06984,Warehouse,Supervisor,863,2023-10-14,77519.22
6985,Employee 06985,Operations,Executive,964,2023-11-28,77669.54
6986,Employee 06986,Logistics,Manager,421,2015-07-31,67717.31
6987,Employee 06987,Finance ,Manager,601,2022-02-20,178606.54
6988,Employee 06988,Sales,Associate,295,2024-05-24,124797.11
6989,Employee 06989,Sales,Executive,554,2019-03-03,98357.48
6990,Employee 06990,Sales,Executive,129,2022-02-15,62154.99
6991,Employee 06991,Warehouse,Analyst,933,2021-12-06,74515.06
6992,Employee 06992,Operations,Supervisor,479,2022-03-26,85392.76
6993,Employee 06993,Warehouse,Supervisor,935,2021-05-29,131976.0
6994,Employee 06994,Logistics,Supervisor,325,2015-02-12,138722.21
6995,Employee 06995,Finance,Associate,67,2016-08-05,169153.62
6996,Employee 06996,Procurement,Supervisor,349,2018-03-07,149852.27
6997,Employee 06997,Warehouse,Manager,8,2020-08-15,166256.04
6998,Employee 06998,Sales,Associate,710,2018-05-15,135170.78
6999,Employee 06999,Finance,Associate,558,2016-04-05,96483.95
7000,Employee 07000,Operations,Supervisor,834,2022-01-13,126277.23
7001,Employee 07001,Sales,Coordinator,257,2017-12-04,119456.17
7002,Employee 07002,Warehouse,Coordinator,394,2022-02-23,93028.25
7003,Employee 07003,Procurement,Executive,588,2019-05-18,77149.95
7004,Employee 07004,Procurement,Coordinator,183,2019-10-30,43586.67
7005,Employee 07005,Warehouse,Supervisor,452,2015-07-23,178674.25
7006,Employee 07006,Warehouse,Coordinator,726,2015-02-25,56358.78
7007,Employee 07007,Sales,Analyst,972,2020-01-25,104044.25
7008,Employee 07008,Procurement,Executive,590,2021-05-21,172871.26
7009,Employee 07009,Finance,Executive,980,2024-04-08,123652.84
7010,Employee 07010,Procurement,Coordinator,520,2020-02-24,138665.14
7011,Employee 07011,Procurement,Executive,509,2016-10-27,112369.93
7012,Employee 07012,Logistics,Manager,210,2024-03-11,78967.21
7013,Employee 07013,Operations,Coordinator,299,2021-08-21,139056.13
7014,Employee 07014,Warehouse,Supervisor,62,2020-01-31,159639.79
7015,Employee 07015,Procurement ,Associate,493,2023-09-27,50926.11
7016,Employee 07016,Warehouse,Associate,521,2018-05-22,109477.37
7017,Employee 07017,Logistics,Executive,473,2018-05-05,162921.61
7018,Employee 07018,Finance,Associate,615,2021-07-02,158439.11
7019,Employee 07019,Logistics,Analyst,405,2020-09-10,130639.34
7020,Employee 07020,Warehouse,Associate,376,2022-12-14,95700.28
7021,Employee 07021,Procurement,Associate,156,2023-01-01,99777.47
7022,Employee 07022,Logistics,Supervisor,575,2015-03-31,67951.95
7023,Employee 07023,Operations,Supervisor,985,2023-11-17,111281.41
7024,Employee 07024,Warehouse,Executive,346,2019-07-29,169511.76
7025,Employee 07025,Logistics,Analyst,423,2019-07-09,121062.92
7026,Employee 07026,Warehouse,Executive,580,2021-03-26,35293.85
7027,Employee 07027,,Analyst,563,2023-02-23,132693.43
7028,Employee 07028,Operations,Supervisor,564,2017-07-22,24432.09
7029,Employee 07029,Operations,Coordinator,172,2020-10-19,125458.59
7030,Employee 07030,Operations,Manager,102,2018-06-30,35813.88
7031,Employee 07031,Warehouse,Coordinator,583,2020-11-18,93826.75
7032,Employee 07032,Warehouse,Analyst,927,2023-04-23,71052.79
7033,Employee 07033,Sales,Analyst,357,2017-10-10,90988.8
7034,Employee 07034,Operations,Coordinator,285,2022-03-07,37050.47
7035,Employee 07035,Finance,Supervisor,446,2023-03-18,42832.31
7036,Employee 07036,Logistics,Executive,423,2023-09-10,135230.95
7037,Employee 07037,Logistics,Associate,921,2016-10-06,63265.93
7038,Employee 07038,Warehouse,Analyst,692,2020-01-24,77085.03
7039,Employee 07039,Logistics,Associate,335,2015-10-07,69327.68
7040,Employee 07040,Warehouse,Executive,313,2021-05-12,170490.21
7041,Employee 07041,Warehouse,Executive,707,2017-04-08,150893.85
7042,Employee 07042,Finance,Supervisor,4,2020-04-03,136178.06
7043,Employee 07043,Finance,Supervisor,711,2022-12-30,21399.16
7044,Employee 07044,Procurement,Analyst,952,2019-05-22,26591.02
7045,Employee 07045,Logistics,Executive,196,2019-12-24,63174.0
7046,Employee 07046,Procurement,Manager,207,2021-10-09,29618.51
7047,Employee 07047,Warehouse,Coordinator,220,2018-04-24,24267.37
7048,Employee 07048,Logistics,Associate,282,2017-11-11,21771.14
7049,Employee 07049,Operations,Associate,203,2022-03-21,155033.2
7050,Employee 07050,Warehouse,Executive,373,2016-04-20,21791.38
7051,Employee 07051,Warehouse,Analyst,421,2016-12-24,58900.64
7052,Employee 07052,Procurement,Associate,294,2019-12-20,88242.96
7053,Employee 07053,Warehouse,Associate,239,2018-12-15,63245.8
7054,Employee 07054,Operations,Manager,583,2024-02-29,133181.71
7055,Employee 07055,Warehouse,Supervisor,859,2019-02-09,63385.11
7056,Employee 07056,Procurement,Associate,825,2020-06-20,64399.5
7057,Employee 07057,Procurement,Executive,222,2021-08-31,156655.51
7058,Employee 07058,Logistics,Associate,543,2016-03-06,48662.69
7059,Employee 07059,Warehouse,Associate,558,2017-06-26,126470.37
7060,Employee 07060,Operations,Executive,824,2018-09-27,60413.49
7061,Employee 07061,Sales,Supervisor,276,2017-12-07,176113.37
7062,Employee 07062,Procurement,Manager,49,2024-02-23,22255.33
7063,Employee 07063,Finance,Manager,821,2017-10-22,78975.67
7064,Employee 07064,Sales,Associate,235,2016-09-25,55384.75
7065,Employee 07065,Finance,Analyst,808,2024-05-04,-10000.0
7066,Employee 07066,Warehouse,Executive,603,2018-05-29,71300.25
7067,Employee 07067,Sales,Coordinator,762,2017-10-21,164798.07
7068,Employee 07068,Logistics,Coordinator,857,2018-12-07,125744.65
7069,Employee 07069,Logistics,Supervisor,992,2019-03-08,117464.23
7070,Employee 07070,Sales,Associate,503,2023-11-16,66722.07
7071,Employee 07071,Finance,Associate,853,2020-01-06,56522.43
7072,Employee 07072,Logistics,Executive,524,2018-03-30,66768.83
7073,Employee 07073,Procurement,Executive,13,2017-12-26,36082.78
7074,Employee 07074,Sales,Analyst,46,2022-02-11,167737.78
7075,Employee 07075,Operations,Associate,668,2023-10-20,150110.19
7076,Employee 07076,Finance,Executive,336,2021-03-14,172521.87
7077,Employee 07077,Logistics,Analyst,637,2018-06-29,108363.82
7078,Employee 07078,Sales,Executive,604,2023-09-24,38692.48
7079,Employee 07079,Finance,Supervisor,71,2019-10-12,52075.73
7080,Employee 07080,Finance,Executive,871,2016-07-11,72726.64
7081,Employee 07081,Finance,Coordinator,887,2015-04-24,77993.42
7082,Employee 07082,Sales ,Analyst,987,2017-04-30,50421.07
7083,Employee 07083,Procurement,Analyst,229,2018-08-12,47959.58
7084,Employee 07084,Finance,Manager,182,2023-04-19,163144.32
7085,Employee 07085,Logistics,Executive,312,2021-06-15,105415.99
7086,Employee 07086,Warehouse,Supervisor,404,2019-04-13,86157.38
7087,Employee 07087,Finance,Manager,167,2021-11-05,119218.92
7088,Employee 07088,Finance,Associate,9,2020-11-06,142507.64
7089,Employee 07089,Logistics,Manager,597,2019-08-10,166911.95
7090,Employee 07090,Sales,Manager,167,2015-08-21,73877.15
7091,Employee 07091,Warehouse,Associate,574,2019-07-06,132553.65
7092,Employee 07092,Finance,Analyst,250,2024-06-13,32076.6
7093,Employee 07093,Logistics,Supervisor,174,2018-10-29,174777.91
7094,Employee 07094,Logistics,Manager,287,2022-04-03,161853.37
7095,Employee 07095,Procurement,Supervisor,3,2017-01-08,84592.63
7096,Employee 07096,Sales,Supervisor,301,2023-12-12,127763.8
7097,Employee 07097,Warehouse,Executive,877,2021-03-10,149891.03
7098,Employee 07098,Procurement,Executive,844,2021-05-26,41383.92
7099,Employee 07099,Warehouse,Supervisor,1,2022-01-11,18715.1
7100,Employee 07100,Finance,Executive,735,2019-02-22,118017.68
7101,Employee 07101,Logistics,Manager,365,2015-01-28,111974.0
7102,Employee 07102,Finance,Associate,61,2016-11-13,36226.57
7103,Employee 07103,Finance,Manager,799,2018-01-11,157128.32
7104,Employee 07104,Procurement,Analyst,98,2015-09-17,90106.74
7105,Employee 07105,Logistics,Manager,657,2018-01-02,18550.4
7106,Employee 07106,Operations,Supervisor,444,2020-12-17,90126.96
7107,Employee 07107,Finance,Manager,187,2018-07-03,158997.55
7108,Employee 07108,Finance,Executive,868,2019-12-09,41909.0
7109,Employee 07109,Operations,Associate,891,2021-11-04,148369.96
7110,Employee 07110,Procurement,Manager,927,2015-05-17,61711.65
7111,Employee 07111,warehouse,Analyst,840,2017-10-03,21045.14
7112,Employee 07112,Warehouse,Coordinator,114,2017-11-23,140668.33
7113,Employee 07113,Warehouse,Executive,219,2015-04-19,70820.28
7114,Employee 07114,Procurement,Coordinator,856,2021-08-26,28213.94
7115,Employee 07115,Procurement,Associate,802,2021-01-20,120656.8
7116,Employee 07116,Procurement,Analyst,966,2018-12-02,134549.11
7117,Employee 07117,Procurement,Associate,409,2023-09-25,101986.55
7118,Employee 07118,Operations,Analyst,406,2019-02-07,48174.45
7119,Employee 07119,Logistics,Associate,512,2016-08-10,135407.74
7120,Employee 07120,Logistics,Manager,708,2020-11-05,100429.09
7121,Employee 07121,Procurement,Coordinator,845,2017-10-29,64342.51
7122,Employee 07122,Operations,Supervisor,104,2015-02-19,113551.02
7123,Employee 07123,Operations,Supervisor,985,2015-06-24,19137.29
7124,Employee 07124,Logistics,Coordinator,76,2016-06-07,20435.07
7125,Employee 07125,Operations,Executive,493,2023-01-01,39875.54
7126,Employee 07126,Sales,Supervisor,587,2020-11-21,150690.58
7127,Employee 07127,Operations,Associate,417,2021-08-04,178664.35
7128,Employee 07128,Procurement,Executive,231,2021-08-14,58634.51
7129,Employee 07129,Warehouse,Manager,896,2019-11-27,70779.7
7130,Employee 07130,Sales,Executive,449,2023-05-30,139059.45
7131,Employee 07131,Sales,Supervisor,945,2022-12-13,145567.05
7132,Employee 07132,Sales,Manager,426,2017-06-26,77554.57
7133,Employee 07133,Warehouse,Executive,208,2023-12-23,83817.59
7134,Employee 07134,Sales,Executive,467,2021-11-17,137188.78
7135,Employee 07135,Logistics,Coordinator,429,2020-04-30,24832.09
7136,Employee 07136,Operations,Supervisor,215,2016-09-10,83468.25
7137,Employee 07137,Sales,Associate,279,2019-08-22,57475.59
7138,Employee 07138,Procurement,Manager,786,2020-04-11,92770.13
7139,Employee 07139,Logistics,Analyst,308,2020-08-04,83743.02
7140,Employee 07140,Finance,Manager,833,2021-04-12,140752.48
7141,Employee 07141,Warehouse,Analyst,181,2022-12-04,80253.29
7142,Employee 07142,Sales ,Associate,225,2019-09-21,72511.26
7143,Employee 07143,Warehouse,Supervisor,890,2015-10-23,100923.22
7144,Employee 07144,Procurement,Associate,696,2023-12-07,33075.61
7145,Employee 07145,Operations,Analyst,807,2017-12-09,74767.36
7146,Employee 07146,Operations,Analyst,247,2023-05-16,151008.8
7147,Employee 07147,Warehouse,Executive,266,2023-07-01,38826.69
7148,Employee 07148,Warehouse,Supervisor,442,2020-05-22,85778.4
7149,Employee 07149,Logistics,Manager,895,2018-04-04,130943.82
7150,Employee 07150,Warehouse,Analyst,806,2016-11-27,59909.36
7151,Employee 07151,Logistics,Associate,341,2023-03-30,60667.55
7152,Employee 07152,Logistics,Associate,11,2021-10-16,108293.61
7153,Employee 07153,Procurement,Manager,375,2016-06-02,76427.71
7154,Employee 07154,Finance,Supervisor,809,2016-02-21,64381.07
7155,Employee 07155,Procurement,Coordinator,575,2017-11-08,82832.95
7156,Employee 07156,Warehouse,Manager,460,2015-11-30,104506.71
7157,Employee 07157,Sales,Manager,442,2020-02-01,35191.8
7158,Employee 07158,Operations,Coordinator,2,2022-05-15,132399.22
7159,Employee 07159,Sales,Coordinator,129,2019-12-14,60104.66
7160,Employee 07160,Sales,Supervisor,627,2020-07-12,113774.19
7161,Employee 07161,Warehouse,Supervisor,911,2016-01-10,148446.03
7162,Employee 07162,Operations,Associate,974,2020-01-07,55515.45
7163,Employee 07163,Logistics,Coordinator,290,2022-12-24,138807.29
7164,Employee 07164,Sales,Executive,571,2015-08-01,89976.76
7165,Employee 07165,Warehouse,Analyst,829,2019-04-08,113101.35
7166,Employee 07166,Finance,Supervisor,752,2015-10-06,111238.51
7167,Employee 07167,Sales,Coordinator,233,2018-08-31,93226.66
7168,Employee 07168,Finance,Executive,290,2015-07-06,89672.12
7169,Employee 07169,Warehouse ,Associate,348,2018-05-11,64026.76
7170,Employee 07170,Warehouse,Manager,839,2018-06-28,69374.05
7171,Employee 07171,Sales,Executive,230,2016-11-16,169495.15
7172,Employee 07172,Sales,Analyst,380,2020-07-21,92302.2
7173,Employee 07173,Logistics,Supervisor,428,2021-03-08,97290.12
7174,Employee 07174,Operations,Executive,587,2015-05-19,151678.87
7175,Employee 07175,Finance,Manager,17,2021-08-30,74283.89
7176,Employee 07176,Procurement,Executive,686,2017-01-24,57312.95
7177,Employee 07177,Sales,Supervisor,390,2015-04-08,0.0
7178,Employee 07178,Procurement,Executive,146,2021-08-07,50926.62
7179,Employee 07179,Operations,Manager,203,2018-09-24,98495.91
7180,Employee 07180,Finance,Analyst,892,2024-04-09,168387.96
7181,Employee 07181,Logistics,Associate,887,2020-06-03,147533.34
7182,Employee 07182,Sales,Analyst,120,2015-09-01,124114.51
7183,Employee 07183,Warehouse,Associate,719,2023-11-27,162440.81
7184,Employee 07184,Warehouse,Supervisor,558,2017-10-23,164062.4
7185,Employee 07185,Sales,Supervisor,902,2022-04-15,94609.4
7186,Employee 07186,Procurement,Analyst,458,2022-02-13,138912.35
7187,Employee 07187,Warehouse,Coordinator,173,2023-09-14,66390.91
7188,Employee 07188,warehouse,Supervisor,375,2022-05-17,74938.68
7189,Employee 07189,Sales,Executive,949,2020-06-13,32716.41
7190,Employee 07190,Sales,Coordinator,2,2020-11-01,85717.7
7191,Employee 07191,Logistics,Coordinator,755,2015-08-07,18357.74
7192,Employee 07192,Logistics,Manager,601,2019-08-30,141800.77
7193,Employee 07193,Warehouse,Associate,634,2019-09-25,62587.96
7194,Employee 07194,Procurement,Analyst,468,2022-05-29,20163.7
7195,Employee 07195,Operations,Supervisor,15,2015-12-06,131234.97
7196,Employee 07196,Sales,Associate,929,2020-04-12,97537.16
7197,Employee 07197,Finance,Analyst,36,2023-05-28,46058.21
7198,Employee 07198,Sales,Associate,158,2016-10-17,83878.13
7199,Employee 07199,Operations,Manager,279,2021-06-13,121121.13
7200,Employee 07200,Sales,Supervisor,90,2019-06-03,87415.61
7201,Employee 07201,Logistics,Associate,965,2020-10-25,123571.56
7202,Employee 07202,Sales,Supervisor,806,2016-09-06,119374.16
7203,Employee 07203,Operations,Analyst,785,2015-12-06,123016.23
7204,Employee 07204,Operations,Supervisor,904,2020-01-07,54210.04
7205,Employee 07205,Operations,Executive,568,2024-03-26,66464.72
7206,Employee 07206,Operations,Supervisor,352,2017-04-23,110428.31
7207,Employee 07207,procurement,Associate,44,2015-05-12,114329.98
7208,Employee 07208,Procurement,Analyst,153,2022-04-04,165747.9
7209,Employee 07209,Warehouse,Analyst,214,2018-03-19,79876.25
7210,Employee 07210,Finance,Coordinator,379,2015-04-15,67452.0
7211,Employee 07211,Logistics,Associate,139,2023-08-22,26496.17
7212,Employee 07212,Procurement,Analyst,414,2020-01-10,160755.26
7213,Employee 07213,Sales,Manager,793,2018-09-09,112712.23
7214,Employee 07214,Operations,Analyst,467,2019-12-29,31022.7
7215,Employee 07215,Operations,Analyst,546,2024-02-05,130300.21
7216,Employee 07216,Sales,Executive,830,2017-02-15,129177.84
7217,Employee 07217,Logistics,Supervisor,953,2020-03-30,62325.15
7218,Employee 07218,Warehouse,Coordinator,616,2016-04-22,121474.28
7219,Employee 07219,Logistics,Manager,460,2017-07-02,144319.78
7220,Employee 07220,Warehouse,Associate,811,2023-08-05,103848.56
7221,Employee 07221,Warehouse,Executive,445,2016-07-30,30780.46
7222,Employee 07222,Sales,Associate,563,2021-01-26,143298.14
7223,Employee 07223,Procurement,Manager,310,2024-03-22,144328.33
7224,Employee 07224,Operations,Associate,14,2016-09-08,20445.48
7225,Employee 07225,Sales,Coordinator,912,2024-04-16,159597.91
7226,Employee 07226,Procurement,Analyst,728,2020-04-29,124157.25
7227,Employee 07227,Finance,Analyst,231,2015-04-01,167026.56
7228,Employee 07228,Warehouse,Manager,654,2019-09-04,63426.92
7229,Employee 07229,Procurement,Coordinator,77,2018-02-17,115038.32
7230,Employee 07230,Warehouse,Coordinator,110,2015-11-29,71067.37
7231,Employee 07231,Operations,Supervisor,818,2018-09-20,25447.31
7232,Employee 07232,Operations,Associate,106,2020-01-07,137413.84
7233,Employee 07233,Logistics,Associate,78,2023-11-05,23204.24
7234,Employee 07234,Finance,Executive,78,2017-10-23,78046.86
7235,Employee 07235,Logistics,Manager,405,2020-11-04,96936.99
7236,Employee 07236,Operations,Coordinator,753,2016-09-21,41865.78
7237,Employee 07237,Procurement,Manager,505,2022-08-11,91214.34
7238,Employee 07238,Sales,Manager,253,2015-01-19,157299.43
7239,Employee 07239,Operations,Analyst,345,2019-01-05,136122.47
7240,Employee 07240,Procurement,Analyst,27,2022-05-01,162265.83
7241,Employee 07241,Operations,Analyst,780,2020-01-07,105375.49
7242,Employee 07242,sales,Executive,947,2023-02-23,38094.48
7243,Employee 07243,Operations,Associate,615,2021-12-06,140371.23
7244,Employee 07244,Warehouse,Associate,850,2023-05-03,95318.14
7245,Employee 07245,Sales,Associate,175,2016-03-02,67985.02
7246,Employee 07246,Sales,Manager,799,2022-07-30,39176.66
7247,Employee 07247,Logistics,Supervisor,940,2016-06-23,112141.54
7248,Employee 07248,Warehouse,Supervisor,656,2021-03-24,23432.88
7249,Employee 07249,Logistics,Executive,282,2020-02-21,113834.8
7250,Employee 07250,Operations,Supervisor,738,2017-05-31,142051.55
7251,Employee 07251,Warehouse,Coordinator,466,2016-06-07,122834.37
7252,Employee 07252,Sales,Supervisor,556,2017-02-11,162969.8
7253,Employee 07253,Logistics,Associate,949,2023-08-07,165255.93
7254,Employee 07254,Procurement,Analyst,560,2017-07-26,178588.58
7255,Employee 07255,Procurement,Associate,606,2020-02-16,126927.81
7256,Employee 07256,Finance,Associate,301,2019-04-12,84725.45
7257,Employee 07257,Logistics,Manager,175,2022-12-07,74837.63
7258,Employee 07258,Finance,Manager,664,2018-11-04,18657.23
7259,Employee 07259,,Executive,945,2020-05-03,85998.8
7260,Employee 07260,Sales,Analyst,925,2015-08-02,23164.76
7261,Employee 07261,Sales,Coordinator,392,2020-12-07,0.0
7262,Employee 07262,Warehouse,Analyst,934,2019-12-10,75452.33
7263,Employee 07263,Logistics,Associate,926,2019-05-22,114325.3
7264,Employee 07264,Finance,Executive,123,2020-02-05,167288.56
7265,Employee 07265,Warehouse,Supervisor,740,2019-12-28,64058.6
7266,Employee 07266,Procurement,Executive,972,2022-05-19,95477.66
7267,Employee 07267,Operations,Associate,506,2016-11-21,23922.33
7268,Employee 07268,Logistics,Executive,68,2015-11-15,54187.77
7269,Employee 07269,Logistics,Executive,632,2018-02-11,52404.28
7270,Employee 07270,Operations,Supervisor,19,2020-10-31,81153.86
7271,Employee 07271,Finance,Supervisor,730,2021-05-28,134336.34
7272,Employee 07272,logistics,Coordinator,720,2018-01-25,151983.71
7273,Employee 07273,Finance,Analyst,445,2021-07-25,107286.03
7274,Employee 07274,Warehouse,Manager,43,2017-04-12,37610.56
7275,Employee 07275,Procurement,Executive,47,2015-03-08,104834.99
7276,Employee 07276,Finance,Associate,66,2023-09-07,168650.32
7277,Employee 07277,Warehouse,Associate,449,2021-06-01,133177.8
7278,Employee 07278,Finance,Manager,286,2022-12-26,147397.13
7279,Employee 07279,Operations,Executive,54,2019-02-21,37407.49
7280,Employee 07280,Finance,Supervisor,853,2016-10-04,48214.04
7281,Employee 07281,Sales,Manager,584,2018-04-13,125154.83
7282,Employee 07282,Logistics,Supervisor,399,2015-07-04,71129.07
7283,Employee 07283,Sales,Supervisor,912,2023-02-11,131136.47
7284,Employee 07284,Logistics,Executive,531,2019-09-10,172515.72
7285,Employee 07285,Logistics,Executive,44,2018-05-02,86440.01
7286,Employee 07286,Finance,Analyst,831,2020-12-15,76444.77
7287,Employee 07287,Sales,Manager,715,2023-05-02,154583.44
7288,Employee 07288,Operations,Supervisor,209,2023-01-05,86325.31
7289,Employee 07289,Warehouse,Coordinator,696,2018-03-14,107523.4
7290,Employee 07290,Sales,Coordinator,1000,2023-02-11,53673.0
7291,Employee 07291,Warehouse,Manager,812,2019-02-17,74202.61
7292,Employee 07292,Finance,Coordinator,297,2022-12-18,62195.91
7293,Employee 07293,Procurement,Associate,141,2015-02-21,34882.27
7294,Employee 07294,Logistics,Supervisor,687,2016-02-18,62226.57
7295,Employee 07295,Sales,Supervisor,247,2018-11-13,50587.81
7296,Employee 07296,Procurement,Analyst,426,2023-06-26,67542.03
7297,Employee 07297,Operations,Associate,417,2023-02-25,130619.04
7298,Employee 07298,Procurement,Executive,537,2024-04-16,165286.2
7299,Employee 07299,Warehouse,Supervisor,658,2018-07-08,154768.21
7300,Employee 07300,Procurement,Manager,32,2019-11-14,76953.13
7301,Employee 07301,Procurement,Analyst,336,2016-04-29,115297.07
7302,Employee 07302,Operations,Executive,302,2023-08-11,109706.75
7303,Employee 07303,Operations,Associate,454,2016-01-19,26283.22
7304,Employee 07304,Warehouse,Coordinator,975,2022-10-06,45679.27
7305,Employee 07305,Operations,Analyst,999,2017-11-30,149282.11
7306,Employee 07306,Sales,Analyst,900,2022-05-02,54402.41
7307,Employee 07307,Logistics ,Manager,945,2018-06-28,39546.08
7308,Employee 07308,Operations ,Supervisor,422,2021-05-23,88119.2
7309,Employee 07309,Warehouse ,Manager,181,2016-09-14,156900.71
7310,Employee 07310,Warehouse,Manager,856,2018-10-22,49159.34
7311,Employee 07311,Warehouse,Coordinator,748,2020-08-24,59769.91
7312,Employee 07312,Sales,Coordinator,809,2023-11-12,99492.6
7313,Employee 07313,Warehouse,Coordinator,989,2018-11-09,29138.48
7314,Employee 07314,Logistics,Supervisor,522,2019-10-29,166591.91
7315,Employee 07315,Procurement,Analyst,623,2021-12-28,127680.96
7316,Employee 07316,Warehouse,Analyst,277,2023-04-03,140885.04
7317,Employee 07317,Logistics,Supervisor,386,2019-07-22,65571.37
7318,Employee 07318,Operations,Analyst,402,2017-02-13,114269.52
7319,Employee 07319,Warehouse,Coordinator,798,2016-04-06,79601.23
7320,Employee 07320,Procurement ,Executive,732,2015-08-28,41568.59
7321,Employee 07321,Operations,Executive,826,2020-08-28,148698.04
7322,Employee 07322,Procurement,Executive,278,2015-02-25,42134.48
7323,Employee 07323,Operations,Analyst,944,2015-05-03,149904.01
7324,Employee 07324,Warehouse,Supervisor,701,2024-02-05,29414.49
7325,Employee 07325,Finance,Associate,235,2021-09-05,75490.86
7326,Employee 07326,Finance,Coordinator,286,2015-12-07,83633.67
7327,Employee 07327,Procurement,Manager,939,2023-06-27,27444.72
7328,Employee 07328,Procurement,Executive,6,2022-12-12,95916.91
7329,Employee 07329,Operations,Executive,391,2019-11-14,42532.77
7330,Employee 07330,Finance,Associate,696,2023-04-04,165005.2
7331,Employee 07331,Sales,Analyst,944,2017-09-24,80084.4
7332,Employee 07332,Finance,Coordinator,628,2024-06-18,165695.76
7333,Employee 07333,Operations,Supervisor,85,2023-01-16,38481.69
7334,Employee 07334,Procurement,Associate,180,2020-04-29,178886.2
7335,Employee 07335,Procurement,Coordinator,71,2020-02-02,134344.6
7336,Employee 07336,Operations,Associate,365,2021-10-25,74783.55
7337,Employee 07337,Warehouse,Supervisor,228,2023-05-08,126852.4
7338,Employee 07338,Finance,Executive,275,2022-09-19,44965.87
7339,Employee 07339,Sales,Manager,10,2017-12-06,170944.19
7340,Employee 07340,Procurement,Coordinator,391,2018-04-29,51330.88
7341,Employee 07341,Procurement,Supervisor,360,2016-06-11,24584.54
7342,Employee 07342,Sales,Coordinator,559,2023-10-15,144409.49
7343,Employee 07343,Warehouse,Executive,980,2019-06-11,127603.92
7344,Employee 07344,Logistics,Associate,793,2023-05-16,61860.4
7345,Employee 07345,Warehouse,Analyst,827,2023-08-12,55695.64
7346,Employee 07346,Warehouse,Supervisor,603,2020-03-17,97828.31
7347,Employee 07347,Finance,Coordinator,355,2023-08-19,178001.16
7348,Employee 07348,Warehouse,Manager,171,2019-02-01,63935.87
7349,Employee 07349,Warehouse,Analyst,926,2023-01-07,33605.04
7350,Employee 07350,Operations,Executive,858,2022-02-08,120705.16
7351,Employee 07351,Sales,Manager,871,2018-06-13,133320.18
7352,Employee 07352,Warehouse,Supervisor,880,2016-07-25,55453.78
7353,Employee 07353,Logistics,Executive,968,2021-03-02,144666.16
7354,Employee 07354,Sales,Coordinator,286,2019-01-11,53184.49
7355,Employee 07355,Warehouse,Supervisor,275,2020-06-12,34214.53
7356,Employee 07356,Finance,Analyst,445,2021-09-30,46943.72
7357,Employee 07357,Operations,Manager,447,2020-05-27,170092.72
7358,Employee 07358,Operations,Coordinator,872,2022-06-30,144981.89
7359,Employee 07359,Logistics,Coordinator,327,2020-01-23,96768.66
7360,Employee 07360,Sales,Executive,281,2023-08-31,102171.11
7361,Employee 07361,Sales,Executive,476,2021-07-13,114715.78
7362,Employee 07362,Operations,Analyst,409,2023-12-12,177832.05
7363,Employee 07363,Warehouse,Supervisor,807,2015-01-29,97027.45
7364,Employee 07364,Operations,Analyst,945,2021-05-25,139366.31
7365,Employee 07365,Sales,Executive,925,2023-06-12,65931.14
7366,Employee 07366,Operations,Supervisor,655,2021-03-12,57751.39
7367,Employee 07367,Operations,Associate,533,2015-04-03,134419.2
7368,Employee 07368,Sales,Supervisor,932,2018-05-01,158753.23
7369,Employee 07369,Logistics,Manager,280,2015-07-05,76881.13
7370,Employee 07370,Finance,Analyst,97,2023-02-09,170013.42
7371,Employee 07371,Procurement,Coordinator,307,2024-07-18,86625.31
7372,Employee 07372,Finance,Analyst,179,2023-06-20,47887.55
7373,Employee 07373,Finance,Manager,345,2016-12-22,79613.77
7374,Employee 07374,finance,Supervisor,159,2022-01-10,159590.57
7375,Employee 07375,Operations,Coordinator,157,2022-02-26,40816.55
7376,Employee 07376,logistics,Analyst,384,2024-05-18,63947.24
7377,Employee 07377,Finance,Executive,681,2017-11-24,140319.53
7378,Employee 07378,Sales,Coordinator,358,2022-04-13,65146.1
7379,Employee 07379,Sales,Supervisor,930,2022-07-11,127629.31
7380,Employee 07380,Operations,Manager,8,2022-04-23,50203.56
7381,Employee 07381,Operations,Supervisor,952,2017-09-21,122967.31
7382,Employee 07382,Finance,Supervisor,623,2022-11-24,172193.53
7383,Employee 07383,Logistics,Associate,819,2017-12-25,36468.0
7384,Employee 07384,Procurement,Supervisor,541,2017-01-03,130724.53
7385,Employee 07385,Warehouse,Manager,689,2021-11-14,169249.97
7386,Employee 07386,Warehouse ,Executive,166,2019-11-11,41851.98
7387,Employee 07387,Logistics,Associate,333,2019-07-14,68362.14
7388,Employee 07388,Sales,Analyst,257,2021-05-20,118062.07
7389,Employee 07389,Procurement,Supervisor,945,2020-03-15,132494.24
7390,Employee 07390,Finance,Supervisor,324,2019-01-19,59741.79
7391,Employee 07391,Warehouse,Supervisor,248,2020-03-21,33325.51
7392,Employee 07392,Logistics,Executive,31,2020-10-15,97178.57
7393,Employee 07393,Sales,Supervisor,876,2020-11-04,79773.13
7394,Employee 07394,Logistics,Associate,49,2020-02-22,99853.19
7395,Employee 07395,Operations,Coordinator,168,2024-06-23,126854.22
7396,Employee 07396,Sales,Associate,199,2021-02-02,74878.99
7397,Employee 07397,Procurement,Associate,218,2018-08-15,150768.98
7398,Employee 07398,Warehouse,Manager,594,2020-09-10,157841.68
7399,Employee 07399,Sales,Coordinator,303,2016-03-06,104167.55
7400,Employee 07400,Sales,Manager,878,2019-06-17,95314.53
7401,Employee 07401,Logistics,Executive,577,2017-02-27,64369.09
7402,Employee 07402,Operations,Associate,493,2016-01-29,73784.08
7403,Employee 07403,Procurement,Associate,871,2018-07-07,130478.55
7404,Employee 07404,Procurement,Manager,213,2021-12-25,27718.42
7405,Employee 07405,Operations,Supervisor,489,2020-02-28,168731.53
7406,Employee 07406,procurement,Analyst,408,2023-12-10,50906.32
7407,Employee 07407,Procurement,Supervisor,247,2016-08-20,174875.96
7408,Employee 07408,Finance,Supervisor,301,2018-06-10,177035.32
7409,Employee 07409,Procurement,Manager,763,2018-04-12,77383.55
7410,Employee 07410,Warehouse,Supervisor,232,2017-12-29,96942.63
7411,Employee 07411,Operations,Coordinator,627,2015-06-27,64235.75
7412,Employee 07412,Procurement,Associate,310,2018-11-11,135998.61
7413,Employee 07413,Finance,Associate,86,2022-05-30,179393.97
7414,Employee 07414,Logistics,Associate,434,2018-12-01,66449.51
7415,Employee 07415,Operations,Executive,14,2018-08-29,142301.12
7416,Employee 07416,Logistics,Manager,51,2022-08-05,140745.1
7417,Employee 07417,Logistics,Associate,615,2020-08-06,70082.02
7418,Employee 07418,Sales,Executive,704,2019-12-07,110106.39
7419,Employee 07419,Sales,Supervisor,357,2018-09-13,98652.38
7420,Employee 07420,Finance,Supervisor,687,2021-01-13,133504.24
7421,Employee 07421,Procurement,Executive,487,2022-06-16,124167.67
7422,Employee 07422,Logistics,Manager,532,2021-02-13,61917.65
7423,Employee 07423,Logistics,Analyst,322,2018-07-03,148455.14
7424,Employee 07424,Logistics,Supervisor,287,2023-12-16,30296.36
7425,Employee 07425,Operations,Manager,161,2022-04-22,154933.86
7426,Employee 07426,Operations,Executive,182,2022-03-01,54897.44
7427,Employee 07427,Finance,Supervisor,813,2019-05-21,48761.07
7428,Employee 07428,Operations,Supervisor,927,2016-12-03,65170.55
7429,Employee 07429,Operations,Analyst,544,2016-08-12,142747.01
7430,Employee 07430,Warehouse,Associate,957,2018-01-16,67039.25
7431,Employee 07431,Warehouse,Manager,170,2018-01-08,37424.13
7432,Employee 07432,Procurement,Associate,78,2017-08-04,133667.96
7433,Employee 07433,Finance,Supervisor,722,2023-03-28,85405.54
7434,Employee 07434,Finance,Analyst,864,2021-12-10,123476.12
7435,Employee 07435,Procurement,Associate,908,2015-10-20,144548.46
7436,Employee 07436,Procurement,Manager,141,2018-02-10,47030.69
7437,Employee 07437,Operations,Executive,292,2022-08-27,32474.84
7438,Employee 07438,Logistics,Manager,748,2020-09-15,138227.61
7439,Employee 07439,Warehouse,Associate,128,2021-01-02,159408.14
7440,Employee 07440,Warehouse,Associate,446,2018-02-08,91783.74
7441,Employee 07441,Procurement,Analyst,389,2020-08-12,113554.24
7442,Employee 07442,Sales,Executive,243,2023-09-08,153190.14
7443,Employee 07443,Warehouse,Supervisor,770,2022-04-05,86136.26
7444,Employee 07444,Finance,Executive,109,2017-04-30,155765.87
7445,Employee 07445,Logistics,Executive,190,2024-04-13,170597.16
7446,Employee 07446,Procurement,Analyst,588,2022-12-06,105808.81
7447,Employee 07447,Finance,Supervisor,246,2015-07-30,49811.3
7448,Employee 07448,Operations,Executive,171,2018-01-24,179676.14
7449,Employee 07449,Finance,Analyst,105,2020-09-01,75457.36
7450,Employee 07450,Warehouse,Associate,637,2023-10-11,163091.84
7451,Employee 07451,Sales ,Coordinator,230,2016-09-01,162508.28
7452,Employee 07452,Finance,Executive,684,2018-12-18,62887.49
7453,Employee 07453,Procurement,Coordinator,841,2016-08-06,80458.66
7454,Employee 07454,Logistics,Associate,391,2019-07-10,73271.09
7455,Employee 07455,Sales,Supervisor,257,2022-07-04,38646.03
7456,Employee 07456,Logistics,Manager,409,2019-03-27,79366.28
7457,Employee 07457,Logistics,Coordinator,260,2020-12-24,97750.76
7458,Employee 07458,Operations,Associate,405,2022-11-02,124648.59
7459,Employee 07459,Sales,Supervisor,664,2022-11-25,105594.94
7460,Employee 07460,Sales,Executive,43,2023-07-29,30961.7
7461,Employee 07461,Finance ,Manager,468,2018-06-13,0.0
7462,Employee 07462,Warehouse,Executive,960,2018-01-14,88761.82
7463,Employee 07463,Warehouse,Coordinator,47,2015-05-07,53241.93
7464,Employee 07464,Procurement,Supervisor,339,2020-05-18,176266.89
7465,Employee 07465,Sales,Executive,953,2018-12-18,113484.87
7466,Employee 07466,Finance,Supervisor,372,2015-08-31,46085.44
7467,Employee 07467,Sales,Associate,796,2019-03-26,101764.72
7468,Employee 07468,procurement,Supervisor,618,2020-12-02,163773.7
7469,Employee 07469,Finance,Coordinator,682,2017-11-30,83563.92
7470,Employee 07470,Warehouse,Coordinator,619,2015-10-27,83691.2
7471,Employee 07471,Warehouse,Coordinator,160,2015-02-05,140406.87
7472,Employee 07472,Logistics,Associate,955,2019-01-08,165428.2
7473,Employee 07473,Logistics,Executive,597,2018-10-24,148166.88
7474,Employee 07474,Procurement,Coordinator,876,2022-10-03,151283.62
7475,Employee 07475,Warehouse,Executive,510,2015-08-01,151045.89
7476,Employee 07476,Sales,Executive,421,2015-06-08,62262.07
7477,Employee 07477,Sales,Supervisor,859,2016-10-20,26863.65
7478,Employee 07478,Procurement,Coordinator,587,2024-02-27,22914.32
7479,Employee 07479,Logistics,Associate,594,2022-01-15,177725.15
7480,Employee 07480,Logistics,Associate,331,2021-03-07,69498.7
7481,Employee 07481,Sales,Analyst,100,2015-02-12,19789.74
7482,Employee 07482,Warehouse,Executive,841,2021-08-22,35837.71
7483,Employee 07483,Finance,Associate,504,2021-02-03,163449.02
7484,Employee 07484,Warehouse,Analyst,35,2018-02-24,158947.31
7485,Employee 07485,Procurement,Manager,172,2018-10-20,140891.91
7486,Employee 07486,Logistics,Coordinator,557,2022-11-01,92436.75
7487,Employee 07487,Warehouse,Associate,940,2016-10-27,169708.57
7488,Employee 07488,Logistics,Coordinator,62,2022-11-02,73075.52
7489,Employee 07489,Logistics,Supervisor,410,2020-07-07,60310.67
7490,Employee 07490,Finance,Supervisor,207,2015-06-29,131275.9
7491,Employee 07491,Sales,Supervisor,299,2020-10-06,97521.06
7492,Employee 07492,Logistics,Coordinator,88,2019-02-08,76965.43
7493,Employee 07493,Operations,Executive,170,2015-09-17,36826.73
7494,Employee 07494,Sales,Manager,788,2015-02-12,131210.73
7495,Employee 07495,Warehouse,Coordinator,957,2016-12-19,53204.16
7496,Employee 07496,Finance,Coordinator,889,2015-04-21,55836.77
7497,Employee 07497,Operations,Analyst,522,2018-10-22,39567.94
7498,Employee 07498,Sales,Executive,571,2015-11-18,113547.6
7499,Employee 07499,Operations,Analyst,739,2016-02-13,140814.72
7500,Employee 07500,Warehouse,Manager,40,2019-02-26,62735.98
7501,Employee 07501,Operations,Coordinator,539,2017-02-10,89187.07
7502,Employee 07502,sales,Executive,53,2016-11-11,93114.91
7503,Employee 07503,Warehouse,Associate,435,2017-12-23,100715.56
7504,Employee 07504,Procurement,Analyst,584,2023-12-29,103370.05
7505,Employee 07505,Sales,Executive,112,2022-07-01,69558.71
7506,Employee 07506,Sales,Executive,648,2021-07-21,127652.41
7507,Employee 07507,Operations,Associate,508,2016-05-23,151740.98
7508,Employee 07508,Warehouse,Coordinator,63,2016-12-30,47591.6
7509,Employee 07509,Operations,Coordinator,481,2018-04-08,107612.21
7510,Employee 07510,Sales,Coordinator,13,2021-01-03,59419.88
7511,Employee 07511,Warehouse,Coordinator,877,2020-01-02,98821.45
7512,Employee 07512,Logistics,Supervisor,231,2023-01-03,89045.01
7513,Employee 07513,Sales,Coordinator,847,2018-03-06,160979.44
7514,Employee 07514,Procurement,Manager,200,2015-11-09,76756.82
7515,Employee 07515,Warehouse,Supervisor,277,2021-06-08,152602.33
7516,Employee 07516,Logistics ,Supervisor,26,2017-02-11,58159.75
7517,Employee 07517,Warehouse,Supervisor,229,2022-07-31,89064.96
7518,Employee 07518,Warehouse,Coordinator,536,2015-12-14,81529.42
7519,Employee 07519,Finance,Analyst,241,2023-03-17,85791.9
7520,Employee 07520,Logistics,Executive,746,2015-05-27,43181.5
7521,Employee 07521,Logistics,Manager,574,2022-04-12,157231.3
7522,Employee 07522,Operations,Supervisor,936,2021-03-07,85941.07
7523,Employee 07523,Operations,Supervisor,628,2020-05-08,161686.49
7524,Employee 07524,Finance,Supervisor,115,2020-10-07,149671.26
7525,Employee 07525,Procurement,Coordinator,487,2015-01-21,57670.46
7526,Employee 07526,Finance,Associate,718,2016-04-13,69269.25
7527,Employee 07527,Finance,Supervisor,714,2017-06-27,148124.18
7528,Employee 07528,Operations,Associate,229,2015-09-24,133191.92
7529,Employee 07529,Warehouse,Manager,693,2019-12-25,160720.03
7530,Employee 07530,Operations,Manager,157,2021-08-06,119989.39
7531,Employee 07531,Sales,Executive,789,2020-03-30,143025.62
7532,Employee 07532,Operations,Analyst,566,2021-12-03,32022.61
7533,Employee 07533,Procurement,Manager,956,2021-02-25,142543.88
7534,Employee 07534,Operations,Coordinator,54,2019-07-30,117244.15
7535,Employee 07535,Operations,Coordinator,245,2017-01-01,85484.05
7536,Employee 07536,Procurement,Supervisor,882,2022-01-07,155339.34
7537,Employee 07537,Operations,Supervisor,228,2023-03-01,117486.58
7538,Employee 07538,Operations,Analyst,724,2015-04-05,64265.23
7539,Employee 07539,Sales,Supervisor,95,2022-06-04,-10000.0
7540,Employee 07540,Warehouse,Analyst,268,2024-03-18,164031.38
7541,Employee 07541,Operations,Analyst,149,2022-10-23,174270.96
7542,Employee 07542,Procurement,Coordinator,434,2015-11-25,39317.24
7543,Employee 07543,Warehouse,Executive,101,2022-01-27,57080.14
7544,Employee 07544,Operations,Executive,38,2021-05-31,137780.5
7545,Employee 07545,Operations,Associate,276,2018-02-23,144835.5
7546,Employee 07546,Sales,Analyst,326,2015-09-08,82781.6
7547,Employee 07547,Logistics,Supervisor,919,2022-07-02,104105.41
7548,Employee 07548,Finance,Manager,261,2022-09-03,37566.09
7549,Employee 07549,Procurement,Executive,416,2022-07-27,115798.89
7550,Employee 07550,Warehouse,Executive,595,2015-07-03,134032.94
7551,Employee 07551,Sales,Executive,38,2017-07-03,91555.13
7552,Employee 07552,Operations,Associate,7,2016-10-25,89534.96
7553,Employee 07553,Procurement,Executive,845,2019-09-03,162437.37
7554,Employee 07554,Operations,Associate,481,2021-10-14,112563.67
7555,Employee 07555,Operations,Manager,158,2022-03-25,45066.08
7556,Employee 07556,Warehouse,Coordinator,175,2023-01-08,98019.6
7557,Employee 07557,Warehouse,Associate,949,2015-02-03,160665.35
7558,Employee 07558,Procurement,Supervisor,405,2017-05-29,32462.28
7559,Employee 07559,Sales,Analyst,400,2015-09-01,129435.83
7560,Employee 07560,Procurement,Analyst,320,2020-12-11,0.0
7561,Employee 07561,Procurement,Associate,246,2017-07-11,25933.03
7562,Employee 07562,Finance,Supervisor,901,2021-01-01,112538.92
7563,Employee 07563,Finance,Executive,82,2023-03-19,175462.08
7564,Employee 07564,Logistics,Coordinator,76,2016-02-03,98697.0
7565,Employee 07565,Finance,Executive,192,2020-03-20,123138.68
7566,Employee 07566,Finance,Associate,438,2017-01-06,67876.74
7567,Employee 07567,Logistics,Associate,524,2023-03-24,71853.47
7568,Employee 07568,Warehouse,Executive,886,2023-04-13,21080.97
7569,Employee 07569,Procurement,Manager,214,2015-07-14,173816.77
7570,Employee 07570,Operations,Coordinator,610,2024-01-06,170049.51
7571,Employee 07571,Procurement,Manager,227,2022-09-10,33035.19
7572,Employee 07572,Warehouse,Manager,303,2022-11-06,45061.89
7573,Employee 07573,Procurement,Executive,63,2023-09-10,103887.24
7574,Employee 07574,Logistics,Executive,416,2023-05-14,19148.81
7575,Employee 07575,Warehouse,Associate,640,2015-01-01,156379.67
7576,Employee 07576,Warehouse,Analyst,543,2018-02-20,163770.85
7577,Employee 07577,Finance,Coordinator,549,2023-08-10,153227.91
7578,Employee 07578,Warehouse,Executive,799,2021-06-14,174740.11
7579,Employee 07579,Operations,Manager,755,2020-03-10,117937.82
7580,Employee 07580,Operations,Coordinator,554,2015-12-10,92919.89
7581,Employee 07581,Finance,Analyst,661,2024-02-09,144941.33
7582,Employee 07582,Operations,Associate,665,2019-06-15,174244.8
7583,Employee 07583,Operations,Analyst,495,2020-09-28,174377.79
7584,Employee 07584,Warehouse,Analyst,35,2023-03-24,61268.37
7585,Employee 07585,Warehouse,Executive,108,2021-09-16,111658.7
7586,Employee 07586,Warehouse,Analyst,337,2019-05-25,90016.96
7587,Employee 07587,Operations,Executive,675,2023-12-23,51928.07
7588,Employee 07588,Warehouse,Analyst,161,2022-07-18,117285.81
7589,Employee 07589,Sales,Analyst,952,2015-07-14,176283.4
7590,Employee 07590,Warehouse,Coordinator,520,2016-06-13,46548.66
7591,Employee 07591,Logistics,Associate,285,2020-05-28,102032.11
7592,Employee 07592,Logistics ,Manager,322,2018-02-25,143142.8
7593,Employee 07593,Logistics,Coordinator,148,2022-05-24,110912.83
7594,Employee 07594,,Associate,445,2015-10-09,78102.7
7595,Employee 07595,Operations,Coordinator,981,2018-05-18,111037.34
7596,Employee 07596,Logistics,Associate,833,2019-04-28,110176.31
7597,Employee 07597,Operations,Manager,257,2016-08-25,122151.09
7598,Employee 07598,Warehouse,Supervisor,992,2020-10-18,78142.28
7599,Employee 07599,Finance,Supervisor,822,2022-11-01,178550.47
7600,Employee 07600,Finance,Supervisor,633,2017-01-07,22139.98
7601,Employee 07601,Logistics,Coordinator,43,2017-03-05,96524.76
7602,Employee 07602,Sales,Supervisor,540,2016-02-16,66156.1
7603,Employee 07603,Logistics,Supervisor,499,2021-02-12,-10000.0
7604,Employee 07604,Finance,Coordinator,607,2024-01-27,158009.8
7605,Employee 07605,Procurement,Supervisor,935,2018-12-28,131158.8
7606,Employee 07606,Finance,Supervisor,491,2019-02-15,99551.9
7607,Employee 07607,Operations,Executive,192,2023-11-19,134822.42
7608,Employee 07608,Finance,Analyst,302,2022-07-06,171243.28
7609,Employee 07609,Logistics,Coordinator,94,2021-11-20,63184.58
7610,Employee 07610,Procurement,Associate,234,2017-03-02,61601.3
7611,Employee 07611,Sales,Executive,837,2016-09-07,169463.33
7612,Employee 07612,Warehouse,Associate,74,2022-02-08,141553.39
7613,Employee 07613,Procurement,Coordinator,837,2018-11-01,101120.62
7614,Employee 07614,Procurement,Manager,739,2019-01-26,144282.31
7615,Employee 07615,Warehouse,Analyst,907,2017-05-04,98945.59
7616,Employee 07616,Sales,Analyst,244,2021-05-14,43718.36
7617,Employee 07617,Warehouse,Coordinator,90,2021-11-14,31416.94
7618,Employee 07618,Procurement,Supervisor,808,2024-07-06,79034.16
7619,Employee 07619,Logistics,Associate,356,2018-05-06,169051.85
7620,Employee 07620,Logistics ,Manager,778,2015-01-10,55586.47
7621,Employee 07621,Operations,Supervisor,86,2017-11-08,125248.03
7622,Employee 07622,Sales,Executive,249,2021-12-02,63900.19
7623,Employee 07623,Logistics,Coordinator,386,2015-07-25,76612.12
7624,Employee 07624,sales,Supervisor,932,2015-10-14,90739.81
7625,Employee 07625,Logistics ,Analyst,964,2019-11-23,65671.25
7626,Employee 07626,Finance,Manager,316,2020-03-01,79662.47
7627,Employee 07627,Finance,Associate,102,2021-01-24,47596.87
7628,Employee 07628,Warehouse,Manager,353,2020-09-11,129561.57
7629,Employee 07629,Logistics,Analyst,571,2016-11-11,78056.06
7630,Employee 07630,Logistics,Manager,844,2017-08-04,98209.07
7631,Employee 07631,Finance,Coordinator,884,2018-03-09,163017.71
7632,Employee 07632,Warehouse,Executive,258,2020-10-04,151854.38
7633,Employee 07633,Finance,Analyst,341,2024-07-17,138224.58
7634,Employee 07634,Finance,Executive,537,2019-01-04,107982.4
7635,Employee 07635,Procurement,Analyst,315,2017-07-25,133310.64
7636,Employee 07636,finance,Executive,902,2019-05-09,102139.51
7637,Employee 07637,Warehouse,Manager,828,2018-08-15,141049.13
7638,Employee 07638,Procurement,Executive,491,2018-07-28,178230.07
7639,Employee 07639,Finance,Manager,845,2021-10-05,24744.73
7640,Employee 07640,Logistics,Executive,371,2015-09-19,62744.07
7641,Employee 07641,Operations,Analyst,845,2018-01-26,42857.49
7642,Employee 07642,Sales,Supervisor,171,2019-09-01,120112.1
7643,Employee 07643,Finance,Analyst,869,2017-12-23,87165.49
7644,Employee 07644,Finance,Associate,332,2019-01-11,137658.73
7645,Employee 07645,Sales,Coordinator,108,2017-08-15,105386.62
7646,Employee 07646,Logistics,Analyst,164,2015-10-06,35626.87
7647,Employee 07647,Logistics,Analyst,122,2015-04-13,82839.09
7648,Employee 07648,Warehouse,Manager,831,2020-03-02,109495.85
7649,Employee 07649,Operations,Executive,547,2019-11-02,178397.82
7650,Employee 07650,Procurement,Coordinator,505,2019-01-18,113033.67
7651,Employee 07651,Finance,Executive,295,2019-07-06,42864.05
7652,Employee 07652,Sales,Manager,944,2017-06-09,56906.52
7653,Employee 07653,Warehouse,Coordinator,614,2022-05-08,45039.5
7654,Employee 07654,Operations,Associate,831,2016-12-11,118539.49
7655,Employee 07655,Warehouse,Supervisor,422,2015-06-29,85313.85
7656,Employee 07656,Operations,Associate,896,2022-02-15,24411.85
7657,Employee 07657,Finance,Analyst,369,2015-10-27,92340.29
7658,Employee 07658,Logistics,Analyst,863,2015-05-02,114219.06
7659,Employee 07659,Operations,Manager,3,2016-12-12,178632.63
7660,Employee 07660,Logistics,Coordinator,597,2023-04-29,108560.4
7661,Employee 07661,Logistics,Manager,658,2017-12-07,147343.68
7662,Employee 07662,Finance,Manager,932,2019-11-20,133550.78
7663,Employee 07663,Finance,Manager,22,2022-11-02,101957.38
7664,Employee 07664,Warehouse,Manager,938,2023-11-10,38596.35
7665,Employee 07665,Warehouse,Analyst,178,2018-01-24,77192.84
7666,Employee 07666,Warehouse,Supervisor,928,2016-11-28,21792.06
7667,Employee 07667,Logistics,Coordinator,921,2017-03-04,116638.74
7668,Employee 07668,Sales,Associate,913,2019-01-24,62767.91
7669,Employee 07669,Finance,Coordinator,78,2021-06-19,111922.41
7670,Employee 07670,Procurement,Supervisor,393,2022-01-25,142163.96
7671,Employee 07671,Operations,Executive,144,2021-08-09,20505.78
7672,Employee 07672,Finance,Executive,243,2019-07-31,168274.11
7673,Employee 07673,Logistics,Manager,229,2019-08-29,171854.73
7674,Employee 07674,Sales,Analyst,41,2023-09-29,156628.48
7675,Employee 07675,Warehouse,Coordinator,574,2019-08-26,173532.89
7676,Employee 07676,Operations,Manager,346,2015-09-29,135838.79
7677,Employee 07677,Logistics,Executive,588,2015-09-14,30648.82
7678,Employee 07678,Operations,Manager,396,2023-12-23,158335.39
7679,Employee 07679,Warehouse,Coordinator,923,2023-01-23,64085.09
7680,Employee 07680,Sales,Analyst,787,2022-06-15,126583.55
7681,Employee 07681,Sales,Coordinator,316,2018-12-25,41926.15
7682,Employee 07682,Logistics,Executive,275,2024-01-11,94711.02
7683,Employee 07683,Operations,Analyst,19,2015-02-08,41322.39
7684,Employee 07684,Sales,Associate,965,2017-06-03,107139.8
7685,Employee 07685,Logistics,Coordinator,134,2015-03-31,105884.15
7686,Employee 07686,Operations,Coordinator,185,2019-05-05,62527.56
7687,Employee 07687,Finance,Associate,371,2019-12-20,143345.99
7688,Employee 07688,Finance,Coordinator,642,2023-02-08,76109.94
7689,Employee 07689,Warehouse,Executive,895,2021-10-03,175540.76
7690,Employee 07690,Logistics,Associate,412,2015-11-15,78629.54
7691,Employee 07691,Procurement,Associate,456,2021-09-29,124976.94
7692,Employee 07692,Finance,Manager,26,2015-05-23,176203.74
7693,Employee 07693,Warehouse,Associate,297,2016-05-17,141417.22
7694,Employee 07694,Sales,Associate,902,2021-10-25,146573.34
7695,Employee 07695,Logistics,Associate,371,2019-11-05,69742.41
7696,Employee 07696,Operations,Manager,943,2015-08-21,76050.21
7697,Employee 07697,Finance,Manager,481,2023-05-02,52386.54
7698,Employee 07698,Finance,Analyst,745,2016-11-22,38266.62
7699,Employee 07699,Sales,Associate,720,2016-12-13,67056.5
7700,Employee 07700,Procurement,Coordinator,116,2019-02-04,134697.83
7701,Employee 07701,Sales,Supervisor,219,2020-07-08,103312.64
7702,Employee 07702,Warehouse,Executive,909,2021-06-22,178812.39
7703,Employee 07703,Procurement,Executive,783,2016-09-12,44287.18
7704,Employee 07704,Warehouse,Coordinator,225,2017-01-25,85882.08
7705,Employee 07705,Operations,Associate,432,2020-12-02,175371.06
7706,Employee 07706,Logistics,Supervisor,447,2020-05-05,143230.57
7707,Employee 07707,Sales,Manager,690,2022-06-22,62438.15
7708,Employee 07708,Sales,Coordinator,313,2021-06-03,54648.72
7709,Employee 07709,Procurement,Coordinator,760,2016-02-09,111969.06
7710,Employee 07710,Logistics,Supervisor,177,2015-11-10,119713.43
7711,Employee 07711,Operations,Supervisor,681,2023-02-17,122811.73
7712,Employee 07712,Operations,Executive,96,2024-07-11,139169.33
7713,Employee 07713,Sales,Supervisor,995,2018-04-18,50957.03
7714,Employee 07714,Warehouse,Executive,635,2015-03-03,120603.3
7715,Employee 07715,Sales,Associate,373,2020-11-27,76247.47
7716,Employee 07716,Warehouse,Associate,547,2021-07-23,145450.15
7717,Employee 07717,Operations,Supervisor,890,2015-02-11,40449.86
7718,Employee 07718,Logistics,Manager,39,2020-06-21,74400.38
7719,Employee 07719,Finance,Analyst,786,2015-04-29,55460.18
7720,Employee 07720,Operations,Manager,713,2019-09-23,114097.87
7721,Employee 07721,Logistics,Executive,290,2020-05-28,53325.48
7722,Employee 07722,Finance,Supervisor,790,2021-11-10,125881.06
7723,Employee 07723,Finance,Executive,336,2022-07-17,62460.24
7724,Employee 07724,Warehouse,Executive,988,2018-11-07,166862.33
7725,Employee 07725,Logistics,Executive,511,2022-09-29,29150.18
7726,Employee 07726,Logistics,Associate,619,2015-12-27,97925.87
7727,Employee 07727,Warehouse ,Analyst,118,2021-02-18,130870.34
7728,Employee 07728,Warehouse,Executive,954,2017-07-29,75940.94
7729,Employee 07729,Finance,Coordinator,241,2021-05-01,35824.46
7730,Employee 07730,Sales,Manager,931,2017-12-28,177241.48
7731,Employee 07731,Finance,Analyst,888,2016-05-06,75973.48
7732,Employee 07732,Operations,Associate,442,2016-02-09,46444.09
7733,Employee 07733,Operations,Analyst,219,2020-08-13,94055.82
7734,Employee 07734,Logistics,Analyst,58,2024-01-22,138751.86
7735,Employee 07735,Sales,Associate,563,2017-09-13,146656.94
7736,Employee 07736,Warehouse,Manager,742,2016-08-08,146060.53
7737,Employee 07737,Warehouse,Analyst,133,2016-07-05,25389.02
7738,Employee 07738,Operations,Coordinator,871,2021-05-31,56146.34
7739,Employee 07739,Warehouse,Manager,565,2023-05-29,114252.02
7740,Employee 07740,Finance,Executive,688,2024-05-03,77373.29
7741,Employee 07741,Finance,Executive,49,2018-11-02,112495.46
7742,Employee 07742,Operations,Manager,15,2022-11-09,158427.83
7743,Employee 07743,Logistics,Manager,500,2015-02-22,41723.37
7744,Employee 07744,Procurement,Analyst,508,2022-08-05,55675.38
7745,Employee 07745,Logistics,Coordinator,491,2019-04-09,36834.26
7746,Employee 07746,Logistics,Analyst,177,2018-08-22,58263.55
7747,Employee 07747,Warehouse,Executive,614,2018-08-02,115182.94
7748,Employee 07748,Sales,Associate,213,2017-02-02,87036.5
7749,Employee 07749,Operations,Executive,159,2017-11-15,60326.28
7750,Employee 07750,Logistics,Coordinator,618,2022-10-29,70116.71
7751,Employee 07751,Finance,Manager,927,2016-10-24,35618.18
7752,Employee 07752,Sales,Executive,262,2021-04-05,66436.43
7753,Employee 07753,Operations,Supervisor,371,2020-08-26,74503.4
7754,Employee 07754,Procurement,Supervisor,828,2017-12-09,43287.54
7755,Employee 07755,Warehouse ,Coordinator,857,2022-09-22,72301.03
7756,Employee 07756,Operations,Executive,447,2019-01-29,37947.28
7757,Employee 07757,Logistics,Supervisor,655,2018-09-12,134274.34
7758,Employee 07758,logistics,Analyst,653,2021-12-20,31314.49
7759,Employee 07759,Procurement,Supervisor,581,2016-12-24,135801.38
7760,Employee 07760,Procurement,Coordinator,187,2018-09-09,108010.73
7761,Employee 07761,Procurement ,Coordinator,384,2023-07-18,68129.53
7762,Employee 07762,Warehouse,Analyst,542,2021-07-26,87042.84
7763,Employee 07763,,Analyst,519,2020-01-08,92802.48
7764,Employee 07764,Logistics,Coordinator,770,2016-02-10,69574.69
7765,Employee 07765,Finance,Coordinator,429,2016-05-20,26848.24
7766,Employee 07766,,Associate,771,2016-12-09,177180.02
7767,Employee 07767,Logistics,Coordinator,918,2018-09-24,24918.55
7768,Employee 07768,Finance,Executive,294,2015-03-11,143329.64
7769,Employee 07769,Sales,Associate,175,2019-02-01,136199.53
7770,Employee 07770,Logistics ,Coordinator,809,2019-12-14,76840.19
7771,Employee 07771,Logistics,Manager,243,2017-05-02,162023.17
7772,Employee 07772,Operations,Supervisor,968,2015-08-09,123360.84
7773,Employee 07773,Sales,Supervisor,701,2017-01-30,143389.19
7774,Employee 07774,Warehouse,Executive,708,2022-01-04,122030.65
7775,Employee 07775,Logistics,Coordinator,442,2019-08-15,60218.56
7776,Employee 07776,Procurement,Analyst,965,2022-08-23,52570.38
7777,Employee 07777,Sales,Supervisor,146,2018-05-01,163781.2
7778,Employee 07778,Warehouse,Manager,2,2016-09-29,119327.71
7779,Employee 07779,Finance,Manager,782,2018-09-04,21555.14
7780,Employee 07780,Procurement,Coordinator,681,2020-12-30,168120.63
7781,Employee 07781,Procurement,Coordinator,208,2021-12-24,121842.44
7782,Employee 07782,Operations,Executive,927,2018-12-29,144980.03
7783,Employee 07783,Finance,Analyst,548,2020-10-23,60514.64
7784,Employee 07784,Sales ,Manager,748,2019-10-13,80889.09
7785,Employee 07785,Logistics,Executive,951,2023-09-18,124383.19
7786,Employee 07786,Warehouse,Supervisor,140,2020-12-07,162612.99
7787,Employee 07787,Logistics,Executive,790,2018-09-24,78925.94
7788,Employee 07788,Procurement,Manager,779,2020-11-13,119726.26
7789,Employee 07789,Procurement,Coordinator,62,2023-09-02,146662.38
7790,Employee 07790,Warehouse ,Supervisor,240,2024-02-09,43092.25
7791,Employee 07791,Warehouse,Supervisor,242,2015-09-18,162646.6
7792,Employee 07792,Operations,Manager,970,2017-05-24,157124.83
7793,Employee 07793,Operations,Executive,868,2019-03-04,112347.58
7794,Employee 07794,Logistics,Supervisor,839,2016-09-23,102245.3
7795,Employee 07795,Finance,Analyst,240,2022-05-21,61479.36
7796,Employee 07796,Logistics,Supervisor,264,2017-11-30,54730.6
7797,Employee 07797,Sales,Executive,258,2022-03-09,151860.18
7798,Employee 07798,Procurement,Supervisor,613,2019-02-28,46486.47
7799,Employee 07799,Finance,Manager,676,2017-11-19,40393.77
7800,Employee 07800,Procurement,Coordinator,277,2015-01-01,165904.5
7801,Employee 07801,Procurement,Analyst,146,2019-05-21,52958.76
7802,Employee 07802,Finance,Manager,653,2020-04-21,122572.58
7803,Employee 07803,Warehouse,Supervisor,475,2018-07-22,43991.42
7804,Employee 07804,Operations,Coordinator,184,2023-05-12,65931.77
7805,Employee 07805,Warehouse,Executive,448,2018-01-12,82168.32
7806,Employee 07806,Finance,Coordinator,647,2015-12-13,85758.69
7807,Employee 07807,Warehouse,Executive,410,2015-01-25,28386.01
7808,Employee 07808,Operations,Executive,167,2017-03-09,101881.95
7809,Employee 07809,Operations,Supervisor,488,2023-11-26,160919.77
7810,Employee 07810,Sales,Manager,104,2024-02-02,104327.98
7811,Employee 07811,Warehouse,Manager,217,2024-07-16,123640.05
7812,Employee 07812,Operations,Associate,646,2015-01-15,122607.39
7813,Employee 07813,Logistics,Coordinator,199,2015-08-19,173429.43
7814,Employee 07814,Sales,Coordinator,800,2020-05-01,19742.32
7815,Employee 07815,Sales,Analyst,438,2022-01-10,138587.68
7816,Employee 07816,Operations,Analyst,248,2017-11-19,75443.56
7817,Employee 07817,Procurement,Executive,827,2021-09-11,66670.79
7818,Employee 07818,Procurement,Executive,486,2024-04-20,72534.38
7819,Employee 07819,Warehouse,Supervisor,853,2019-05-28,71177.67
7820,Employee 07820,Operations,Coordinator,849,2015-07-06,51924.65
7821,Employee 07821,Procurement,Manager,751,2016-10-22,74527.15
7822,Employee 07822,Sales,Supervisor,233,2017-05-09,37584.23
7823,Employee 07823,Procurement,Supervisor,764,2016-04-17,96635.54
7824,Employee 07824,Finance,Manager,103,2021-01-28,32514.41
7825,Employee 07825,Sales,Analyst,86,2018-03-11,103075.41
7826,Employee 07826,Operations,Manager,314,2017-09-13,115255.22
7827,Employee 07827,Procurement,Manager,384,2018-03-13,117009.71
7828,Employee 07828,Operations,Supervisor,377,2018-02-27,48706.03
7829,Employee 07829,Procurement,Analyst,93,2016-05-03,67318.22
7830,Employee 07830,Operations,Coordinator,721,2022-07-05,129729.05
7831,Employee 07831,Warehouse,Associate,879,2018-04-03,71781.8
7832,Employee 07832,Sales,Analyst,6,2017-11-12,92887.87
7833,Employee 07833,Logistics,Analyst,900,2018-05-01,82182.28
7834,Employee 07834,Operations,Executive,573,2016-01-26,94955.57
7835,Employee 07835,Sales,Supervisor,481,2017-12-11,161206.0
7836,Employee 07836,Logistics,Analyst,177,2023-07-16,174653.28
7837,Employee 07837,Operations,Coordinator,155,2020-11-12,133529.56
7838,Employee 07838,Warehouse,Executive,158,2015-02-19,86316.54
7839,Employee 07839,Procurement,Analyst,500,2015-02-03,52791.06
7840,Employee 07840,Procurement,Analyst,184,2024-06-22,111655.03
7841,Employee 07841,Procurement,Supervisor,621,2022-01-15,124565.99
7842,Employee 07842,Finance ,Analyst,294,2015-12-16,40591.48
7843,Employee 07843,Finance,Manager,465,2020-12-05,115713.87
7844,Employee 07844,Logistics,Executive,328,2020-03-28,148077.83
7845,Employee 07845,Finance,Coordinator,434,2022-11-26,56224.5
7846,Employee 07846,Procurement,Supervisor,178,2015-04-26,65548.49
7847,Employee 07847,Warehouse,Executive,398,2020-09-25,38641.8
7848,Employee 07848,Warehouse,Executive,17,2020-03-10,177078.38
7849,Employee 07849,Finance,Supervisor,201,2024-05-21,160976.49
7850,Employee 07850,Procurement ,Manager,208,2022-04-12,139411.44
7851,Employee 07851,Operations,Coordinator,870,2019-03-02,0.0
7852,Employee 07852,Sales,Executive,81,2015-10-17,169447.19
7853,Employee 07853,Warehouse,Associate,226,2019-08-22,21948.64
7854,Employee 07854,warehouse ,Executive,417,2019-01-14,65236.19
7855,Employee 07855,Warehouse,Supervisor,981,2017-02-08,169818.52
7856,Employee 07856,,Manager,653,2016-01-04,114890.66
7857,Employee 07857,Operations,Supervisor,510,2017-10-05,161928.67
7858,Employee 07858,Logistics,Analyst,685,2018-01-09,44934.52
7859,Employee 07859,Logistics,Analyst,952,2015-10-21,162311.71
7860,Employee 07860,Finance,Supervisor,295,2022-11-19,135547.35
7861,Employee 07861,Warehouse,Analyst,774,2021-09-12,54660.28
7862,Employee 07862,Logistics,Manager,453,2022-07-04,53904.18
7863,Employee 07863,Procurement,Supervisor,384,2023-01-03,31809.84
7864,Employee 07864,Warehouse,Analyst,182,2022-11-16,21737.34
7865,Employee 07865,Logistics,Executive,27,2023-05-25,47107.46
7866,Employee 07866,Sales,Coordinator,481,2020-10-13,137558.32
7867,Employee 07867,Finance,Coordinator,281,2023-12-25,53678.05
7868,Employee 07868,Sales,Manager,597,2021-09-17,39003.99
7869,Employee 07869,,Coordinator,185,2016-05-13,48306.26
7870,Employee 07870,Procurement,Supervisor,219,2015-02-01,37593.78
7871,Employee 07871,Logistics,Supervisor,371,2015-01-27,51568.24
7872,Employee 07872,Finance,Analyst,48,2019-04-12,35185.44
7873,Employee 07873,Sales,Coordinator,362,2020-03-22,109501.68
7874,Employee 07874,Sales,Supervisor,39,2015-08-25,179235.34
7875,Employee 07875,,Supervisor,712,2016-03-25,107602.13
7876,Employee 07876,Operations,Analyst,313,2016-01-26,144400.18
7877,Employee 07877,Finance,Analyst,587,2021-12-22,176506.34
7878,Employee 07878,Operations,Supervisor,327,2015-08-14,23546.51
7879,Employee 07879,Finance,Associate,253,2022-05-23,97422.67
7880,Employee 07880,Procurement,Associate,136,2022-01-25,101015.64
7881,Employee 07881,Sales,Coordinator,343,2021-07-27,120132.3
7882,Employee 07882,Finance,Associate,407,2018-02-20,27940.81
7883,Employee 07883,Sales,Coordinator,102,2015-03-03,55824.73
7884,Employee 07884,Sales,Manager,215,2017-07-17,132861.48
7885,Employee 07885,Warehouse,Coordinator,235,2017-12-27,104516.01
7886,Employee 07886,Logistics,Manager,129,2017-06-25,156191.69
7887,Employee 07887,Finance,Executive,309,2021-12-14,65946.39
7888,Employee 07888,Sales,Supervisor,686,2017-03-13,128264.33
7889,Employee 07889,Warehouse,Coordinator,540,2022-09-08,108903.45
7890,Employee 07890,Finance,Executive,768,2019-12-13,136911.74
7891,Employee 07891,Procurement,Executive,518,2021-02-05,158459.31
7892,Employee 07892,Operations,Associate,471,2024-07-23,175472.08
7893,Employee 07893,Finance,Supervisor,60,2018-08-21,112170.66
7894,Employee 07894,Sales,Executive,432,2019-12-25,121412.91
7895,Employee 07895,Procurement,Manager,276,2018-07-31,27631.62
7896,Employee 07896,Sales,Executive,120,2016-06-09,58153.23
7897,Employee 07897,Sales,Supervisor,392,2016-08-06,88139.16
7898,Employee 07898,Finance,Executive,871,2015-12-07,78192.75
7899,Employee 07899,Sales,Associate,435,2024-01-11,34738.4
7900,Employee 07900,Logistics,Executive,545,2018-05-28,66600.61
7901,Employee 07901,Sales,Analyst,693,2015-10-09,86577.2
7902,Employee 07902,Logistics,Manager,115,2022-01-28,53035.42
7903,Employee 07903,Procurement,Associate,162,2015-08-01,78526.65
7904,Employee 07904,Warehouse,Executive,95,2018-02-10,92207.79
7905,Employee 07905,Sales,Manager,955,2017-05-08,22470.13
7906,Employee 07906,Logistics,Supervisor,121,2015-10-30,128729.88
7907,Employee 07907,Warehouse,Executive,493,2017-08-09,136386.93
7908,Employee 07908,Operations,Analyst,942,2015-10-06,33709.27
7909,Employee 07909,Procurement,Analyst,491,2021-11-27,112088.85
7910,Employee 07910,Operations,Executive,203,2022-04-22,132541.94
7911,Employee 07911,Warehouse,Coordinator,74,2019-02-16,142578.92
7912,Employee 07912,Warehouse,Manager,549,2017-01-19,168708.17
7913,Employee 07913,Logistics,Manager,590,2022-09-17,92068.99
7914,Employee 07914,Warehouse,Analyst,606,2018-12-20,62747.07
7915,Employee 07915,Operations,Executive,523,2023-04-02,45702.0
7916,Employee 07916,Procurement,Coordinator,906,2015-04-08,153748.57
7917,Employee 07917,Procurement,Coordinator,939,2015-07-21,110203.83
7918,Employee 07918,Sales,Executive,689,2017-11-30,61510.37
7919,Employee 07919,Operations,Associate,347,2019-08-30,79276.17
7920,Employee 07920,Operations,Coordinator,727,2015-01-10,170770.16
7921,Employee 07921,Warehouse,Analyst,941,2023-05-31,67123.16
7922,Employee 07922,Sales,Executive,869,2017-12-25,169776.66
7923,Employee 07923,Warehouse,Manager,735,2016-03-29,148165.35
7924,Employee 07924,Sales,Supervisor,866,2021-01-24,87171.1
7925,Employee 07925,Logistics,Analyst,525,2019-01-08,109856.95
7926,Employee 07926,Sales,Supervisor,950,2015-10-06,160466.49
7927,Employee 07927,Operations,Supervisor,907,2022-08-13,153442.43
7928,Employee 07928,operations,Associate,623,2019-02-25,60989.86
7929,Employee 07929,Finance,Coordinator,100,2018-12-15,61648.53
7930,Employee 07930,Operations,Associate,301,2020-07-16,179092.26
7931,Employee 07931,Procurement,Analyst,848,2021-09-14,64205.52
7932,Employee 07932,Finance,Supervisor,406,2020-06-16,73868.23
7933,Employee 07933,Warehouse,Analyst,345,2020-11-02,170407.84
7934,Employee 07934,Warehouse,Associate,164,2015-02-02,57196.73
7935,Employee 07935,Operations,Coordinator,721,2022-07-04,54055.32
7936,Employee 07936,Warehouse,Executive,578,2016-05-26,60538.97
7937,Employee 07937,Sales,Analyst,248,2020-08-31,36496.84
7938,Employee 07938,Finance,Executive,45,2022-04-05,29589.0
7939,Employee 07939,Warehouse,Associate,793,2017-04-18,104052.75
7940,Employee 07940,Operations,Manager,850,2016-03-14,176430.86
7941,Employee 07941,Sales,Coordinator,785,2020-07-03,97398.31
7942,Employee 07942,Sales,Executive,718,2015-12-29,116933.19
7943,Employee 07943,Warehouse,Coordinator,395,2015-08-22,102547.99
7944,Employee 07944,Warehouse,Supervisor,838,2021-08-29,168834.3
7945,Employee 07945,Warehouse,Manager,783,2015-12-02,131844.39
7946,Employee 07946,Logistics,Manager,873,2022-01-17,102275.97
7947,Employee 07947,Sales,Associate,644,2015-06-14,50037.94
7948,Employee 07948,Logistics,Associate,178,2023-02-04,108458.3
7949,Employee 07949,Warehouse,Manager,653,2018-03-02,61593.8
7950,Employee 07950,Operations,Coordinator,884,2019-01-26,42742.75
7951,Employee 07951,Logistics,Manager,181,2015-06-06,114189.59
7952,Employee 07952,Warehouse,Manager,773,2019-11-29,148428.24
7953,Employee 07953,Warehouse,Supervisor,370,2016-05-03,54599.23
7954,Employee 07954,warehouse,Executive,866,2015-08-16,127038.4
7955,Employee 07955,Logistics,Supervisor,843,2024-06-11,123938.21
7956,Employee 07956,Procurement,Analyst,782,2018-04-30,66707.88
7957,Employee 07957,Procurement,Associate,288,2019-03-25,170746.89
7958,Employee 07958,Sales,Supervisor,49,2018-08-23,29873.49
7959,Employee 07959,Logistics,Supervisor,797,2015-01-22,131549.53
7960,Employee 07960,Procurement,Executive,857,2017-07-25,116028.64
7961,Employee 07961,Warehouse,Associate,100,2015-09-14,153758.1
7962,Employee 07962,Operations,Executive,550,2024-05-01,177786.85
7963,Employee 07963,Logistics,Analyst,818,2018-07-13,22424.95
7964,Employee 07964,Sales,Supervisor,440,2023-11-11,105942.5
7965,Employee 07965,Warehouse,Associate,720,2015-04-10,169330.31
7966,Employee 07966,Procurement,Analyst,770,2017-06-16,70479.28
7967,Employee 07967,operations,Executive,522,2023-05-12,157224.84
7968,Employee 07968,Procurement,Analyst,351,2017-08-16,123352.09
7969,Employee 07969,Finance,Coordinator,516,2015-12-03,31575.65
7970,Employee 07970,Sales,Analyst,799,2024-06-20,22019.79
7971,Employee 07971,Operations,Executive,94,2018-11-14,94420.83
7972,Employee 07972,Operations,Manager,117,2018-10-14,78785.46
7973,Employee 07973,Operations,Supervisor,503,2021-01-11,104026.22
7974,Employee 07974,Warehouse,Analyst,990,2022-12-24,60365.67
7975,Employee 07975,Procurement,Executive,105,2016-07-24,64342.23
7976,Employee 07976,Warehouse,Associate,322,2018-01-03,68033.59
7977,Employee 07977,Warehouse,Coordinator,393,2020-06-11,125569.23
7978,Employee 07978,Warehouse,Associate,547,2022-03-03,76263.0
7979,Employee 07979,Warehouse,Supervisor,234,2022-07-06,77530.71
7980,Employee 07980,Logistics,Manager,180,2016-02-09,76041.83
7981,Employee 07981,Warehouse,Coordinator,704,2017-06-21,172408.49
7982,Employee 07982,Finance,Supervisor,93,2023-05-15,103119.11
7983,Employee 07983,Warehouse,Manager,365,2020-08-04,135639.09
7984,Employee 07984,Logistics,Executive,914,2021-10-23,49598.3
7985,Employee 07985,Operations,Supervisor,392,2017-03-13,53625.96
7986,Employee 07986,Sales,Associate,14,2020-08-14,114267.77
7987,Employee 07987,Logistics,Coordinator,214,2023-07-04,31058.34
7988,Employee 07988,Warehouse,Manager,250,2024-01-23,30546.07
7989,Employee 07989,Sales,Supervisor,194,2022-05-02,142752.82
7990,Employee 07990,Procurement,Analyst,547,2017-08-02,141394.35
7991,Employee 07991,Operations,Manager,859,2015-01-21,58114.85
7992,Employee 07992,Operations,Analyst,67,2021-11-01,38296.88
7993,Employee 07993,Sales,Supervisor,186,2016-05-08,70103.31
7994,Employee 07994,Sales,Associate,509,2021-08-17,46801.15
7995,Employee 07995,Logistics,Analyst,260,2018-08-07,93706.44
7996,Employee 07996,Logistics,Coordinator,151,2024-04-06,48062.98
7997,Employee 07997,Operations,Manager,63,2015-09-29,37798.79
7998,Employee 07998,Logistics,Manager,137,2021-12-28,151710.89
7999,Employee 07999,Finance,Associate,577,2018-08-08,139825.78
8000,Employee 08000,Warehouse,Manager,907,2016-07-02,96975.15
8001,Employee 08001,Logistics,Manager,661,2021-06-02,88550.91
8002,Employee 08002,Logistics,Executive,439,2019-02-08,95148.35
8003,Employee 08003,Procurement,Coordinator,811,2018-04-09,101705.34
8004,Employee 08004,Sales,Supervisor,492,2015-07-19,103393.21
8005,Employee 08005,Finance,Associate,945,2016-10-28,60683.5
8006,Employee 08006,Finance,Associate,143,2023-03-22,175675.94
8007,Employee 08007,Procurement,Associate,588,2021-08-25,118555.45
8008,Employee 08008,Operations ,Supervisor,143,2016-10-24,169281.31
8009,Employee 08009,Sales,Coordinator,37,2021-06-28,37778.12
8010,Employee 08010,Sales,Supervisor,619,2024-07-24,51782.27
8011,Employee 08011,Sales,Executive,720,2024-04-12,39509.84
8012,Employee 08012,Logistics,Analyst,651,2017-11-20,40029.99
8013,Employee 08013,Finance,Supervisor,458,2021-05-16,119853.1
8014,Employee 08014,Sales,Supervisor,799,2022-02-20,40392.34
8015,Employee 08015,Procurement,Coordinator,814,2022-04-27,107083.24
8016,Employee 08016,Operations,Associate,100,2018-01-03,121458.43
8017,Employee 08017,Logistics,Supervisor,68,2023-05-03,77693.11
8018,Employee 08018,Warehouse,Manager,157,2017-03-25,130422.85
8019,Employee 08019,Logistics,Executive,357,2017-06-02,88635.31
8020,Employee 08020,Finance,Associate,169,2022-10-23,119377.25
8021,Employee 08021,procurement,Manager,197,2015-01-12,46901.2
8022,Employee 08022,Warehouse,Coordinator,854,2024-05-31,68197.92
8023,Employee 08023,Warehouse,Coordinator,756,2018-11-23,97487.75
8024,Employee 08024,Logistics,Executive,835,2018-04-09,169281.22
8025,Employee 08025,Operations,Executive,670,2015-12-14,50977.31
8026,Employee 08026,Finance,Coordinator,178,2018-02-16,153070.1
8027,Employee 08027,Sales,Analyst,922,2022-02-28,179706.95
8028,Employee 08028,Operations,Analyst,494,2023-10-22,149866.3
8029,Employee 08029,sales,Supervisor,903,2020-06-20,91909.1
8030,Employee 08030,Procurement,Coordinator,931,2022-12-31,114952.41
8031,Employee 08031,Procurement ,Executive,730,2016-08-19,150189.81
8032,Employee 08032,Warehouse,Manager,220,2019-09-14,68112.63
8033,Employee 08033,Procurement,Supervisor,385,2024-07-25,156017.39
8034,Employee 08034,Operations,Coordinator,691,2023-10-28,80763.77
8035,Employee 08035,Warehouse,Coordinator,989,2016-07-09,118616.85
8036,Employee 08036,Procurement,Supervisor,924,2015-06-02,169661.65
8037,Employee 08037,Warehouse,Supervisor,303,2015-06-01,156657.65
8038,Employee 08038,Sales,Manager,329,2018-09-10,71060.91
8039,Employee 08039,Warehouse,Associate,476,2018-03-08,59282.66
8040,Employee 08040,Procurement,Associate,366,2022-01-14,116924.76
8041,Employee 08041,Logistics,Coordinator,83,2019-05-19,44230.78
8042,Employee 08042,Sales,Manager,307,2020-01-01,161007.72
8043,Employee 08043,Warehouse,Analyst,175,2024-01-16,53794.14
8044,Employee 08044,Sales,Analyst,533,2022-04-27,175451.72
8045,Employee 08045,Procurement,Coordinator,854,2019-07-06,124815.48
8046,Employee 08046,Finance,Associate,237,2021-08-16,91809.74
8047,Employee 08047,Logistics,Associate,756,2018-01-01,94081.91
8048,Employee 08048,Finance,Associate,333,2015-02-09,142661.32
8049,Employee 08049,Logistics,Executive,63,2022-08-20,130743.09
8050,Employee 08050,Sales,Executive,892,2016-02-17,90925.75
8051,Employee 08051,Sales,Coordinator,826,2020-04-30,59697.29
8052,Employee 08052,Warehouse,Executive,392,2020-02-21,76768.04
8053,Employee 08053,,Manager,633,2016-06-08,21801.71
8054,Employee 08054,Warehouse,Analyst,747,2020-07-04,128407.19
8055,Employee 08055,Sales ,Analyst,517,2015-03-17,134721.66
8056,Employee 08056,Finance,Coordinator,125,2016-06-25,82612.75
8057,Employee 08057,Sales,Supervisor,947,2020-02-15,124523.37
8058,Employee 08058,Operations,Executive,829,2021-04-02,89960.95
8059,Employee 08059,Operations,Coordinator,265,2021-10-27,162029.0
8060,Employee 08060,Finance,Analyst,835,2020-08-02,154341.99
8061,Employee 08061,Operations,Associate,801,2022-10-16,75923.95
8062,Employee 08062,Procurement,Associate,684,2021-12-12,37902.89
8063,Employee 08063,Finance,Analyst,333,2020-09-24,119578.87
8064,Employee 08064,Warehouse,Supervisor,355,2021-02-01,85375.7
8065,Employee 08065,Finance,Coordinator,382,2024-03-15,94993.92
8066,Employee 08066,Finance,Coordinator,104,2021-05-14,164189.28
8067,Employee 08067,Sales,Coordinator,976,2015-12-12,32757.69
8068,Employee 08068,Operations,Manager,127,2020-07-01,85927.26
8069,Employee 08069,,Executive,254,2020-03-16,62738.12
8070,Employee 08070,Sales,Manager,732,2023-07-05,179745.59
8071,Employee 08071,Operations,Associate,146,2023-08-07,32139.68
8072,Employee 08072,Procurement,Associate,125,2022-06-12,127470.67
8073,Employee 08073,Procurement,Manager,134,2023-12-20,144724.74
8074,Employee 08074,sales,Manager,652,2023-11-28,111515.59
8075,Employee 08075,Finance,Executive,130,2023-03-09,21755.28
8076,Employee 08076,Operations,Supervisor,435,2024-05-19,104868.59
8077,Employee 08077,Warehouse,Executive,152,2023-05-13,94730.44
8078,Employee 08078,Procurement,Analyst,426,2018-05-01,124932.35
8079,Employee 08079,Procurement,Associate,492,2018-03-09,148196.54
8080,Employee 08080,Procurement,Coordinator,902,2022-11-11,120680.17
8081,Employee 08081,Finance,Executive,755,2023-04-29,96283.75
8082,Employee 08082,Warehouse,Associate,823,2016-03-20,47031.55
8083,Employee 08083,Sales,Associate,945,2022-01-21,164218.09
8084,Employee 08084,Warehouse,Executive,941,2016-05-06,25103.89
8085,Employee 08085,Procurement,Associate,985,2016-10-18,163963.5
8086,Employee 08086,Operations,Coordinator,454,2015-10-16,76841.43
8087,Employee 08087,Logistics,Analyst,115,2019-05-25,64901.77
8088,Employee 08088,Warehouse,Supervisor,269,2022-07-12,122823.22
8089,Employee 08089,Sales,Analyst,214,2024-06-08,40389.56
8090,Employee 08090,Logistics,Coordinator,890,2023-04-04,171495.38
8091,Employee 08091,Logistics,Supervisor,426,2015-06-21,164442.38
8092,Employee 08092,Logistics,Coordinator,509,2019-03-27,117284.53
8093,Employee 08093,Operations,Manager,939,2017-10-26,160435.81
8094,Employee 08094,Operations,Manager,98,2015-07-16,122240.33
8095,Employee 08095,Warehouse,Executive,44,2019-04-02,107719.07
8096,Employee 08096,Procurement,Analyst,945,2023-07-12,39868.61
8097,Employee 08097,Sales,Executive,563,2021-02-15,45758.51
8098,Employee 08098,Operations,Executive,452,2017-09-19,177634.94
8099,Employee 08099,Finance,Manager,410,2015-07-16,123629.92
8100,Employee 08100,Logistics,Associate,931,2015-06-03,65253.25
8101,Employee 08101,Operations,Manager,47,2019-05-07,72944.97
8102,Employee 08102,Logistics,Supervisor,455,2022-11-22,61931.97
8103,Employee 08103,Sales,Executive,614,2023-12-07,168497.28
8104,Employee 08104,Sales,Associate,124,2015-06-29,77715.34
8105,Employee 08105,Logistics,Analyst,295,2015-08-23,133211.77
8106,Employee 08106,Sales,Executive,920,2016-09-09,89474.49
8107,Employee 08107,Finance,Supervisor,676,2020-10-10,150874.29
8108,Employee 08108,Operations,Supervisor,307,2017-05-08,153452.45
8109,Employee 08109,Sales,Associate,60,2016-05-09,82995.56
8110,Employee 08110,Procurement,Associate,76,2021-11-25,109193.66
8111,Employee 08111,Operations,Manager,951,2016-09-30,143506.29
8112,Employee 08112,Warehouse,Executive,879,2015-08-26,157977.51
8113,Employee 08113,Sales,Supervisor,202,2023-10-15,63160.67
8114,Employee 08114,Warehouse,Executive,125,2019-03-12,101165.78
8115,Employee 08115,Sales,Analyst,559,2024-02-18,177945.85
8116,Employee 08116,Procurement,Coordinator,73,2017-08-31,-10000.0
8117,Employee 08117,Sales,Analyst,509,2021-10-09,88946.29
8118,Employee 08118,Sales,Executive,146,2016-06-26,77019.65
8119,Employee 08119,Sales,Analyst,580,2017-06-18,171357.43
8120,Employee 08120,Warehouse,Associate,726,2018-10-02,117559.15
8121,Employee 08121,Sales,Supervisor,470,2016-05-27,135388.89
8122,Employee 08122,Procurement,Associate,600,2016-07-28,171158.72
8123,Employee 08123,Warehouse,Supervisor,484,2020-09-25,54429.02
8124,Employee 08124,Sales,Analyst,334,2019-12-28,147231.15
8125,Employee 08125,Sales,Analyst,457,2020-04-26,159839.51
8126,Employee 08126,Logistics,Manager,493,2020-10-08,106034.03
8127,Employee 08127,Operations,Executive,97,2020-02-02,34045.98
8128,Employee 08128,Finance,Coordinator,379,2016-04-03,23218.54
8129,Employee 08129,Operations,Associate,161,2023-03-26,64859.88
8130,Employee 08130,Logistics,Coordinator,666,2024-05-02,38938.42
8131,Employee 08131,Finance,Analyst,181,2017-03-27,36512.69
8132,Employee 08132,Sales,Supervisor,982,2015-12-06,74434.07
8133,Employee 08133,Finance,Associate,634,2015-03-21,171067.25
8134,Employee 08134,Logistics,Manager,373,2016-05-11,35813.03
8135,Employee 08135,Procurement,Executive,938,2017-02-02,156161.17
8136,Employee 08136,Procurement,Coordinator,604,2024-07-08,135021.53
8137,Employee 08137,Procurement,Supervisor,729,2024-02-26,40423.49
8138,Employee 08138,Logistics,Associate,970,2017-05-02,63991.4
8139,Employee 08139,Warehouse,Executive,639,2017-08-02,26366.11
8140,Employee 08140,Sales,Coordinator,658,2018-03-27,144215.98
8141,Employee 08141,Warehouse,Analyst,322,2022-05-05,149280.96
8142,Employee 08142,Logistics,Analyst,531,2019-04-06,62676.43
8143,Employee 08143,Sales,Coordinator,468,2020-09-14,26887.79
8144,Employee 08144,Procurement,Manager,430,2016-08-04,176842.89
8145,Employee 08145,Sales,Executive,769,2017-08-16,43719.79
8146,Employee 08146,Procurement,Executive,9,2023-04-14,82138.33
8147,Employee 08147,Logistics,Associate,208,2022-12-21,23628.47
8148,Employee 08148,Sales,Analyst,472,2016-10-22,120695.79
8149,Employee 08149,Operations,Manager,16,2020-09-25,125129.55
8150,Employee 08150,Procurement,Coordinator,873,2022-02-18,163558.51
8151,Employee 08151,Sales,Supervisor,198,2022-10-20,40050.32
8152,Employee 08152,Operations,Manager,423,2019-05-21,42575.1
8153,Employee 08153,Warehouse,Analyst,892,2024-06-05,44515.89
8154,Employee 08154,Warehouse,Manager,384,2015-04-29,37209.14
8155,Employee 08155,Sales,Manager,342,2024-06-18,96212.68
8156,Employee 08156,Procurement,Supervisor,730,2016-11-17,132951.14
8157,Employee 08157,Sales,Manager,664,2022-01-14,134449.28
8158,Employee 08158,Finance,Associate,939,2020-01-11,43297.4
8159,Employee 08159,Operations,Coordinator,321,2021-05-08,82159.07
8160,Employee 08160,Procurement,Coordinator,214,2022-10-07,117474.95
8161,Employee 08161,Logistics,Analyst,149,2019-11-17,124906.16
8162,Employee 08162,Operations ,Coordinator,874,2016-09-20,41255.32
8163,Employee 08163,Sales,Coordinator,964,2021-01-05,26765.53
8164,Employee 08164,Operations,Supervisor,571,2020-12-13,132555.91
8165,Employee 08165,Sales,Supervisor,931,2024-07-02,108211.29
8166,Employee 08166,Sales,Executive,410,2021-02-16,121747.62
8167,Employee 08167,Finance,Executive,666,2021-12-06,108011.02
8168,Employee 08168,Finance,Coordinator,259,2019-09-28,159547.52
8169,Employee 08169,Finance,Associate,219,2017-11-04,60290.91
8170,Employee 08170,Warehouse,Coordinator,383,2021-12-15,83145.09
8171,Employee 08171,Logistics,Analyst,528,2022-05-25,54191.51
8172,Employee 08172,Sales,Supervisor,626,2016-07-18,174804.35
8173,Employee 08173,Logistics,Analyst,269,2016-06-11,31268.51
8174,Employee 08174,Finance,Manager,762,2020-11-14,165689.72
8175,Employee 08175,Procurement,Associate,562,2021-12-29,158285.93
8176,Employee 08176,Sales,Manager,308,2021-04-03,27112.71
8177,Employee 08177,Procurement,Analyst,133,2021-09-05,0.0
8178,Employee 08178,Warehouse,Analyst,142,2016-12-17,42352.45
8179,Employee 08179,Sales,Supervisor,441,2016-08-09,74295.04
8180,Employee 08180,warehouse,Coordinator,828,2019-03-03,107644.42
8181,Employee 08181,Procurement,Coordinator,34,2019-07-12,177176.4
8182,Employee 08182,Logistics,Coordinator,407,2016-10-22,169418.55
8183,Employee 08183,Procurement,Manager,857,2024-07-07,70860.35
8184,Employee 08184,Finance,Analyst,188,2023-10-08,142519.32
8185,Employee 08185,Warehouse,Coordinator,204,2018-02-21,118318.54
8186,Employee 08186,logistics,Analyst,897,2023-06-15,27486.74
8187,Employee 08187,Finance,Supervisor,607,2015-05-11,33490.24
8188,Employee 08188,Logistics,Analyst,294,2019-04-20,42715.1
8189,Employee 08189,Operations,Supervisor,945,2015-10-21,77613.27
8190,Employee 08190,Sales,Executive,850,2023-02-28,44289.53
8191,Employee 08191,Finance,Analyst,599,2022-12-02,156952.03
8192,Employee 08192,Warehouse,Supervisor,554,2021-01-21,82916.55
8193,Employee 08193,Procurement,Analyst,613,2015-10-17,33754.69
8194,Employee 08194,Warehouse,Manager,486,2016-06-08,20354.76
8195,Employee 08195,Procurement,Manager,820,2018-10-24,54325.53
8196,Employee 08196,Warehouse,Executive,667,2016-07-21,169686.97
8197,Employee 08197,Logistics,Coordinator,794,2018-09-27,145795.87
8198,Employee 08198,Warehouse,Supervisor,429,2021-12-27,93042.16
8199,Employee 08199,Operations,Associate,324,2018-06-11,45406.91
8200,Employee 08200,Sales,Coordinator,905,2015-03-27,60449.02
8201,Employee 08201,Procurement,Supervisor,328,2021-04-25,125416.22
8202,Employee 08202,Finance,Coordinator,768,2018-01-26,72919.39
8203,Employee 08203,Finance,Coordinator,842,2015-12-11,24242.03
8204,Employee 08204,Warehouse,Coordinator,262,2016-03-06,87036.27
8205,Employee 08205,Sales,Supervisor,992,2017-07-26,179658.76
8206,Employee 08206,Warehouse,Coordinator,722,2022-06-29,175886.99
8207,Employee 08207,Warehouse,Supervisor,388,2019-12-12,70343.17
8208,Employee 08208,Finance,Executive,596,2018-04-18,91560.79
8209,Employee 08209,Sales,Manager,254,2024-07-05,179734.17
8210,Employee 08210,Procurement,Analyst,316,2021-02-02,40627.98
8211,Employee 08211,Sales,Executive,516,2021-04-02,150739.09
8212,Employee 08212,Procurement,Associate,570,2016-10-11,63564.72
8213,Employee 08213,Procurement,Associate,24,2015-11-30,175503.11
8214,Employee 08214,Logistics,Associate,674,2017-03-08,70724.27
8215,Employee 08215,Finance,Executive,304,2017-08-22,144144.81
8216,Employee 08216,sales,Supervisor,956,2017-07-21,138492.23
8217,Employee 08217,Warehouse,Analyst,272,2019-10-22,150160.42
8218,Employee 08218,Procurement,Executive,634,2019-11-15,158407.65
8219,Employee 08219,Logistics,Associate,93,2024-07-09,27972.53
8220,Employee 08220,Finance,Supervisor,134,2018-03-01,104370.62
8221,Employee 08221,Finance,Supervisor,73,2023-03-28,141265.29
8222,Employee 08222,Finance,Coordinator,107,2018-02-10,36010.28
8223,Employee 08223,Sales,Manager,406,2021-01-04,47845.71
8224,Employee 08224,Sales,Executive,276,2021-02-02,135875.03
8225,Employee 08225,Warehouse,Manager,892,2018-11-29,158168.95
8226,Employee 08226,Logistics,Associate,308,2020-01-01,43033.98
8227,Employee 08227,Warehouse,Coordinator,138,2021-09-10,118419.45
8228,Employee 08228,Logistics,Supervisor,273,2020-03-25,77150.41
8229,Employee 08229,Sales,Executive,2,2016-07-14,76448.46
8230,Employee 08230,Finance,Analyst,757,2019-06-14,61737.7
8231,Employee 08231,Logistics,Coordinator,951,2015-04-21,125302.1
8232,Employee 08232,Logistics,Analyst,604,2017-11-23,102355.52
8233,Employee 08233,Procurement,Executive,409,2021-12-12,72530.29
8234,Employee 08234,Logistics ,Executive,719,2020-02-05,147764.04
8235,Employee 08235,Logistics,Coordinator,991,2019-02-28,80525.59
8236,Employee 08236,Finance,Associate,116,2024-07-15,100122.72
8237,Employee 08237,Logistics,Supervisor,990,2023-05-24,168740.8
8238,Employee 08238,Finance,Supervisor,551,2019-10-12,165534.63
8239,Employee 08239,Logistics,Analyst,70,2017-04-08,54423.02
8240,Employee 08240,Sales,Supervisor,573,2018-09-02,80861.19
8241,Employee 08241,Logistics,Manager,644,2018-08-17,176206.41
8242,Employee 08242,Warehouse,Supervisor,687,2017-10-26,29800.86
8243,Employee 08243,Warehouse,Analyst,103,2015-09-01,177961.93
8244,Employee 08244,Finance,Supervisor,574,2017-06-15,165708.8
8245,Employee 08245,Operations,Executive,616,2021-12-19,78219.8
8246,Employee 08246,Procurement,Coordinator,986,2019-08-10,92319.1
8247,Employee 08247,Operations,Supervisor,720,2018-02-04,59442.35
8248,Employee 08248,Finance,Manager,202,2015-12-03,120161.97
8249,Employee 08249,Warehouse,Associate,275,2020-02-24,36550.26
8250,Employee 08250,Finance,Supervisor,712,2015-04-13,53274.41
8251,Employee 08251,Operations,Coordinator,978,2021-02-02,81580.95
8252,Employee 08252,Sales,Executive,122,2015-08-20,46914.4
8253,Employee 08253,Sales,Coordinator,534,2018-01-07,134597.08
8254,Employee 08254,Logistics,Executive,566,2019-08-30,30116.0
8255,Employee 08255,Sales,Supervisor,921,2019-05-08,49705.37
8256,Employee 08256,Procurement,Supervisor,213,2015-06-02,39097.64
8257,Employee 08257,Finance,Manager,864,2017-09-05,82666.42
8258,Employee 08258,Logistics,Analyst,344,2020-08-13,55230.48
8259,Employee 08259,Finance,Associate,365,2019-04-05,157301.77
8260,Employee 08260,Sales,Associate,612,2022-07-23,103292.2
8261,Employee 08261,Finance,Executive,42,2016-12-14,141043.49
8262,Employee 08262,Operations,Associate,732,2022-07-17,63032.31
8263,Employee 08263,Procurement,Coordinator,933,2022-03-13,158967.83
8264,Employee 08264,Logistics,Analyst,864,2016-06-01,137605.85
8265,Employee 08265,Finance,Manager,237,2016-12-22,172070.85
8266,Employee 08266,Procurement,Executive,996,2020-08-06,178914.09
8267,Employee 08267,Sales,Analyst,664,2017-06-28,127974.47
8268,Employee 08268,Finance,Coordinator,809,2018-08-27,97425.62
8269,Employee 08269,Logistics,Associate,350,2023-09-12,136593.26
8270,Employee 08270,Procurement,Analyst,138,2023-09-19,60797.88
8271,Employee 08271,Procurement,Manager,956,2018-01-15,110072.15
8272,Employee 08272,Procurement,Coordinator,282,2021-10-17,176837.81
8273,Employee 08273,Sales,Analyst,14,2022-01-11,122276.16
8274,Employee 08274,Logistics,Manager,61,2023-08-14,69292.84
8275,Employee 08275,Sales,Supervisor,615,2015-03-19,26939.1
8276,Employee 08276,Warehouse,Analyst,506,2019-07-15,32368.9
8277,Employee 08277,Logistics,Supervisor,717,2020-08-29,31048.49
8278,Employee 08278,Finance,Associate,801,2021-02-27,48561.26
8279,Employee 08279,Sales,Supervisor,221,2019-06-28,92123.18
8280,Employee 08280,Procurement,Manager,876,2017-09-28,65631.57
8281,Employee 08281,Finance,Associate,453,2024-04-02,57225.06
8282,Employee 08282,Operations,Coordinator,684,2022-07-29,165020.09
8283,Employee 08283,Sales,Analyst,831,2020-11-12,143401.56
8284,Employee 08284,Logistics,Supervisor,325,2021-05-13,172657.53
8285,Employee 08285,Sales,Supervisor,965,2017-07-29,97075.54
8286,Employee 08286,Logistics,Executive,463,2018-06-23,127784.47
8287,Employee 08287,Logistics,Analyst,768,2023-08-28,130132.99
8288,Employee 08288,Procurement,Manager,294,2021-05-07,38435.16
8289,Employee 08289,Sales,Analyst,841,2017-10-13,84642.74
8290,Employee 08290,Finance,Coordinator,935,2020-01-17,173521.46
8291,Employee 08291,Warehouse,Manager,420,2016-01-13,88171.48
8292,Employee 08292,Operations,Associate,595,2019-09-26,96273.0
8293,Employee 08293,Finance,Supervisor,112,2016-01-27,157899.18
8294,Employee 08294,Operations,Coordinator,994,2016-09-04,84137.49
8295,Employee 08295,Logistics,Executive,978,2022-09-29,126217.32
8296,Employee 08296,Warehouse,Analyst,890,2017-07-27,97672.87
8297,Employee 08297,Finance,Manager,977,2019-08-20,137682.35
8298,Employee 08298,Finance,Associate,964,2021-09-23,80554.8
8299,Employee 08299,Sales,Analyst,120,2020-08-28,32553.06
8300,Employee 08300,Operations,Analyst,547,2020-01-14,53466.4
8301,Employee 08301,Operations,Associate,73,2016-06-16,88665.02
8302,Employee 08302,Finance,Supervisor,971,2019-06-14,22175.4
8303,Employee 08303,Logistics,Analyst,245,2015-01-31,73904.34
8304,Employee 08304,,Coordinator,965,2019-10-01,144051.35
8305,Employee 08305,Operations,Analyst,161,2016-09-11,65424.17
8306,Employee 08306,Finance,Analyst,517,2018-07-26,126467.94
8307,Employee 08307,Finance,Supervisor,712,2016-07-14,137850.79
8308,Employee 08308,Finance,Analyst,654,2018-05-21,109158.22
8309,Employee 08309,Procurement,Executive,89,2024-02-12,64402.37
8310,Employee 08310,Logistics,Coordinator,503,2019-01-25,57389.58
8311,Employee 08311,Sales,Associate,232,2019-08-02,133981.31
8312,Employee 08312,Warehouse,Analyst,468,2016-01-10,37204.45
8313,Employee 08313,Finance,Executive,599,2015-11-12,18965.62
8314,Employee 08314,Sales,Supervisor,140,2018-01-20,50191.32
8315,Employee 08315,Procurement,Coordinator,871,2023-09-03,0.0
8316,Employee 08316,Procurement,Supervisor,610,2017-06-23,44336.39
8317,Employee 08317,Procurement,Manager,243,2018-02-24,171931.79
8318,Employee 08318,Warehouse,Associate,304,2022-10-24,21529.86
8319,Employee 08319,Procurement,Associate,44,2015-09-15,158716.46
8320,Employee 08320,Operations,Coordinator,651,2016-06-04,106790.42
8321,Employee 08321,Operations,Supervisor,690,2022-10-16,29720.73
8322,Employee 08322,Sales,Coordinator,69,2015-01-18,96913.47
8323,Employee 08323,Sales,Supervisor,920,2015-03-13,31129.04
8324,Employee 08324,Operations,Manager,841,2022-09-10,36637.37
8325,Employee 08325,Sales,Manager,216,2022-05-15,30224.13
8326,Employee 08326,Procurement,Coordinator,577,2015-11-29,91590.88
8327,Employee 08327,Logistics,Executive,606,2016-10-22,83456.57
8328,Employee 08328,Operations,Analyst,705,2015-01-29,63266.91
8329,Employee 08329,Warehouse,Associate,536,2019-05-18,158052.74
8330,Employee 08330,Procurement,Executive,988,2022-09-08,71766.55
8331,Employee 08331,Procurement,Supervisor,667,2023-10-09,37226.39
8332,Employee 08332,Warehouse,Executive,555,2021-11-05,108268.97
8333,Employee 08333,Finance,Executive,81,2015-04-23,132446.28
8334,Employee 08334,Warehouse,Coordinator,466,2023-08-04,173737.66
8335,Employee 08335,Finance,Associate,421,2019-12-01,25931.18
8336,Employee 08336,Operations,Manager,345,2022-01-07,76590.3
8337,Employee 08337,Warehouse,Executive,543,2018-12-16,79239.93
8338,Employee 08338,Finance,Associate,813,2018-07-28,136228.4
8339,Employee 08339,Procurement,Supervisor,932,2019-05-29,161291.44
8340,Employee 08340,Logistics,Associate,320,2017-09-16,40235.28
8341,Employee 08341,Procurement,Associate,729,2016-05-04,57395.53
8342,Employee 08342,Procurement,Coordinator,594,2021-06-01,117595.84
8343,Employee 08343,Procurement,Supervisor,360,2015-07-08,126854.34
8344,Employee 08344,Procurement,Manager,676,2019-01-25,126091.49
8345,Employee 08345,Sales,Manager,647,2020-01-18,27423.23
8346,Employee 08346,procurement,Supervisor,129,2017-10-03,152085.21
8347,Employee 08347,Warehouse,Executive,872,2019-10-03,153381.31
8348,Employee 08348,Sales,Executive,196,2016-05-30,142039.3
8349,Employee 08349,Finance,Analyst,493,2017-04-08,148682.7
8350,Employee 08350,Sales,Analyst,5,2019-12-10,136604.15
8351,Employee 08351,Warehouse,Supervisor,371,2016-10-05,166641.31
8352,Employee 08352,Operations,Executive,819,2021-04-19,18732.37
8353,Employee 08353,Procurement,Executive,543,2023-09-02,104141.36
8354,Employee 08354,Sales,Analyst,850,2021-06-05,46501.16
8355,Employee 08355,Operations,Manager,859,2021-07-05,170949.35
8356,Employee 08356,Warehouse,Executive,534,2020-05-25,89734.44
8357,Employee 08357,Warehouse,Manager,825,2021-08-31,138336.49
8358,Employee 08358,Warehouse,Coordinator,451,2016-08-25,141668.59
8359,Employee 08359,logistics,Analyst,917,2016-12-09,153081.73
8360,Employee 08360,Procurement,Manager,719,2019-10-06,25508.31
8361,Employee 08361,Finance,Coordinator,640,2015-04-28,124744.98
8362,Employee 08362,Logistics,Associate,926,2016-05-27,127426.17
8363,Employee 08363,Warehouse,Associate,732,2018-02-08,97103.36
8364,Employee 08364,Sales,Supervisor,843,2018-09-18,44563.57
8365,Employee 08365,Warehouse,Supervisor,163,2018-07-15,55945.7
8366,Employee 08366,Procurement,Manager,370,2016-04-26,61805.39
8367,Employee 08367,Operations,Coordinator,133,2015-06-28,118578.83
8368,Employee 08368,Logistics,Executive,835,2016-03-06,69402.33
8369,Employee 08369,Operations,Analyst,314,2018-02-14,91786.13
8370,Employee 08370,Warehouse,Associate,329,2017-03-12,53167.11
8371,Employee 08371,Warehouse,Associate,113,2015-04-10,27815.07
8372,Employee 08372,Operations,Executive,25,2021-02-02,119799.2
8373,Employee 08373,Finance,Associate,68,2022-01-20,70631.77
8374,Employee 08374,Sales,Executive,400,2017-06-16,107489.4
8375,Employee 08375,Finance,Manager,521,2015-05-04,62991.74
8376,Employee 08376,Procurement,Analyst,238,2015-05-08,92796.1
8377,Employee 08377,Sales,Coordinator,97,2018-09-02,148251.62
8378,Employee 08378,Sales,Supervisor,174,2021-06-17,63904.36
8379,Employee 08379,Procurement ,Coordinator,374,2023-02-21,83130.68
8380,Employee 08380,Finance,Analyst,982,2019-11-29,74325.57
8381,Employee 08381,Warehouse,Supervisor,578,2022-12-01,88073.51
8382,Employee 08382,Logistics,Executive,834,2024-04-21,100785.67
8383,Employee 08383,Operations,Executive,844,2021-06-07,125059.94
8384,Employee 08384,Warehouse,Analyst,106,2015-01-09,26213.3
8385,Employee 08385,Logistics,Analyst,491,2024-01-12,40152.89
8386,Employee 08386,Operations,Coordinator,78,2019-07-04,59289.53
8387,Employee 08387,sales,Associate,603,2020-10-02,73022.68
8388,Employee 08388,Logistics ,Supervisor,310,2018-07-09,79413.34
8389,Employee 08389,Operations,Supervisor,286,2022-05-28,59591.56
8390,Employee 08390,Operations,Supervisor,851,2020-06-04,124554.07
8391,Employee 08391,Finance,Associate,636,2019-03-07,89739.64
8392,Employee 08392,Logistics,Manager,529,2022-02-03,139228.54
8393,Employee 08393,Sales,Analyst,477,2016-08-23,46986.54
8394,Employee 08394,Sales,Associate,413,2022-11-10,18781.08
8395,Employee 08395,Sales,Executive,309,2015-07-29,135492.48
8396,Employee 08396,Sales,Associate,450,2018-05-01,118046.04
8397,Employee 08397,Warehouse,Supervisor,665,2018-05-07,23462.0
8398,Employee 08398,Operations,Coordinator,412,2018-05-06,130603.9
8399,Employee 08399,Logistics,Analyst,40,2017-12-19,29253.5
8400,Employee 08400,Sales,Supervisor,601,2022-11-24,149142.32
8401,Employee 08401,Procurement,Analyst,303,2017-05-18,178316.46
8402,Employee 08402,Finance,Supervisor,889,2020-06-09,58622.69
8403,Employee 08403,Warehouse,Manager,380,2018-06-06,68276.95
8404,Employee 08404,Sales,Executive,618,2020-06-22,22805.18
8405,Employee 08405,Procurement,Manager,790,2020-11-27,20990.49
8406,Employee 08406,Finance,Manager,984,2017-08-09,165468.5
8407,Employee 08407,Procurement,Analyst,780,2020-03-24,172185.88
8408,Employee 08408,Logistics,Coordinator,340,2024-06-21,158712.84
8409,Employee 08409,Procurement,Executive,632,2021-02-16,88765.03
8410,Employee 08410,Logistics,Associate,545,2021-01-25,53968.61
8411,Employee 08411,Sales,Analyst,902,2019-05-28,99287.02
8412,Employee 08412,Sales,Associate,831,2018-10-05,164515.16
8413,Employee 08413,Logistics,Associate,697,2023-05-22,63958.38
8414,Employee 08414,Sales,Coordinator,600,2023-05-09,141634.96
8415,Employee 08415,Sales,Executive,743,2015-04-10,164857.15
8416,Employee 08416,Finance,Executive,531,2022-04-26,128669.0
8417,Employee 08417,Sales,Executive,874,2019-06-26,47482.97
8418,Employee 08418,Logistics,Coordinator,865,2019-02-17,161569.65
8419,Employee 08419,Logistics,Supervisor,316,2021-01-29,47745.08
8420,Employee 08420,Sales,Analyst,686,2021-02-26,163013.61
8421,Employee 08421,Procurement,Executive,364,2022-12-13,173862.64
8422,Employee 08422,Finance,Analyst,865,2020-01-05,118979.03
8423,Employee 08423,Finance,Executive,486,2019-10-08,40484.0
8424,Employee 08424,Sales,Analyst,789,2024-07-16,147264.45
8425,Employee 08425,Sales,Associate,501,2018-05-08,156715.35
8426,Employee 08426,Warehouse,Supervisor,236,2020-09-30,52310.68
8427,Employee 08427,Logistics,Associate,114,2021-10-12,69099.39
8428,Employee 08428,Sales,Associate,678,2023-05-20,20082.4
8429,Employee 08429,Logistics,Coordinator,133,2015-12-04,87279.21
8430,Employee 08430,Finance,Associate,485,2017-04-28,129686.45
8431,Employee 08431,Warehouse,Analyst,764,2018-10-10,44727.6
8432,Employee 08432,Operations,Associate,427,2017-04-10,56245.0
8433,Employee 08433,Finance,Executive,67,2020-01-03,89019.57
8434,Employee 08434,Warehouse,Associate,78,2023-06-03,163624.02
8435,Employee 08435,Operations,Manager,691,2022-04-23,77065.77
8436,Employee 08436,Warehouse,Associate,800,2015-11-11,28467.75
8437,Employee 08437,Sales,Executive,241,2017-12-11,152939.01
8438,Employee 08438,Operations,Analyst,169,2019-03-15,43246.84
8439,Employee 08439,Procurement,Supervisor,48,2015-12-19,43522.84
8440,Employee 08440,Finance,Manager,652,2023-08-15,176937.91
8441,Employee 08441,Operations,Manager,170,2020-04-27,52967.07
8442,Employee 08442,Warehouse,Executive,640,2017-05-13,55803.91
8443,Employee 08443,Logistics,Manager,205,2017-01-13,126235.24
8444,Employee 08444,Logistics,Manager,865,2022-01-04,119596.86
8445,Employee 08445,Operations,Analyst,909,2019-01-27,23514.58
8446,Employee 08446,Sales,Coordinator,224,2023-02-17,112596.43
8447,Employee 08447,Warehouse,Supervisor,47,2019-03-16,65084.85
8448,Employee 08448,Procurement,Executive,227,2019-03-07,130935.51
8449,Employee 08449,Logistics,Associate,758,2020-05-07,26245.5
8450,Employee 08450,Finance,Coordinator,442,2018-09-02,47117.18
8451,Employee 08451,Warehouse,Manager,498,2021-04-07,69217.59
8452,Employee 08452,Sales,Analyst,623,2022-11-17,50634.09
8453,Employee 08453,Operations,Manager,605,2023-08-11,146577.27
8454,Employee 08454,Operations,Associate,23,2023-02-04,167988.98
8455,Employee 08455,Procurement,Associate,242,2015-04-14,0.0
8456,Employee 08456,Procurement,Analyst,516,2023-05-16,101450.24
8457,Employee 08457,Operations,Coordinator,319,2023-03-22,36483.09
8458,Employee 08458,Sales,Executive,59,2019-09-04,71584.47
8459,Employee 08459,Procurement,Supervisor,505,2019-10-04,79976.73
8460,Employee 08460,Procurement,Coordinator,994,2018-09-20,137074.06
8461,Employee 08461,Operations,Analyst,406,2020-01-27,77899.01
8462,Employee 08462,Procurement,Coordinator,614,2023-07-17,156158.25
8463,Employee 08463,Sales,Coordinator,436,2023-02-13,22977.45
8464,Employee 08464,Sales,Associate,201,2018-10-30,123762.31
8465,Employee 08465,Sales,Associate,21,2024-07-16,51493.8
8466,Employee 08466,Finance,Manager,600,2022-09-26,161804.41
8467,Employee 08467,Warehouse,Associate,600,2023-01-17,113173.05
8468,Employee 08468,Procurement,Coordinator,564,2017-05-30,67982.04
8469,Employee 08469,Sales,Analyst,500,2019-08-04,173763.49
8470,Employee 08470,Operations,Manager,658,2020-01-11,99196.1
8471,Employee 08471,Operations,Associate,161,2020-10-22,88133.27
8472,Employee 08472,Warehouse,Coordinator,164,2016-09-10,98868.23
8473,Employee 08473,Warehouse,Analyst,194,2023-06-06,90998.68
8474,Employee 08474,Sales,Analyst,261,2020-04-29,0.0
8475,Employee 08475,Sales,Supervisor,588,2022-02-18,176733.27
8476,Employee 08476,Logistics,Executive,292,2016-07-16,61921.28
8477,Employee 08477,Operations,Associate,868,2015-10-25,58815.34
8478,Employee 08478,Operations,Coordinator,448,2020-11-17,159093.15
8479,Employee 08479,Logistics,Executive,346,2015-10-18,39550.49
8480,Employee 08480,Logistics,Coordinator,676,2021-07-28,170634.41
8481,Employee 08481,Warehouse ,Supervisor,697,2018-09-21,70589.47
8482,Employee 08482,Logistics,Analyst,979,2022-03-04,95854.88
8483,Employee 08483,Procurement,Coordinator,720,2015-10-17,93046.15
8484,Employee 08484,Sales,Supervisor,219,2021-10-18,30935.42
8485,Employee 08485,Procurement,Supervisor,695,2024-03-23,105487.45
8486,Employee 08486,Operations,Analyst,874,2019-02-24,23699.93
8487,Employee 08487,Finance,Supervisor,191,2019-03-24,134552.89
8488,Employee 08488,Procurement,Associate,569,2021-05-16,150541.78
8489,Employee 08489,Procurement,Executive,26,2023-11-23,67612.87
8490,Employee 08490,Warehouse,Associate,130,2019-01-11,30599.58
8491,Employee 08491,Operations ,Supervisor,37,2022-02-28,110595.37
8492,Employee 08492,Sales,Coordinator,189,2015-10-21,28703.88
8493,Employee 08493,Sales,Coordinator,657,2017-09-24,89723.89
8494,Employee 08494,Logistics,Associate,425,2021-12-09,50327.07
8495,Employee 08495,Finance,Coordinator,576,2023-09-05,21642.61
8496,Employee 08496,Logistics,Supervisor,574,2018-09-24,151175.12
8497,Employee 08497,Procurement,Manager,922,2015-02-23,18362.04
8498,Employee 08498,Operations,Executive,160,2020-12-10,176694.79
8499,Employee 08499,Operations,Associate,460,2023-10-17,128659.18
8500,Employee 08500,Operations,Coordinator,819,2016-10-01,121211.39
8501,Employee 08501,Procurement,Executive,20,2016-11-03,138600.59
8502,Employee 08502,Operations,Associate,675,2017-08-08,29890.28
8503,Employee 08503,Warehouse,Supervisor,516,2015-03-22,125853.57
8504,Employee 08504,Operations,Manager,299,2019-12-27,82604.48
8505,Employee 08505,Procurement,Manager,921,2018-03-28,63825.65
8506,Employee 08506,Procurement,Coordinator,423,2024-07-04,165289.76
8507,Employee 08507,Procurement,Associate,79,2016-08-28,115443.8
8508,Employee 08508,Operations,Supervisor,552,2019-09-20,57061.86
8509,Employee 08509,Procurement,Coordinator,535,2022-11-25,178867.24
8510,Employee 08510,Logistics,Executive,378,2018-11-10,156663.6
8511,Employee 08511,Operations,Manager,82,2016-12-17,148001.24
8512,Employee 08512,Operations,Coordinator,611,2024-05-02,121514.45
8513,Employee 08513,Sales,Associate,985,2019-02-19,122207.14
8514,Employee 08514,Finance,Executive,927,2020-10-17,139747.24
8515,Employee 08515,Sales,Coordinator,272,2017-07-13,32081.43
8516,Employee 08516,Warehouse,Coordinator,389,2022-06-23,25665.47
8517,Employee 08517,Warehouse,Analyst,941,2018-03-10,170782.58
8518,Employee 08518,Sales,Associate,689,2019-05-21,141444.07
8519,Employee 08519,Finance,Executive,424,2024-03-24,123106.3
8520,Employee 08520,Warehouse,Executive,321,2016-08-25,58201.74
8521,Employee 08521,Sales,Analyst,833,2015-03-16,162373.88
8522,Employee 08522,Sales,Coordinator,521,2022-10-11,82568.44
8523,Employee 08523,Operations,Manager,437,2022-02-15,91191.76
8524,Employee 08524,Sales,Associate,515,2020-11-24,133469.83
8525,Employee 08525,Finance,Coordinator,498,2015-01-16,60290.15
8526,Employee 08526,Procurement,Manager,610,2023-12-19,172257.59
8527,Employee 08527,Finance,Associate,791,2015-09-02,47250.73
8528,Employee 08528,Operations,Supervisor,389,2021-10-10,29407.63
8529,Employee 08529,Procurement,Supervisor,956,2023-01-27,53656.76
8530,Employee 08530,Sales,Executive,606,2018-01-17,73544.78
8531,Employee 08531,Warehouse ,Coordinator,561,2019-03-18,93258.12
8532,Employee 08532,Operations,Coordinator,330,2020-01-21,128671.06
8533,Employee 08533,Procurement,Manager,838,2023-09-28,93829.14
8534,Employee 08534,Finance,Analyst,232,2023-12-12,20202.28
8535,Employee 08535,procurement,Supervisor,541,2019-06-28,91492.59
8536,Employee 08536,Warehouse,Associate,849,2021-02-07,26223.37
8537,Employee 08537,Sales,Manager,899,2016-04-05,98708.9
8538,Employee 08538,Warehouse,Executive,322,2016-01-05,34360.99
8539,Employee 08539,Logistics,Supervisor,72,2020-01-20,56723.83
8540,Employee 08540,Warehouse,Manager,777,2018-04-22,61378.65
8541,Employee 08541,Finance,Associate,927,2017-09-01,107912.42
8542,Employee 08542,Logistics,Analyst,881,2018-10-28,62613.77
8543,Employee 08543,procurement,Analyst,618,2021-08-16,179859.14
8544,Employee 08544,Warehouse,Supervisor,296,2021-08-02,151198.9
8545,Employee 08545,Finance,Executive,506,2019-05-17,23797.7
8546,Employee 08546,Logistics,Analyst,392,2023-02-25,79467.15
8547,Employee 08547,Procurement,Analyst,722,2021-09-14,39735.92
8548,Employee 08548,Warehouse,Supervisor,107,2016-01-11,30016.84
8549,Employee 08549,Warehouse,Manager,173,2023-02-10,88796.8
8550,Employee 08550,Warehouse,Executive,747,2015-02-14,49052.1
8551,Employee 08551,Operations,Coordinator,591,2018-02-17,57574.96
8552,Employee 08552,Logistics,Supervisor,680,2016-10-23,172257.76
8553,Employee 08553,sales,Supervisor,568,2021-04-08,101193.61
8554,Employee 08554,Operations ,Analyst,45,2016-07-17,52986.52
8555,Employee 08555,Warehouse,Coordinator,909,2022-03-16,45582.82
8556,Employee 08556,Finance,Analyst,752,2018-01-08,83296.12
8557,Employee 08557,Procurement,Analyst,444,2015-12-20,57387.87
8558,Employee 08558,Sales,Analyst,6,2016-04-09,94337.38
8559,Employee 08559,Logistics,Manager,160,2022-03-16,43784.09
8560,Employee 08560,Operations,Manager,373,2022-01-08,118735.89
8561,Employee 08561,Finance,Executive,827,2023-11-15,167123.7
8562,Employee 08562,Warehouse,Supervisor,616,2023-10-20,42847.01
8563,Employee 08563,Procurement,Manager,272,2016-10-12,158885.99
8564,Employee 08564,Operations,Manager,215,2017-08-29,96877.72
8565,Employee 08565,Warehouse,Manager,596,2021-09-06,160731.49
8566,Employee 08566,procurement,Analyst,401,2015-02-25,82317.06
8567,Employee 08567,Sales,Executive,854,2019-06-11,83279.34
8568,Employee 08568,Logistics,Associate,832,2018-09-19,136072.73
8569,Employee 08569,Procurement,Coordinator,764,2016-06-08,133699.35
8570,Employee 08570,Operations,Coordinator,282,2022-07-30,40781.17
8571,Employee 08571,Finance,Supervisor,315,2017-12-17,125901.85
8572,Employee 08572,,Supervisor,561,2016-06-06,133713.24
8573,Employee 08573,Warehouse,Associate,573,2016-12-09,140908.99
8574,Employee 08574,Finance,Coordinator,875,2015-02-05,120642.89
8575,Employee 08575,Finance,Manager,252,2018-08-20,154364.75
8576,Employee 08576,Finance,Analyst,999,2023-04-08,20906.47
8577,Employee 08577,Procurement,Manager,442,2017-12-24,82805.88
8578,Employee 08578,Logistics,Analyst,857,2019-07-24,178538.58
8579,Employee 08579,Logistics,Analyst,57,2017-05-27,101860.94
8580,Employee 08580,Operations,Supervisor,745,2021-08-09,20177.3
8581,Employee 08581,Warehouse,Analyst,115,2021-12-10,160071.95
8582,Employee 08582,Operations,Supervisor,269,2018-08-22,144915.96
8583,Employee 08583,Operations,Executive,703,2024-04-01,148145.16
8584,Employee 08584,Finance,Analyst,434,2022-05-27,63994.76
8585,Employee 08585,Procurement,Executive,171,2017-01-23,32132.82
8586,Employee 08586,Procurement,Supervisor,689,2018-01-30,26637.44
8587,Employee 08587,Procurement,Associate,86,2022-12-29,150221.53
8588,Employee 08588,Procurement,Coordinator,84,2015-10-02,152404.58
8589,Employee 08589,Logistics,Supervisor,978,2024-03-12,122210.79
8590,Employee 08590,finance,Associate,105,2015-07-21,120200.26
8591,Employee 08591,Warehouse,Coordinator,315,2024-01-27,0.0
8592,Employee 08592,Procurement,Coordinator,67,2024-07-09,55743.22
8593,Employee 08593,Warehouse,Executive,148,2022-08-03,116306.66
8594,Employee 08594,Sales,Executive,415,2016-08-05,82743.01
8595,Employee 08595,Logistics,Executive,627,2018-08-03,54745.89
8596,Employee 08596,Warehouse,Manager,26,2017-09-25,85930.38
8597,Employee 08597,Sales,Supervisor,625,2023-09-09,102871.94
8598,Employee 08598,Procurement,Manager,811,2023-04-05,159365.42
8599,Employee 08599,Operations,Coordinator,371,2018-03-18,166149.36
8600,Employee 08600,Sales,Coordinator,352,2016-12-18,152440.2
8601,Employee 08601,Operations ,Analyst,740,2021-11-25,87348.77
8602,Employee 08602,Operations,Analyst,254,2019-08-21,66638.93
8603,Employee 08603,Sales,Coordinator,104,2021-01-13,40025.61
8604,Employee 08604,Procurement,Analyst,10,2022-09-23,178123.44
8605,Employee 08605,Logistics,Analyst,668,2023-11-07,177653.08
8606,Employee 08606,Operations,Analyst,914,2016-03-11,102385.59
8607,Employee 08607,Finance,Manager,669,2019-09-16,121344.09
8608,Employee 08608,Procurement,Executive,505,2024-04-05,155960.02
8609,Employee 08609,Sales,Supervisor,729,2023-06-08,19671.39
8610,Employee 08610,Operations,Associate,243,2022-07-04,158445.5
8611,Employee 08611,Sales,Supervisor,920,2016-01-04,149189.45
8612,Employee 08612,Procurement,Supervisor,631,2015-08-12,158756.96
8613,Employee 08613,Warehouse,Analyst,50,2021-10-17,82299.96
8614,Employee 08614,Finance,Coordinator,374,2023-03-02,94395.78
8615,Employee 08615,Logistics,Associate,139,2016-04-26,53597.82
8616,Employee 08616,Warehouse,Supervisor,196,2016-03-29,112669.35
8617,Employee 08617,Operations,Supervisor,397,2020-11-08,135323.28
8618,Employee 08618,Finance,Associate,308,2017-07-04,29974.35
8619,Employee 08619,Finance ,Coordinator,491,2016-05-25,20830.24
8620,Employee 08620,Operations ,Coordinator,791,2020-06-27,57056.19
8621,Employee 08621,,Executive,855,2017-02-22,68359.04
8622,Employee 08622,Warehouse,Supervisor,860,2021-08-30,84079.83
8623,Employee 08623,Warehouse,Supervisor,359,2016-09-17,163155.35
8624,Employee 08624,Finance,Supervisor,248,2022-10-16,0.0
8625,Employee 08625,Warehouse,Analyst,828,2021-05-16,45319.56
8626,Employee 08626,Operations,Manager,124,2021-03-08,67359.59
8627,Employee 08627,Finance,Manager,258,2020-07-07,70171.47
8628,Employee 08628,Operations,Supervisor,829,2021-12-15,126000.62
8629,Employee 08629,Sales,Associate,539,2019-01-10,0.0
8630,Employee 08630,Logistics,Manager,932,2020-06-24,44401.36
8631,Employee 08631,Operations,Manager,120,2024-03-17,136944.95
8632,Employee 08632,Finance,Coordinator,369,2015-09-19,130137.79
8633,Employee 08633,Logistics ,Associate,609,2022-06-14,144365.79
8634,Employee 08634,Operations,Supervisor,418,2023-06-29,55534.88
8635,Employee 08635,Logistics,Analyst,846,2019-08-11,21403.08
8636,Employee 08636,Operations,Supervisor,982,2022-09-13,154287.2
8637,Employee 08637,Logistics,Coordinator,764,2022-09-04,122988.16
8638,Employee 08638,Logistics,Supervisor,636,2017-12-06,165279.94
8639,Employee 08639,Procurement,Manager,155,2019-03-31,173313.67
8640,Employee 08640,Finance,Manager,841,2019-01-21,22886.19
8641,Employee 08641,Procurement,Associate,360,2021-07-11,84042.96
8642,Employee 08642,Procurement,Coordinator,642,2016-10-06,108958.54
8643,Employee 08643,Warehouse,Analyst,846,2016-11-10,78316.83
8644,Employee 08644,Operations,Associate,114,2016-09-09,67211.97
8645,Employee 08645,Logistics,Executive,820,2015-01-16,44662.18
8646,Employee 08646,Warehouse,Executive,338,2015-12-15,165104.47
8647,Employee 08647,sales,Manager,456,2018-09-10,94141.76
8648,Employee 08648,Sales,Analyst,429,2021-10-31,70800.94
8649,Employee 08649,Logistics,Analyst,480,2020-08-19,178296.24
8650,Employee 08650,Operations,Associate,739,2016-07-29,33757.73
8651,Employee 08651,Warehouse,Associate,660,2019-09-20,78340.08
8652,Employee 08652,Warehouse,Coordinator,58,2022-11-06,33358.8
8653,Employee 08653,Procurement,Analyst,973,2018-01-20,50035.29
8654,Employee 08654,Logistics,Associate,542,2016-06-12,-10000.0
8655,Employee 08655,Procurement,Analyst,686,2020-01-16,133191.48
8656,Employee 08656,Sales,Manager,136,2023-03-20,0.0
8657,Employee 08657,Sales,Supervisor,872,2023-09-15,111017.64
8658,Employee 08658,Procurement,Coordinator,82,2024-01-16,65991.31
8659,Employee 08659,Procurement,Analyst,470,2020-04-11,109792.51
8660,Employee 08660,Finance ,Manager,838,2023-01-31,169749.99
8661,Employee 08661,Operations,Coordinator,258,2018-10-12,164213.66
8662,Employee 08662,Logistics,Associate,823,2017-01-30,19214.99
8663,Employee 08663,Finance,Associate,483,2017-11-29,105387.74
8664,Employee 08664,Logistics,Analyst,929,2021-09-12,73816.92
8665,Employee 08665,Procurement,Analyst,1,2019-09-03,162765.65
8666,Employee 08666,Finance,Manager,963,2022-12-01,179966.86
8667,Employee 08667,Logistics,Associate,347,2023-03-06,123242.05
8668,Employee 08668,Sales,Executive,861,2020-09-20,150938.49
8669,Employee 08669,Finance ,Manager,966,2022-09-11,50138.51
8670,Employee 08670,Procurement,Coordinator,136,2022-12-21,139464.88
8671,Employee 08671,Operations,Supervisor,877,2019-07-02,119702.49
8672,Employee 08672,,Analyst,424,2024-04-03,18476.76
8673,Employee 08673,Warehouse,Coordinator,711,2023-01-25,172688.64
8674,Employee 08674,Procurement,Coordinator,856,2020-06-12,41502.86
8675,Employee 08675,Warehouse,Analyst,933,2021-12-03,81672.1
8676,Employee 08676,Operations,Coordinator,540,2022-04-17,132716.68
8677,Employee 08677,Warehouse,Supervisor,697,2017-01-26,140775.94
8678,Employee 08678,Sales ,Associate,574,2016-06-23,47566.62
8679,Employee 08679,Finance,Executive,151,2015-09-04,163666.83
8680,Employee 08680,Finance,Manager,16,2016-11-20,29130.82
8681,Employee 08681,Sales,Executive,138,2016-09-06,38372.28
8682,Employee 08682,Sales,Manager,217,2020-08-14,71504.92
8683,Employee 08683,Procurement,Manager,238,2024-05-11,41021.48
8684,Employee 08684,Finance,Analyst,297,2020-02-18,134045.9
8685,Employee 08685,Finance,Analyst,63,2020-07-03,131685.38
8686,Employee 08686,Logistics,Manager,769,2022-02-19,120339.53
8687,Employee 08687,Procurement,Analyst,32,2022-10-31,0.0
8688,Employee 08688,Sales,Supervisor,942,2021-03-15,148736.59
8689,Employee 08689,Warehouse,Analyst,618,2023-12-03,146015.19
8690,Employee 08690,Finance,Associate,124,2016-11-24,81284.05
8691,Employee 08691,Sales,Associate,845,2015-02-10,72897.92
8692,Employee 08692,Procurement,Executive,989,2017-06-01,30690.35
8693,Employee 08693,Procurement,Coordinator,900,2020-04-19,100485.13
8694,Employee 08694,Operations,Executive,484,2018-04-15,116335.61
8695,Employee 08695,Finance,Manager,648,2019-06-03,135965.06
8696,Employee 08696,Operations,Coordinator,90,2023-05-22,90844.04
8697,Employee 08697,Procurement,Associate,559,2023-11-19,124538.04
8698,Employee 08698,Finance,Analyst,715,2015-01-08,100113.91
8699,Employee 08699,Finance,Executive,829,2016-10-03,72702.56
8700,Employee 08700,Sales,Manager,973,2015-08-09,140247.37
8701,Employee 08701,Finance,Supervisor,514,2023-04-07,136305.6
8702,Employee 08702,Finance,Coordinator,352,2020-01-20,126847.0
8703,Employee 08703,Procurement,Coordinator,154,2018-07-23,159609.76
8704,Employee 08704,Procurement,Supervisor,932,2021-09-23,115023.78
8705,Employee 08705,Procurement,Manager,877,2023-01-21,87575.03
8706,Employee 08706,Procurement,Manager,742,2015-05-22,86481.45
8707,Employee 08707,Warehouse,Coordinator,681,2015-04-13,156571.68
8708,Employee 08708,Procurement,Associate,62,2022-02-13,42181.43
8709,Employee 08709,Logistics,Manager,92,2019-09-06,120146.19
8710,Employee 08710,Sales,Executive,657,2023-09-17,20343.53
8711,Employee 08711,Procurement,Supervisor,68,2020-11-01,152246.12
8712,Employee 08712,Warehouse,Analyst,536,2020-01-24,35035.17
8713,Employee 08713,warehouse,Supervisor,846,2022-05-09,148015.8
8714,Employee 08714,Operations,Executive,696,2015-03-05,36257.34
8715,Employee 08715,Procurement,Coordinator,901,2018-02-09,25412.65
8716,Employee 08716,Procurement,Analyst,40,2017-08-16,155613.91
8717,Employee 08717,Sales,Manager,95,2017-12-31,123186.15
8718,Employee 08718,Sales,Analyst,623,2022-12-01,64911.75
8719,Employee 08719,Procurement ,Coordinator,830,2018-05-07,147944.92
8720,Employee 08720,finance,Executive,425,2021-10-12,117827.59
8721,Employee 08721,Sales,Manager,720,2016-12-20,158663.89
8722,Employee 08722,Sales,Analyst,65,2019-05-15,165807.02
8723,Employee 08723,Warehouse,Associate,611,2023-11-09,134116.79
8724,Employee 08724,Finance,Associate,385,2024-06-16,111906.47
8725,Employee 08725,Procurement,Analyst,330,2019-11-24,114608.28
8726,Employee 08726,Warehouse,Supervisor,812,2016-05-21,156104.38
8727,Employee 08727,Procurement,Manager,13,2023-11-17,126696.47
8728,Employee 08728,Operations,Associate,923,2023-10-31,21342.14
8729,Employee 08729,Logistics,Executive,212,2021-12-23,98969.78
8730,Employee 08730,Warehouse,Associate,811,2019-10-19,152566.35
8731,Employee 08731,Logistics,Supervisor,928,2020-03-26,70150.85
8732,Employee 08732,warehouse,Coordinator,75,2021-10-01,152464.26
8733,Employee 08733,Finance,Analyst,637,2016-04-14,24117.17
8734,Employee 08734,Warehouse,Coordinator,959,2016-01-19,95242.66
8735,Employee 08735,Procurement,Analyst,172,2016-05-28,126469.16
8736,Employee 08736,Procurement,Manager,977,2023-04-29,34906.59
8737,Employee 08737,Procurement,Associate,798,2022-08-08,30635.79
8738,Employee 08738,Warehouse,Manager,975,2022-06-27,74636.62
8739,Employee 08739,Procurement,Associate,480,2018-03-26,129187.09
8740,Employee 08740,Logistics,Coordinator,44,2015-11-08,92013.49
8741,Employee 08741,Operations,Coordinator,233,2020-03-06,27443.71
8742,Employee 08742,Logistics,Associate,971,2020-08-26,113132.21
8743,Employee 08743,Logistics,Supervisor,1,2015-06-13,162755.96
8744,Employee 08744,Procurement,Executive,427,2022-07-15,169038.52
8745,Employee 08745,Warehouse,Analyst,698,2019-09-06,97142.27
8746,Employee 08746,Logistics,Coordinator,551,2015-11-27,123455.39
8747,Employee 08747,Logistics,Executive,842,2015-10-29,144047.93
8748,Employee 08748,Sales,Supervisor,908,2020-03-18,59422.78
8749,Employee 08749,Operations,Analyst,78,2018-12-24,95942.53
8750,Employee 08750,Finance,Coordinator,133,2016-04-07,92505.57
8751,Employee 08751,Logistics,Executive,465,2021-12-09,97067.47
8752,Employee 08752,Operations,Coordinator,987,2015-02-12,108490.37
8753,Employee 08753,Logistics,Executive,702,2016-03-31,87833.07
8754,Employee 08754,Operations,Manager,774,2015-04-28,118418.87
8755,Employee 08755,Warehouse,Manager,82,2022-08-29,83456.21
8756,Employee 08756,Operations,Coordinator,951,2023-11-26,58200.51
8757,Employee 08757,Sales,Supervisor,667,2016-10-01,19166.93
8758,Employee 08758,Finance,Manager,656,2016-04-12,96140.21
8759,Employee 08759,Procurement,Supervisor,22,2022-09-14,155664.28
8760,Employee 08760,Logistics,Analyst,373,2016-08-13,160657.41
8761,Employee 08761,Logistics,Manager,762,2018-09-09,49394.48
8762,Employee 08762,Finance,Manager,222,2015-07-03,82658.74
8763,Employee 08763,Finance,Analyst,574,2024-01-10,171606.61
8764,Employee 08764,Procurement,Manager,715,2018-03-28,171988.97
8765,Employee 08765,Warehouse,Executive,493,2023-04-17,124707.35
8766,Employee 08766,Procurement,Coordinator,198,2020-07-01,92029.11
8767,Employee 08767,Logistics,Analyst,781,2022-06-14,69508.67
8768,Employee 08768,Sales,Associate,14,2023-02-08,34749.43
8769,Employee 08769,Procurement ,Analyst,125,2024-05-17,147216.71
8770,Employee 08770,Procurement,Analyst,920,2015-10-21,157334.4
8771,Employee 08771,Sales,Manager,901,2019-10-12,170867.48
8772,Employee 08772,Operations,Supervisor,605,2024-04-11,135279.51
8773,Employee 08773,Operations,Coordinator,78,2019-06-25,105618.6
8774,Employee 08774,procurement,Associate,212,2023-06-03,52475.27
8775,Employee 08775,Sales,Supervisor,332,2016-11-01,126449.53
8776,Employee 08776,Logistics,Manager,436,2018-01-25,119180.71
8777,Employee 08777,Warehouse,Coordinator,241,2019-09-25,89315.52
8778,Employee 08778,Operations,Analyst,915,2019-03-08,26286.92
8779,Employee 08779,Finance,Coordinator,569,2019-11-23,131207.09
8780,Employee 08780,Warehouse,Associate,279,2022-02-11,32541.76
8781,Employee 08781,Finance,Analyst,917,2021-03-07,158598.96
8782,Employee 08782,Finance,Analyst,621,2023-04-26,80543.55
8783,Employee 08783,Finance,Associate,608,2015-12-23,110650.96
8784,Employee 08784,Sales,Executive,984,2022-07-20,92795.99
8785,Employee 08785,Logistics,Associate,714,2020-02-04,106235.18
8786,Employee 08786,Logistics,Supervisor,222,2023-07-31,139273.6
8787,Employee 08787,Procurement,Supervisor,762,2016-02-04,172992.14
8788,Employee 08788,Warehouse,Associate,880,2018-09-14,153347.98
8789,Employee 08789,Logistics,Coordinator,758,2018-09-09,52744.5
8790,Employee 08790,Sales,Coordinator,663,2024-03-01,56185.32
8791,Employee 08791,Warehouse,Coordinator,497,2021-03-18,166327.85
8792,Employee 08792,Procurement,Analyst,476,2024-05-26,93191.13
8793,Employee 08793,Finance,Associate,167,2024-07-13,22559.18
8794,Employee 08794,Finance,Executive,954,2023-09-17,114661.64
8795,Employee 08795,Sales,Analyst,782,2017-08-28,176708.66
8796,Employee 08796,Procurement,Coordinator,234,2021-04-04,121510.91
8797,Employee 08797,Sales,Analyst,355,2019-11-01,22900.07
8798,Employee 08798,Logistics,Analyst,899,2022-12-04,164532.13
8799,Employee 08799,Sales,Coordinator,619,2016-12-14,179960.33
8800,Employee 08800,Logistics,Analyst,23,2017-10-28,162982.43
8801,Employee 08801,Sales,Associate,717,2019-05-15,126110.53
8802,Employee 08802,Procurement,Associate,248,2017-07-10,97978.37
8803,Employee 08803,Warehouse,Analyst,90,2019-12-16,167912.96
8804,Employee 08804,Finance,Manager,859,2015-07-29,165707.06
8805,Employee 08805,Logistics,Supervisor,692,2017-10-15,18857.74
8806,Employee 08806,Warehouse,Manager,710,2019-01-05,33870.02
8807,Employee 08807,Procurement,Manager,994,2023-03-02,117419.97
8808,Employee 08808,Warehouse,Supervisor,6,2021-08-31,143087.19
8809,Employee 08809,Warehouse,Associate,227,2023-09-04,84083.69
8810,Employee 08810,Sales,Analyst,377,2020-09-06,168941.97
8811,Employee 08811,Sales,Associate,503,2018-11-07,79365.19
8812,Employee 08812,Sales,Associate,301,2018-02-13,121697.14
8813,Employee 08813,Logistics,Associate,402,2021-12-25,164320.79
8814,Employee 08814,Warehouse,Coordinator,350,2019-04-30,175032.04
8815,Employee 08815,Operations,Supervisor,121,2023-10-07,90004.6
8816,Employee 08816,Operations,Coordinator,217,2021-09-20,39162.3
8817,Employee 08817,warehouse,Supervisor,648,2019-03-25,122898.26
8818,Employee 08818,Logistics,Supervisor,809,2023-11-21,109961.85
8819,Employee 08819,Finance,Associate,436,2016-12-18,170390.35
8820,Employee 08820,Warehouse,Analyst,468,2016-01-18,104065.32
8821,Employee 08821,Operations,Manager,555,2022-11-15,25760.9
8822,Employee 08822,Warehouse ,Analyst,858,2020-02-15,137607.48
8823,Employee 08823,Finance,Supervisor,934,2024-05-29,42556.1
8824,Employee 08824,Warehouse,Supervisor,781,2018-01-06,134701.89
8825,Employee 08825,Operations,Supervisor,525,2021-02-07,116825.02
8826,Employee 08826,Warehouse,Executive,886,2018-10-06,26650.3
8827,Employee 08827,Finance,Supervisor,258,2022-03-09,178660.78
8828,Employee 08828,Operations,Analyst,63,2016-04-10,100384.32
8829,Employee 08829,Operations,Manager,120,2022-05-17,159561.19
8830,Employee 08830,Warehouse,Supervisor,175,2020-11-08,62513.22
8831,Employee 08831,Procurement,Supervisor,1000,2015-06-04,155944.68
8832,Employee 08832,Finance,Manager,222,2017-02-07,106451.97
8833,Employee 08833,Sales,Executive,828,2022-09-05,31648.81
8834,Employee 08834,Operations,Supervisor,960,2022-01-02,83122.21
8835,Employee 08835,Sales,Coordinator,690,2018-12-20,55996.04
8836,Employee 08836,Procurement,Coordinator,829,2019-10-27,37065.59
8837,Employee 08837,Sales,Manager,273,2020-11-16,156892.79
8838,Employee 08838,Operations,Executive,923,2016-06-19,70254.33
8839,Employee 08839,Finance,Manager,988,2021-11-02,170284.05
8840,Employee 08840,Warehouse,Analyst,354,2021-03-23,72199.6
8841,Employee 08841,Finance,Manager,534,2015-01-16,103305.15
8842,Employee 08842,Sales,Executive,302,2023-02-09,76855.51
8843,Employee 08843,Operations,Analyst,431,2022-04-22,36608.78
8844,Employee 08844,Finance,Coordinator,899,2022-02-17,133105.53
8845,Employee 08845,Warehouse,Supervisor,99,2016-12-10,164610.68
8846,Employee 08846,Sales,Executive,484,2020-03-04,66141.14
8847,Employee 08847,Logistics,Coordinator,778,2018-05-04,104586.66
8848,Employee 08848,Sales,Analyst,399,2022-05-28,98698.86
8849,Employee 08849,Warehouse,Associate,496,2018-11-08,42384.84
8850,Employee 08850,Operations,Coordinator,996,2021-02-06,137511.75
8851,Employee 08851,Warehouse,Coordinator,749,2018-09-13,34566.97
8852,Employee 08852,Procurement,Coordinator,86,2023-05-30,132034.68
8853,Employee 08853,Sales,Coordinator,334,2019-07-31,46349.91
8854,Employee 08854,Operations,Executive,495,2021-05-24,87492.79
8855,Employee 08855,Logistics,Associate,84,2019-03-06,53663.04
8856,Employee 08856,Logistics,Executive,713,2015-06-14,23126.56
8857,Employee 08857,Operations,Executive,930,2016-03-31,144101.69
8858,Employee 08858,Warehouse,Manager,458,2019-12-28,173175.37
8859,Employee 08859,Procurement,Supervisor,603,2024-04-09,153957.53
8860,Employee 08860,Procurement,Associate,242,2017-02-21,49114.15
8861,Employee 08861,Logistics,Analyst,81,2019-01-02,85005.46
8862,Employee 08862,Warehouse,Associate,724,2016-11-25,0.0
8863,Employee 08863,Operations,Supervisor,937,2017-09-15,20492.23
8864,Employee 08864,Procurement,Supervisor,637,2024-07-03,69759.82
8865,Employee 08865,Sales,Associate,255,2022-08-26,56101.7
8866,Employee 08866,Logistics,Supervisor,517,2023-01-20,63315.71
8867,Employee 08867,Warehouse,Manager,863,2021-10-20,54176.11
8868,Employee 08868,Logistics,Manager,135,2023-01-30,140353.29
8869,Employee 08869,Logistics,Coordinator,33,2017-05-07,23985.65
8870,Employee 08870,Logistics,Executive,295,2024-03-25,110258.21
8871,Employee 08871,Logistics,Supervisor,568,2024-07-12,117710.2
8872,Employee 08872,Logistics,Analyst,782,2021-10-21,40494.62
8873,Employee 08873,Operations,Associate,785,2019-06-17,-10000.0
8874,Employee 08874,Procurement,Associate,340,2018-03-11,112982.62
8875,Employee 08875,Logistics,Supervisor,127,2019-08-21,24306.98
8876,Employee 08876,finance,Analyst,571,2017-09-01,47426.82
8877,Employee 08877,Operations,Analyst,875,2023-10-26,26993.61
8878,Employee 08878,Finance,Supervisor,127,2018-01-24,175693.44
8879,Employee 08879,Logistics,Associate,496,2022-05-05,61622.3
8880,Employee 08880,Operations,Analyst,94,2020-08-05,119385.65
8881,Employee 08881,Logistics,Coordinator,540,2021-11-16,49795.77
8882,Employee 08882,Finance,Manager,127,2021-01-01,45257.88
8883,Employee 08883,Sales,Coordinator,158,2018-10-20,57028.96
8884,Employee 08884,Logistics,Coordinator,280,2018-01-20,174835.53
8885,Employee 08885,Warehouse,Analyst,145,2020-12-06,56233.29
8886,Employee 08886,Procurement,Associate,350,2023-08-31,76689.9
8887,Employee 08887,Operations,Analyst,905,2022-03-06,79823.8
8888,Employee 08888,Logistics,Associate,340,2024-06-01,58223.37
8889,Employee 08889,Procurement,Supervisor,588,2017-09-16,127707.25
8890,Employee 08890,Finance,Manager,662,2016-07-01,164366.25
8891,Employee 08891,Logistics,Executive,375,2017-04-07,115164.8
8892,Employee 08892,Procurement,Executive,942,2019-04-10,179883.33
8893,Employee 08893,Procurement,Coordinator,662,2017-03-01,55463.96
8894,Employee 08894,,Associate,3,2022-06-22,62242.06
8895,Employee 08895,Sales,Analyst,508,2023-01-25,105646.45
8896,Employee 08896,Operations,Supervisor,549,2020-02-20,169389.23
8897,Employee 08897,Warehouse,Supervisor,782,2023-08-31,57938.77
8898,Employee 08898,Warehouse,Supervisor,808,2019-01-28,136070.31
8899,Employee 08899,Procurement,Associate,43,2016-04-30,154765.08
8900,Employee 08900,operations,Coordinator,893,2018-11-24,32015.07
8901,Employee 08901,Logistics,Coordinator,972,2020-09-30,142750.93
8902,Employee 08902,Sales,Associate,175,2015-01-20,81983.16
8903,Employee 08903,Logistics,Associate,269,2015-07-31,93154.62
8904,Employee 08904,Procurement,Analyst,810,2023-02-21,93250.19
8905,Employee 08905,Finance,Associate,190,2023-09-05,19923.91
8906,Employee 08906,Sales,Associate,730,2022-06-17,129852.59
8907,Employee 08907,Finance,Analyst,686,2015-04-01,125391.12
8908,Employee 08908,Warehouse,Supervisor,316,2021-11-24,37704.43
8909,Employee 08909,Sales,Manager,919,2017-05-07,159560.89
8910,Employee 08910,Procurement,Analyst,667,2015-12-27,114256.01
8911,Employee 08911,Finance,Associate,709,2016-09-11,43373.3
8912,Employee 08912,logistics,Executive,663,2020-04-18,34352.07
8913,Employee 08913,Procurement,Supervisor,870,2019-07-25,79895.45
8914,Employee 08914,Operations,Coordinator,247,2023-12-11,133490.52
8915,Employee 08915,Finance,Analyst,590,2015-09-07,36541.78
8916,Employee 08916,Sales,Manager,212,2020-12-16,103932.32
8917,Employee 08917,Finance,Associate,974,2023-10-26,85788.91
8918,Employee 08918,Procurement,Associate,740,2020-11-03,81135.33
8919,Employee 08919,Finance,Supervisor,693,2020-11-12,92575.02
8920,Employee 08920,Operations,Coordinator,751,2024-04-23,21565.52
8921,Employee 08921,Sales,Coordinator,65,2017-05-09,134902.43
8922,Employee 08922,Procurement,Analyst,268,2018-09-10,86574.42
8923,Employee 08923,Operations,Coordinator,137,2022-12-17,152919.77
8924,Employee 08924,Warehouse,Executive,850,2022-11-30,136556.62
8925,Employee 08925,Operations,Supervisor,794,2024-03-11,40447.27
8926,Employee 08926,Warehouse,Executive,459,2018-04-02,43170.33
8927,Employee 08927,Finance,Analyst,750,2019-05-10,54776.95
8928,Employee 08928,Sales,Associate,494,2024-05-10,53414.58
8929,Employee 08929,Warehouse,Executive,422,2016-02-29,153141.18
8930,Employee 08930,warehouse,Associate,844,2023-08-26,86228.98
8931,Employee 08931,Operations,Analyst,444,2021-10-20,140737.57
8932,Employee 08932,Finance,Executive,554,2019-06-11,28699.4
8933,Employee 08933,Procurement,Analyst,523,2015-09-05,160425.2
8934,Employee 08934,Sales,Executive,69,2016-09-19,27618.71
8935,Employee 08935,Procurement,Supervisor,143,2019-01-10,129549.33
8936,Employee 08936,Logistics,Coordinator,631,2022-11-01,0.0
8937,Employee 08937,Warehouse,Executive,201,2024-06-17,141986.2
8938,Employee 08938,Warehouse,Executive,97,2018-01-24,169798.06
8939,Employee 08939,Procurement,Coordinator,972,2018-10-30,97678.88
8940,Employee 08940,Sales,Analyst,259,2022-01-15,84208.17
8941,Employee 08941,Sales,Coordinator,17,2017-09-02,163579.93
8942,Employee 08942,Sales ,Associate,158,2016-02-23,-10000.0
8943,Employee 08943,Sales,Executive,897,2016-07-11,31949.46
8944,Employee 08944,Finance,Analyst,978,2015-12-18,31534.52
8945,Employee 08945,Warehouse,Executive,926,2020-05-10,74740.47
8946,Employee 08946,Finance,Supervisor,728,2023-12-06,35158.55
8947,Employee 08947,Procurement,Manager,998,2020-09-09,29880.58
8948,Employee 08948,Finance,Associate,780,2017-04-23,68873.96
8949,Employee 08949,Operations,Analyst,93,2017-10-25,153196.26
8950,Employee 08950,Finance,Associate,110,2024-05-30,53968.27
8951,Employee 08951,Finance,Executive,492,2023-02-26,154262.98
8952,Employee 08952,Warehouse,Executive,791,2022-02-19,60330.69
8953,Employee 08953,Finance,Coordinator,898,2015-01-29,135268.72
8954,Employee 08954,Sales,Executive,119,2020-05-10,61190.4
8955,Employee 08955,Logistics,Executive,399,2016-07-24,29507.19
8956,Employee 08956,Logistics,Supervisor,630,2015-10-16,163107.52
8957,Employee 08957,Sales,Manager,759,2021-06-28,40561.33
8958,Employee 08958,Warehouse,Analyst,480,2024-02-29,34216.07
8959,Employee 08959,Sales,Associate,229,2022-07-18,70629.97
8960,Employee 08960,Sales,Executive,892,2018-05-04,83791.55
8961,Employee 08961,Logistics,Executive,902,2022-12-28,77201.72
8962,Employee 08962,Logistics,Executive,826,2024-03-18,152770.56
8963,Employee 08963,Procurement,Manager,688,2020-07-10,120187.74
8964,Employee 08964,Warehouse,Coordinator,715,2021-06-07,46686.16
8965,Employee 08965,Procurement,Manager,128,2022-04-28,30614.37
8966,Employee 08966,Sales,Analyst,246,2016-04-23,31210.48
8967,Employee 08967,Finance,Supervisor,932,2019-08-12,106063.41
8968,Employee 08968,Finance,Executive,236,2023-06-01,73400.69
8969,Employee 08969,Procurement,Associate,874,2016-11-21,119336.18
8970,Employee 08970,Finance,Analyst,430,2024-07-02,87942.39
8971,Employee 08971,Operations,Supervisor,146,2024-01-21,87588.62
8972,Employee 08972,Sales,Analyst,214,2019-02-07,18354.4
8973,Employee 08973,Finance,Coordinator,904,2023-01-05,49355.34
8974,Employee 08974,procurement,Coordinator,412,2016-03-29,110334.33
8975,Employee 08975,Finance,Executive,490,2020-12-10,93473.29
8976,Employee 08976,Logistics,Associate,221,2016-02-20,152300.09
8977,Employee 08977,Logistics,Supervisor,388,2019-08-15,58747.46
8978,Employee 08978,Sales,Manager,29,2023-04-26,178782.95
8979,Employee 08979,Operations,Analyst,45,2017-03-21,138104.8
8980,Employee 08980,Operations,Associate,499,2015-12-28,149881.74
8981,Employee 08981,Sales,Associate,797,2019-11-30,29850.35
8982,Employee 08982,Sales,Executive,62,2020-01-19,52529.32
8983,Employee 08983,Sales,Manager,467,2018-10-02,154010.38
8984,Employee 08984,Warehouse,Analyst,96,2023-04-24,52673.75
8985,Employee 08985,Logistics,Associate,126,2019-03-25,169888.63
8986,Employee 08986,Procurement,Executive,402,2020-01-10,145770.17
8987,Employee 08987,Finance,Supervisor,467,2021-02-21,47776.45
8988,Employee 08988,Procurement,Coordinator,864,2015-02-14,106314.63
8989,Employee 08989,procurement,Manager,684,2020-01-30,168115.94
8990,Employee 08990,Logistics,Supervisor,637,2016-05-19,57408.1
8991,Employee 08991,Procurement,Executive,458,2021-12-23,92615.82
8992,Employee 08992,Procurement,Associate,265,2019-03-01,68820.24
8993,Employee 08993,Operations,Manager,759,2016-05-12,120655.95
8994,Employee 08994,Logistics,Analyst,545,2020-04-04,55522.1
8995,Employee 08995,Logistics,Supervisor,137,2017-01-09,65895.91
8996,Employee 08996,Warehouse,Executive,639,2019-02-08,146856.22
8997,Employee 08997,Operations,Manager,560,2019-11-24,117552.39
8998,Employee 08998,Logistics,Supervisor,464,2022-05-16,131108.2
8999,Employee 08999,Logistics,Associate,482,2017-10-12,143578.35
9000,Employee 09000,Warehouse,Supervisor,413,2021-10-04,173105.73
9001,Employee 09001,Procurement,Manager,972,2017-03-13,143856.72
9002,Employee 09002,Logistics,Supervisor,550,2016-05-25,133251.76
9003,Employee 09003,Logistics,Coordinator,209,2019-05-26,97228.6
9004,Employee 09004,Procurement,Analyst,324,2016-11-15,55188.38
9005,Employee 09005,Warehouse ,Executive,273,2020-12-29,36266.23
9006,Employee 09006,Procurement,Supervisor,251,2017-11-26,113047.33
9007,Employee 09007,Operations,Analyst,396,2024-04-23,128589.04
9008,Employee 09008,Procurement,Supervisor,113,2018-08-18,46406.42
9009,Employee 09009,Logistics,Supervisor,19,2020-09-10,114992.66
9010,Employee 09010,Operations,Coordinator,817,2017-06-13,91659.24
9011,Employee 09011,Procurement,Analyst,142,2015-01-14,69329.06
9012,Employee 09012,Sales,Analyst,81,2017-01-07,31284.28
9013,Employee 09013,Sales,Executive,829,2024-03-19,131716.21
9014,Employee 09014,Warehouse,Manager,820,2016-11-23,130574.22
9015,Employee 09015,procurement,Coordinator,889,2023-06-09,63216.31
9016,Employee 09016,Operations,Manager,792,2019-09-21,85267.36
9017,Employee 09017,Logistics,Analyst,576,2018-10-26,132789.38
9018,Employee 09018,Finance,Associate,397,2016-02-26,127154.5
9019,Employee 09019,warehouse,Analyst,407,2015-01-28,140477.19
9020,Employee 09020,Procurement,Coordinator,687,2015-01-18,58098.37
9021,Employee 09021,Finance,Manager,469,2024-02-11,68980.39
9022,Employee 09022,Warehouse,Supervisor,449,2016-02-02,26142.63
9023,Employee 09023,Operations,Manager,929,2018-07-09,74075.57
9024,Employee 09024,Procurement,Executive,171,2023-05-04,97429.22
9025,Employee 09025,Logistics,Executive,79,2022-07-03,59707.13
9026,Employee 09026,Operations,Executive,263,2017-07-21,164467.27
9027,Employee 09027,Operations,Analyst,379,2016-10-28,153084.64
9028,Employee 09028,Procurement,Manager,336,2015-02-20,106801.05
9029,Employee 09029,Logistics,Supervisor,436,2022-03-25,78866.3
9030,Employee 09030,Logistics,Associate,964,2023-02-06,128014.93
9031,Employee 09031,Warehouse,Associate,865,2015-05-30,69369.16
9032,Employee 09032,Logistics,Analyst,532,2022-05-27,75019.21
9033,Employee 09033,Operations,Coordinator,214,2020-09-28,93317.25
9034,Employee 09034,Warehouse,Associate,656,2021-09-24,121536.83
9035,Employee 09035,finance,Executive,268,2017-02-17,67658.79
9036,Employee 09036,Sales,Coordinator,926,2015-05-07,134634.39
9037,Employee 09037,Warehouse,Executive,21,2022-10-27,79395.52
9038,Employee 09038,Finance,Analyst,604,2017-04-09,108870.44
9039,Employee 09039,Finance,Coordinator,350,2023-11-24,22592.1
9040,Employee 09040,Logistics,Analyst,701,2022-09-11,43731.85
9041,Employee 09041,Sales,Supervisor,379,2018-03-29,165232.08
9042,Employee 09042,Sales,Supervisor,436,2017-01-03,104446.62
9043,Employee 09043,Operations,Manager,771,2019-06-09,163156.04
9044,Employee 09044,Sales,Analyst,962,2020-09-26,86805.47
9045,Employee 09045,Logistics,Executive,940,2024-05-15,141491.28
9046,Employee 09046,Sales,Executive,477,2020-04-15,52865.84
9047,Employee 09047,Procurement,Coordinator,907,2015-04-01,43929.1
9048,Employee 09048,Warehouse,Manager,178,2024-01-22,159743.21
9049,Employee 09049,Sales,Manager,625,2020-02-06,24884.58
9050,Employee 09050,Warehouse,Supervisor,891,2020-11-02,106058.53
9051,Employee 09051,Operations,Coordinator,70,2022-12-29,160214.23
9052,Employee 09052,Warehouse,Analyst,154,2023-09-15,46976.17
9053,Employee 09053,Warehouse,Manager,902,2016-03-16,149967.78
9054,Employee 09054,Finance,Associate,245,2022-03-18,64331.29
9055,Employee 09055,Procurement,Associate,32,2015-06-16,69333.18
9056,Employee 09056,Finance,Manager,269,2018-10-16,59165.41
9057,Employee 09057,sales,Associate,449,2023-02-11,36249.82
9058,Employee 09058,Warehouse,Supervisor,237,2019-09-25,76738.12
9059,Employee 09059,Procurement,Associate,18,2022-01-30,79411.92
9060,Employee 09060,Operations,Analyst,463,2024-03-28,139093.85
9061,Employee 09061,Operations,Associate,993,2018-08-16,104262.6
9062,Employee 09062,Operations,Executive,28,2017-01-23,145240.15
9063,Employee 09063,Sales,Analyst,333,2018-03-17,90287.98
9064,Employee 09064,Sales,Analyst,500,2020-06-08,168367.72
9065,Employee 09065,Procurement,Analyst,852,2018-05-05,144334.16
9066,Employee 09066,Logistics,Executive,339,2016-11-03,91466.15
9067,Employee 09067,Sales,Coordinator,738,2023-02-22,176165.18
9068,Employee 09068,Logistics,Coordinator,34,2017-06-21,124968.82
9069,Employee 09069,Warehouse,Manager,335,2016-06-10,113089.61
9070,Employee 09070,Procurement,Coordinator,728,2016-12-05,38637.57
9071,Employee 09071,Warehouse,Executive,149,2022-11-17,31637.63
9072,Employee 09072,Logistics,Associate,353,2019-08-28,177033.22
9073,Employee 09073,Logistics,Manager,448,2023-03-10,23332.35
9074,Employee 09074,Warehouse,Supervisor,407,2018-07-04,124221.94
9075,Employee 09075,Logistics,Supervisor,840,2021-06-30,116464.19
9076,Employee 09076,Sales,Associate,662,2023-12-31,153990.84
9077,Employee 09077,Finance,Coordinator,516,2023-03-08,164620.42
9078,Employee 09078,Procurement,Executive,596,2017-10-16,50895.57
9079,Employee 09079,Sales,Executive,50,2021-01-14,93053.13
9080,Employee 09080,finance,Coordinator,553,2018-01-02,44542.23
9081,Employee 09081,Finance,Analyst,198,2024-05-11,169170.36
9082,Employee 09082,Operations,Manager,367,2023-07-30,138554.45
9083,Employee 09083,Operations,Analyst,184,2015-01-26,84846.02
9084,Employee 09084,Sales,Associate,166,2019-01-15,160715.97
9085,Employee 09085,Operations,Supervisor,432,2024-05-14,91167.81
9086,Employee 09086,Procurement,Supervisor,578,2015-06-23,130967.12
9087,Employee 09087,Logistics,Associate,331,2024-02-06,46454.04
9088,Employee 09088,Finance,Analyst,728,2022-03-20,153117.58
9089,Employee 09089,Logistics,Manager,729,2022-04-04,22322.51
9090,Employee 09090,Warehouse,Coordinator,551,2020-12-20,19049.37
9091,Employee 09091,procurement,Manager,137,2020-09-16,23459.36
9092,Employee 09092,Logistics,Associate,619,2016-04-29,130214.4
9093,Employee 09093,Finance,Analyst,560,2023-03-04,24521.84
9094,Employee 09094,Operations,Supervisor,519,2023-05-26,23204.97
9095,Employee 09095,Sales,Coordinator,143,2021-12-27,80791.9
9096,Employee 09096,Procurement,Associate,774,2020-08-28,84590.62
9097,Employee 09097,Finance,Analyst,148,2020-12-29,128478.09
9098,Employee 09098,Operations,Supervisor,278,2021-07-13,111488.48
9099,Employee 09099,Logistics,Analyst,91,2020-09-26,111798.07
9100,Employee 09100,Procurement,Supervisor,839,2017-11-24,141994.0
9101,Employee 09101,Sales,Analyst,496,2020-07-28,172564.04
9102,Employee 09102,Logistics,Supervisor,706,2015-10-31,164361.03
9103,Employee 09103,Warehouse,Manager,711,2023-01-25,65038.3
9104,Employee 09104,Procurement,Executive,72,2015-11-26,60758.6
9105,Employee 09105,Warehouse,Analyst,611,2016-04-05,125116.17
9106,Employee 09106,Sales,Supervisor,392,2015-02-03,77978.67
9107,Employee 09107,Finance,Associate,918,2017-07-17,34835.81
9108,Employee 09108,Operations,Executive,571,2019-12-11,100775.58
9109,Employee 09109,Sales,Associate,980,2022-07-07,46276.87
9110,Employee 09110,Logistics,Supervisor,457,2017-01-21,20004.36
9111,Employee 09111,Sales,Supervisor,582,2020-12-02,122582.41
9112,Employee 09112,Operations,Manager,632,2024-07-19,60929.55
9113,Employee 09113,Sales,Supervisor,88,2019-09-29,59662.38
9114,Employee 09114,Procurement,Manager,8,2017-11-13,121955.76
9115,Employee 09115,Logistics,Analyst,345,2015-10-13,87379.37
9116,Employee 09116,Warehouse,Executive,413,2020-12-23,138316.1
9117,Employee 09117,Finance,Analyst,842,2023-03-13,120166.33
9118,Employee 09118,Warehouse,Executive,903,2021-05-04,67007.51
9119,Employee 09119,Logistics,Supervisor,7,2022-04-28,31989.23
9120,Employee 09120,Logistics,Analyst,674,2015-01-10,20024.38
9121,Employee 09121,Operations,Manager,284,2017-05-24,53554.96
9122,Employee 09122,Warehouse,Associate,164,2015-01-17,24117.03
9123,Employee 09123,Logistics,Manager,442,2015-01-14,23011.81
9124,Employee 09124,Operations,Analyst,222,2020-07-14,73908.12
9125,Employee 09125,Procurement,Analyst,674,2017-09-24,174490.02
9126,Employee 09126,Procurement,Executive,50,2019-12-18,165236.12
9127,Employee 09127,Procurement,Coordinator,460,2021-09-30,110293.72
9128,Employee 09128,Warehouse,Associate,707,2020-09-08,93651.98
9129,Employee 09129,Operations,Manager,253,2022-05-09,139996.27
9130,Employee 09130,Procurement,Coordinator,261,2021-05-08,71629.68
9131,Employee 09131,Warehouse,Associate,585,2015-04-25,164004.23
9132,Employee 09132,Sales,Associate,403,2022-05-14,103819.48
9133,Employee 09133,Finance,Coordinator,646,2021-07-07,177755.48
9134,Employee 09134,Warehouse,Manager,485,2022-04-11,134405.81
9135,Employee 09135,Warehouse,Executive,674,2020-11-23,48010.74
9136,Employee 09136,Warehouse,Manager,530,2023-04-10,31833.64
9137,Employee 09137,Operations,Associate,271,2023-09-21,105879.04
9138,Employee 09138,Logistics,Manager,319,2023-03-10,44376.65
9139,Employee 09139,Finance,Coordinator,560,2023-01-09,26463.77
9140,Employee 09140,Warehouse,Analyst,559,2018-10-10,33307.17
9141,Employee 09141,Sales,Supervisor,927,2023-06-18,75666.53
9142,Employee 09142,Procurement,Associate,493,2018-01-16,178938.5
9143,Employee 09143,Sales ,Coordinator,708,2018-05-27,179909.38
9144,Employee 09144,Warehouse,Supervisor,231,2023-08-07,116214.97
9145,Employee 09145,Warehouse,Manager,215,2023-09-17,90424.36
9146,Employee 09146,Sales,Associate,8,2022-05-31,168797.91
9147,Employee 09147,Operations,Supervisor,749,2022-05-29,149290.15
9148,Employee 09148,Sales,Associate,183,2022-02-07,155421.32
9149,Employee 09149,finance,Executive,959,2021-01-20,103226.18
9150,Employee 09150,Finance,Associate,291,2022-01-13,71128.54
9151,Employee 09151,Operations,Executive,488,2016-09-05,34173.13
9152,Employee 09152,Procurement,Analyst,615,2024-06-11,69664.68
9153,Employee 09153,Logistics,Executive,908,2021-12-26,148070.72
9154,Employee 09154,Procurement,Associate,440,2022-04-01,73994.59
9155,Employee 09155,Sales,Analyst,877,2022-03-29,38199.56
9156,Employee 09156,Warehouse,Executive,470,2016-08-28,97579.4
9157,Employee 09157,Logistics,Associate,468,2023-05-24,27370.68
9158,Employee 09158,Logistics,Supervisor,724,2023-09-24,116697.74
9159,Employee 09159,Warehouse,Executive,696,2015-07-31,119381.71
9160,Employee 09160,Logistics,Manager,792,2018-11-03,127110.14
9161,Employee 09161,Sales,Manager,406,2016-05-25,45593.02
9162,Employee 09162,Finance,Associate,490,2020-01-12,154130.68
9163,Employee 09163,Sales,Executive,410,2020-01-24,95798.91
9164,Employee 09164,Sales,Associate,964,2024-04-11,174971.76
9165,Employee 09165,Sales,Executive,23,2017-05-25,62288.21
9166,Employee 09166,Finance,Supervisor,428,2017-12-05,25504.85
9167,Employee 09167,Procurement,Coordinator,593,2018-07-25,48725.42
9168,Employee 09168,Logistics,Coordinator,842,2022-09-05,161820.2
9169,Employee 09169,Warehouse,Associate,276,2016-06-22,39449.54
9170,Employee 09170,Logistics,Analyst,169,2017-10-11,43215.48
9171,Employee 09171,Sales,Coordinator,642,2023-05-21,91584.12
9172,Employee 09172,Logistics,Associate,883,2022-09-24,95021.5
9173,Employee 09173,Sales,Supervisor,617,2020-01-03,54673.86
9174,Employee 09174,Finance,Executive,260,2024-03-05,152628.54
9175,Employee 09175,Procurement,Manager,587,2017-01-22,75393.73
9176,Employee 09176,Finance,Manager,109,2020-08-29,54173.57
9177,Employee 09177,Operations,Supervisor,666,2015-09-21,101138.1
9178,Employee 09178,Operations,Executive,445,2022-05-10,117317.67
9179,Employee 09179,Warehouse,Executive,266,2016-11-05,160682.27
9180,Employee 09180,Operations,Manager,971,2023-02-27,65849.26
9181,Employee 09181,Warehouse ,Executive,463,2016-12-07,179405.58
9182,Employee 09182,Warehouse,Coordinator,967,2023-05-17,167731.13
9183,Employee 09183,Operations,Associate,534,2015-04-15,157203.7
9184,Employee 09184,Operations,Coordinator,470,2017-02-26,171199.67
9185,Employee 09185,Operations,Associate,506,2015-03-02,25408.39
9186,Employee 09186,Operations,Executive,31,2019-12-09,109366.71
9187,Employee 09187,Logistics,Coordinator,380,2016-09-15,-10000.0
9188,Employee 09188,Sales,Associate,446,2017-11-27,147880.49
9189,Employee 09189,Logistics,Manager,324,2020-11-22,119402.18
9190,Employee 09190,Operations,Associate,879,2024-07-24,40280.49
9191,Employee 09191,Sales,Manager,433,2016-12-09,56350.15
9192,Employee 09192,Procurement,Associate,412,2019-11-14,58534.71
9193,Employee 09193,Operations,Manager,762,2022-10-16,103998.14
9194,Employee 09194,Procurement,Executive,805,2015-11-17,82944.2
9195,Employee 09195,Sales,Supervisor,34,2020-03-04,98778.89
9196,Employee 09196,Warehouse,Executive,291,2019-11-19,159579.68
9197,Employee 09197,Finance,Coordinator,745,2015-11-13,68249.69
9198,Employee 09198,Operations,Analyst,616,2018-01-03,75287.17
9199,Employee 09199,Warehouse,Coordinator,653,2019-06-13,143116.04
9200,Employee 09200,Finance,Executive,227,2016-03-06,175276.62
9201,Employee 09201,Operations,Executive,857,2021-04-21,105203.66
9202,Employee 09202,Logistics,Manager,187,2019-02-08,0.0
9203,Employee 09203,Warehouse,Executive,164,2016-09-08,160923.18
9204,Employee 09204,Warehouse,Executive,51,2018-06-15,105730.85
9205,Employee 09205,Finance,Manager,313,2023-08-16,169852.01
9206,Employee 09206,Operations,Supervisor,228,2020-10-19,48079.26
9207,Employee 09207,Operations,Associate,893,2016-09-21,168292.53
9208,Employee 09208,Warehouse,Supervisor,925,2023-12-23,26695.26
9209,Employee 09209,Finance,Coordinator,165,2021-10-08,168342.2
9210,Employee 09210,Operations,Manager,665,2020-09-16,22618.04
9211,Employee 09211,Sales,Coordinator,356,2016-12-11,63423.85
9212,Employee 09212,Logistics,Supervisor,453,2020-08-18,111688.43
9213,Employee 09213,Operations,Associate,221,2021-06-07,70741.01
9214,Employee 09214,Warehouse,Executive,951,2015-06-23,24367.12
9215,Employee 09215,sales,Manager,315,2023-07-29,165320.18
9216,Employee 09216,Logistics,Analyst,498,2020-03-08,24586.73
9217,Employee 09217,Operations,Analyst,615,2017-08-02,20105.01
9218,Employee 09218,Warehouse,Supervisor,855,2015-02-24,133799.26
9219,Employee 09219,Procurement,Executive,719,2019-04-21,29130.51
9220,Employee 09220,Procurement,Analyst,33,2015-03-08,118856.48
9221,Employee 09221,Logistics,Manager,270,2017-10-02,109442.88
9222,Employee 09222,Logistics,Executive,746,2018-02-13,55012.8
9223,Employee 09223,Procurement,Manager,885,2024-02-19,73342.07
9224,Employee 09224,logistics,Associate,934,2023-09-17,164068.5
9225,Employee 09225,Operations,Associate,592,2018-09-29,125962.71
9226,Employee 09226,Procurement,Associate,373,2021-11-01,152001.2
9227,Employee 09227,Procurement,Manager,478,2022-01-12,52195.43
9228,Employee 09228,Warehouse,Associate,351,2022-11-06,57984.25
9229,Employee 09229,Operations,Analyst,445,2023-09-26,168620.05
9230,Employee 09230,Logistics,Manager,135,2023-11-12,27939.87
9231,Employee 09231,Finance,Executive,178,2020-05-08,28723.67
9232,Employee 09232,Warehouse,Manager,866,2021-08-27,152137.21
9233,Employee 09233,Finance,Coordinator,777,2022-02-02,109341.53
9234,Employee 09234,Finance,Coordinator,268,2016-11-24,151196.02
9235,Employee 09235,Warehouse,Analyst,87,2020-03-13,84209.62
9236,Employee 09236,Logistics,Analyst,201,2023-04-27,96400.55
9237,Employee 09237,Sales,Manager,779,2020-05-19,106492.11
9238,Employee 09238,Procurement,Supervisor,859,2015-05-21,52455.88
9239,Employee 09239,Procurement,Supervisor,635,2015-04-03,102580.49
9240,Employee 09240,Logistics,Analyst,884,2020-11-29,98779.4
9241,Employee 09241,Sales,Analyst,439,2015-05-28,63120.78
9242,Employee 09242,Logistics,Executive,504,2021-09-09,64933.79
9243,Employee 09243,Procurement,Executive,788,2020-03-31,53247.95
9244,Employee 09244,Operations,Executive,213,2024-03-28,114626.67
9245,Employee 09245,Sales,Analyst,245,2015-02-28,44931.11
9246,Employee 09246,Finance,Executive,245,2018-08-03,0.0
9247,Employee 09247,Finance,Manager,908,2016-06-11,103034.59
9248,Employee 09248,Finance,Analyst,545,2016-08-05,162009.77
9249,Employee 09249,Operations,Executive,482,2023-04-29,134636.35
9250,Employee 09250,Warehouse,Analyst,492,2015-04-19,65286.14
9251,Employee 09251,Finance,Coordinator,441,2023-08-17,54364.13
9252,Employee 09252,Procurement,Associate,74,2015-12-31,67733.95
9253,Employee 09253,Operations,Analyst,75,2020-04-16,113136.09
9254,Employee 09254,Warehouse,Analyst,501,2016-01-01,30252.45
9255,Employee 09255,Logistics,Associate,549,2017-03-28,41469.89
9256,Employee 09256,Sales,Supervisor,457,2018-07-23,152977.47
9257,Employee 09257,Finance,Analyst,937,2018-02-15,158863.94
9258,Employee 09258,Procurement,Associate,123,2017-07-21,120136.64
9259,Employee 09259,Sales,Coordinator,780,2021-09-08,115518.78
9260,Employee 09260,Logistics,Coordinator,275,2023-03-03,43591.5
9261,Employee 09261,Warehouse,Analyst,937,2022-02-12,45772.6
9262,Employee 09262,Sales,Supervisor,381,2015-06-28,167320.76
9263,Employee 09263,Operations,Coordinator,81,2016-12-30,74177.63
9264,Employee 09264,Sales,Supervisor,817,2023-07-03,87527.18
9265,Employee 09265,Operations,Executive,707,2022-02-10,101879.64
9266,Employee 09266,Warehouse,Manager,660,2020-03-02,145264.12
9267,Employee 09267,Operations,Analyst,489,2016-07-19,149819.01
9268,Employee 09268,Sales,Executive,266,2020-08-22,103133.15
9269,Employee 09269,Procurement,Executive,217,2024-04-05,168391.44
9270,Employee 09270,Logistics,Supervisor,165,2015-02-09,138826.25
9271,Employee 09271,Operations,Analyst,818,2019-08-03,130691.52
9272,Employee 09272,Warehouse,Associate,296,2019-02-13,176381.08
9273,Employee 09273,Sales,Associate,608,2017-02-10,153042.27
9274,Employee 09274,Sales,Coordinator,621,2017-08-13,87735.92
9275,Employee 09275,Operations,Supervisor,370,2024-01-05,50143.94
9276,Employee 09276,Logistics,Coordinator,614,2017-03-01,104355.27
9277,Employee 09277,Operations,Executive,230,2021-07-17,115189.03
9278,Employee 09278,Warehouse,Supervisor,447,2021-05-08,136458.3
9279,Employee 09279,Procurement,Analyst,421,2018-10-29,92749.94
9280,Employee 09280,Warehouse,Executive,172,2022-09-05,41688.01
9281,Employee 09281,Finance,Manager,169,2019-02-10,47927.74
9282,Employee 09282,Procurement,Executive,354,2016-03-09,59221.52
9283,Employee 09283,Warehouse,Coordinator,8,2020-12-10,53434.1
9284,Employee 09284,Finance,Executive,830,2020-05-04,72487.31
9285,Employee 09285,Logistics,Manager,733,2015-10-23,114884.02
9286,Employee 09286,Procurement,Associate,90,2024-01-10,0.0
9287,Employee 09287,Operations,Executive,548,2022-08-15,176067.31
9288,Employee 09288,Sales,Coordinator,958,2018-08-19,95106.33
9289,Employee 09289,Procurement,Manager,692,2022-06-05,82025.5
9290,Employee 09290,Finance,Analyst,648,2016-04-02,39549.12
9291,Employee 09291,Warehouse,Executive,376,2023-07-19,135301.5
9292,Employee 09292,Finance,Associate,825,2016-01-15,18143.87
9293,Employee 09293,Finance,Analyst,139,2023-10-19,135777.62
9294,Employee 09294,Logistics,Associate,582,2020-03-18,83741.92
9295,Employee 09295,Operations,Supervisor,910,2016-07-23,143848.41
9296,Employee 09296,Sales,Associate,645,2022-02-15,31501.28
9297,Employee 09297,Warehouse,Coordinator,398,2021-06-22,139678.92
9298,Employee 09298,Logistics,Executive,982,2021-04-06,47563.36
9299,Employee 09299,Logistics,Executive,660,2022-12-23,157291.71
9300,Employee 09300,Finance,Supervisor,994,2021-10-01,30115.86
9301,Employee 09301,Finance,Associate,1000,2019-03-02,154127.47
9302,Employee 09302,Logistics,Analyst,600,2020-02-13,156869.18
9303,Employee 09303,Procurement,Coordinator,576,2019-01-09,92313.39
9304,Employee 09304,Warehouse,Executive,552,2021-02-08,159199.99
9305,Employee 09305,Logistics,Associate,102,2020-08-11,97449.43
9306,Employee 09306,Warehouse,Coordinator,662,2023-05-11,120350.66
9307,Employee 09307,Logistics,Executive,876,2015-11-08,40677.91
9308,Employee 09308,Warehouse,Supervisor,239,2024-07-21,32011.76
9309,Employee 09309,Warehouse,Associate,374,2023-10-08,153132.87
9310,Employee 09310,Finance,Associate,934,2022-01-18,58794.82
9311,Employee 09311,Procurement,Executive,771,2024-03-21,174411.65
9312,Employee 09312,Procurement ,Manager,807,2015-11-07,125482.28
9313,Employee 09313,Logistics,Supervisor,656,2017-08-06,18727.91
9314,Employee 09314,Sales,Associate,809,2018-02-10,59584.27
9315,Employee 09315,Finance,Manager,270,2020-07-18,115120.1
9316,Employee 09316,Operations,Supervisor,709,2019-12-22,61650.31
9317,Employee 09317,Sales,Associate,209,2018-12-22,129232.76
9318,Employee 09318,Procurement,Manager,454,2023-07-10,99522.57
9319,Employee 09319,Procurement,Coordinator,325,2018-11-11,82921.83
9320,Employee 09320,Sales,Executive,47,2018-11-20,52987.96
9321,Employee 09321,Operations,Analyst,742,2016-05-09,118375.92
9322,Employee 09322,Logistics,Associate,205,2019-04-17,159278.98
9323,Employee 09323,Warehouse,Manager,667,2021-05-09,136112.97
9324,Employee 09324,Operations,Supervisor,750,2016-11-08,114742.39
9325,Employee 09325,Procurement,Coordinator,616,2022-10-01,56157.32
9326,Employee 09326,Logistics,Manager,687,2016-12-06,107346.8
9327,Employee 09327,operations,Associate,174,2020-09-05,176468.99
9328,Employee 09328,Procurement,Manager,340,2023-09-18,148167.43
9329,Employee 09329,Logistics,Manager,773,2017-03-10,52457.29
9330,Employee 09330,Warehouse,Associate,633,2022-03-29,83245.23
9331,Employee 09331,Procurement,Associate,62,2018-11-02,107487.28
9332,Employee 09332,Warehouse,Manager,278,2022-10-16,32483.86
9333,Employee 09333,,Coordinator,698,2015-06-29,24948.88
9334,Employee 09334,Operations,Manager,104,2022-10-28,166186.13
9335,Employee 09335,Operations,Manager,240,2016-01-28,148777.1
9336,Employee 09336,Logistics,Supervisor,693,2022-01-30,82211.6
9337,Employee 09337,Procurement,Analyst,712,2021-04-16,163142.88
9338,Employee 09338,Sales,Analyst,196,2016-07-09,153389.8
9339,Employee 09339,Operations,Associate,702,2021-03-08,135311.11
9340,Employee 09340,Sales,Supervisor,710,2017-02-25,172093.49
9341,Employee 09341,Logistics,Executive,766,2024-05-16,164899.22
9342,Employee 09342,Sales,Supervisor,714,2024-02-04,68843.23
9343,Employee 09343,Logistics,Associate,882,2022-01-26,170834.4
9344,Employee 09344,Finance,Manager,252,2021-03-20,151986.68
9345,Employee 09345,Finance,Executive,984,2019-12-04,126275.3
9346,Employee 09346,Sales,Associate,822,2018-05-20,116143.95
9347,Employee 09347,Procurement,Executive,449,2023-07-08,29433.23
9348,Employee 09348,Logistics,Associate,628,2019-07-26,90612.76
9349,Employee 09349,Sales,Coordinator,489,2023-05-31,77782.18
9350,Employee 09350,Finance,Associate,909,2017-09-08,177630.31
9351,Employee 09351,Warehouse ,Analyst,809,2015-06-27,168660.68
9352,Employee 09352,Warehouse,Associate,616,2015-06-20,45033.59
9353,Employee 09353,Warehouse,Analyst,474,2018-04-02,23793.82
9354,Employee 09354,Warehouse,Executive,342,2019-04-26,129903.37
9355,Employee 09355,Procurement,Manager,674,2020-06-25,147064.68
9356,Employee 09356,Procurement,Manager,506,2016-01-10,84021.01
9357,Employee 09357,Procurement,Analyst,12,2021-05-30,24293.34
9358,Employee 09358,Operations,Associate,320,2024-04-02,139290.44
9359,Employee 09359,Sales,Associate,375,2018-05-22,41886.68
9360,Employee 09360,Logistics,Supervisor,683,2017-09-07,112401.9
9361,Employee 09361,Sales,Executive,913,2023-01-22,88899.55
9362,Employee 09362,Operations,Executive,953,2015-09-04,80039.39
9363,Employee 09363,Sales,Associate,991,2022-12-05,32304.53
9364,Employee 09364,Operations,Supervisor,913,2015-12-16,21294.28
9365,Employee 09365,procurement,Executive,838,2015-10-10,154271.78
9366,Employee 09366,Finance,Associate,61,2021-01-14,96255.79
9367,Employee 09367,Logistics,Analyst,390,2019-03-15,21072.29
9368,Employee 09368,Sales ,Analyst,171,2023-05-11,65123.17
9369,Employee 09369,Finance,Associate,738,2021-01-31,172906.43
9370,Employee 09370,Warehouse,Associate,220,2017-06-23,130859.09
9371,Employee 09371,Procurement,Executive,224,2024-04-08,124203.18
9372,Employee 09372,Operations,Executive,71,2021-08-08,141113.71
9373,Employee 09373,Logistics,Manager,611,2020-03-24,37322.81
9374,Employee 09374,Logistics,Associate,898,2023-08-21,72201.3
9375,Employee 09375,Warehouse,Manager,554,2024-04-13,104477.95
9376,Employee 09376,Sales,Manager,558,2019-06-06,155534.66
9377,Employee 09377,Logistics,Associate,384,2021-12-05,129842.57
9378,Employee 09378,Finance,Manager,422,2016-03-10,107756.4
9379,Employee 09379,Sales,Coordinator,110,2018-01-18,159637.05
9380,Employee 09380,Finance,Associate,552,2021-07-04,168044.33
9381,Employee 09381,Warehouse,Associate,373,2019-03-08,59750.68
9382,Employee 09382,Logistics,Manager,902,2023-06-28,26236.03
9383,Employee 09383,Operations,Analyst,289,2015-03-11,80444.83
9384,Employee 09384,Warehouse,Associate,877,2020-02-22,132168.48
9385,Employee 09385,Finance,Coordinator,435,2015-09-13,56469.21
9386,Employee 09386,Procurement,Executive,373,2021-07-12,135648.81
9387,Employee 09387,Warehouse,Associate,227,2019-02-24,84625.76
9388,Employee 09388,Finance,Executive,20,2024-04-09,108068.82
9389,Employee 09389,Procurement,Supervisor,613,2022-08-13,139065.99
9390,Employee 09390,Logistics,Analyst,485,2015-04-22,48073.03
9391,Employee 09391,Warehouse,Manager,834,2022-12-06,72790.53
9392,Employee 09392,Warehouse,Manager,589,2017-03-08,18257.4
9393,Employee 09393,Warehouse,Executive,348,2019-03-14,176429.14
9394,Employee 09394,Finance,Associate,521,2018-11-27,58345.36
9395,Employee 09395,Procurement,Coordinator,278,2021-02-23,33651.49
9396,Employee 09396,Logistics,Associate,338,2018-07-19,54653.84
9397,Employee 09397,Sales,Coordinator,938,2015-11-26,42408.82
9398,Employee 09398,Sales,Supervisor,523,2021-12-26,24052.66
9399,Employee 09399,Sales,Analyst,441,2020-05-24,120032.24
9400,Employee 09400,Warehouse,Manager,302,2018-08-04,147230.84
9401,Employee 09401,Operations,Analyst,646,2016-10-15,27619.72
9402,Employee 09402,Sales,Executive,879,2021-12-02,72885.97
9403,Employee 09403,Finance,Supervisor,52,2020-01-03,81949.39
9404,Employee 09404,Operations,Manager,329,2021-05-01,161099.14
9405,Employee 09405,Logistics,Associate,564,2021-07-11,128260.42
9406,Employee 09406,,Manager,94,2021-07-31,161834.78
9407,Employee 09407,Finance,Coordinator,797,2023-05-30,87447.62
9408,Employee 09408,Logistics,Associate,487,2015-07-16,31141.28
9409,Employee 09409,Sales,Coordinator,558,2017-02-05,38614.69
9410,Employee 09410,Logistics,Analyst,756,2020-02-24,75598.01
9411,Employee 09411,Finance,Manager,907,2023-05-31,144164.41
9412,Employee 09412,Sales,Coordinator,501,2020-12-29,174553.62
9413,Employee 09413,Procurement,Associate,859,2018-06-13,43628.77
9414,Employee 09414,Operations,Supervisor,991,2016-01-22,133545.4
9415,Employee 09415,Sales,Coordinator,16,2018-05-09,114758.53
9416,Employee 09416,Procurement,Executive,234,2021-12-08,88121.94
9417,Employee 09417,Sales,Analyst,391,2018-03-28,44145.72
9418,Employee 09418,Finance,Executive,190,2021-08-16,21409.47
9419,Employee 09419,Logistics,Analyst,141,2018-10-11,99427.07
9420,Employee 09420,Logistics,Executive,668,2016-05-15,91930.75
9421,Employee 09421,Procurement,Coordinator,156,2016-10-01,58272.19
9422,Employee 09422,Sales,Manager,379,2016-11-07,151180.39
9423,Employee 09423,Procurement,Manager,56,2021-04-20,81664.64
9424,Employee 09424,,Associate,787,2015-07-22,93046.15
9425,Employee 09425,Operations,Supervisor,222,2017-02-01,62813.55
9426,Employee 09426,Operations,Supervisor,87,2021-08-04,102002.17
9427,Employee 09427,Procurement ,Coordinator,885,2015-04-19,132393.5
9428,Employee 09428,Warehouse,Analyst,530,2022-08-24,80972.28
9429,Employee 09429,Sales,Manager,205,2020-05-10,56305.77
9430,Employee 09430,Warehouse,Associate,137,2019-03-29,143660.03
9431,Employee 09431,Sales,Executive,903,2020-03-04,69055.49
9432,Employee 09432,Logistics,Manager,480,2020-04-27,95971.35
9433,Employee 09433,Operations,Associate,742,2017-05-21,136806.54
9434,Employee 09434,Sales,Executive,779,2023-07-12,129415.87
9435,Employee 09435,Warehouse,Associate,262,2022-01-19,67351.34
9436,Employee 09436,Operations,Analyst,645,2018-05-16,133336.89
9437,Employee 09437,Logistics,Executive,919,2020-12-30,96983.11
9438,Employee 09438,Finance,Supervisor,835,2015-01-04,62712.24
9439,Employee 09439,Logistics,Supervisor,2,2020-03-13,153169.45
9440,Employee 09440,Finance,Coordinator,566,2015-12-08,148795.97
9441,Employee 09441,Logistics,Coordinator,530,2020-01-24,47055.32
9442,Employee 09442,Logistics,Supervisor,659,2020-06-02,110215.15
9443,Employee 09443,Procurement,Associate,289,2016-11-16,170750.97
9444,Employee 09444,Warehouse,Manager,37,2018-12-06,85436.53
9445,Employee 09445,Finance,Analyst,696,2015-10-25,162846.77
9446,Employee 09446,Procurement,Supervisor,816,2022-03-28,99746.77
9447,Employee 09447,warehouse,Manager,891,2021-01-27,105600.44
9448,Employee 09448,Procurement,Associate,57,2020-06-04,59853.58
9449,Employee 09449,Finance,Associate,261,2017-06-07,171791.41
9450,Employee 09450,Logistics,Supervisor,178,2023-09-05,123979.49
9451,Employee 09451,Warehouse,Executive,753,2020-12-10,93963.42
9452,Employee 09452,Warehouse ,Manager,741,2020-09-30,58277.96
9453,Employee 09453,Operations,Analyst,517,2023-04-06,80367.67
9454,Employee 09454,Operations,Manager,879,2018-11-10,174564.53
9455,Employee 09455,Operations,Coordinator,382,2019-08-10,126541.12
9456,Employee 09456,Sales,Executive,253,2016-09-05,91842.99
9457,Employee 09457,Logistics,Associate,458,2016-09-25,141294.23
9458,Employee 09458,Sales,Associate,55,2015-10-16,22097.32
9459,Employee 09459,Finance,Coordinator,655,2017-12-26,60082.94
9460,Employee 09460,Sales,Supervisor,744,2023-02-27,173152.55
9461,Employee 09461,Operations,Analyst,305,2019-06-29,89269.62
9462,Employee 09462,Operations,Analyst,162,2018-10-27,132802.28
9463,Employee 09463,Warehouse,Executive,842,2016-10-10,179649.5
9464,Employee 09464,Logistics,Manager,735,2019-06-23,129211.39
9465,Employee 09465,Procurement,Supervisor,188,2020-12-04,137637.77
9466,Employee 09466,Warehouse,Executive,119,2022-05-09,77980.32
9467,Employee 09467,Logistics,Executive,456,2021-09-06,145403.8
9468,Employee 09468,Operations,Analyst,759,2016-10-28,94083.21
9469,Employee 09469,Warehouse,Analyst,587,2024-03-17,106065.15
9470,Employee 09470,Finance,Supervisor,247,2024-05-23,31838.98
9471,Employee 09471,Logistics,Executive,804,2015-09-05,36980.78
9472,Employee 09472,Logistics,Executive,286,2020-08-09,34863.29
9473,Employee 09473,Finance,Analyst,569,2018-10-28,57574.94
9474,Employee 09474,Sales,Coordinator,975,2015-04-29,171777.79
9475,Employee 09475,Operations,Supervisor,951,2015-02-07,57786.78
9476,Employee 09476,Warehouse,Coordinator,515,2017-08-15,53115.95
9477,Employee 09477,Logistics,Supervisor,702,2018-03-17,134165.11
9478,Employee 09478,Operations,Manager,268,2015-03-06,159680.69
9479,Employee 09479,Procurement,Manager,852,2017-06-28,117711.38
9480,Employee 09480,Procurement,Coordinator,540,2016-05-04,40875.38
9481,Employee 09481,Logistics,Associate,222,2015-11-26,129524.96
9482,Employee 09482,Warehouse,Coordinator,166,2020-02-20,92460.56
9483,Employee 09483,Logistics,Analyst,257,2023-12-28,159407.53
9484,Employee 09484,Finance,Coordinator,459,2015-11-22,28309.04
9485,Employee 09485,Warehouse,Associate,509,2022-02-03,42698.74
9486,Employee 09486,Operations,Supervisor,518,2015-09-29,62866.1
9487,Employee 09487,Procurement ,Manager,129,2019-09-27,154982.17
9488,Employee 09488,Procurement,Executive,880,2020-02-07,109976.87
9489,Employee 09489,Procurement,Coordinator,839,2017-07-16,126462.91
9490,Employee 09490,Operations,Analyst,986,2022-05-03,92369.92
9491,Employee 09491,Procurement,Supervisor,669,2024-06-16,91687.05
9492,Employee 09492,Sales,Analyst,489,2020-01-26,80748.75
9493,Employee 09493,Procurement,Supervisor,385,2023-04-21,81931.52
9494,Employee 09494,Operations,Associate,614,2023-06-03,95518.82
9495,Employee 09495,Procurement,Associate,204,2018-03-16,109096.91
9496,Employee 09496,Procurement,Associate,841,2016-05-03,151671.38
9497,Employee 09497,Warehouse,Executive,407,2016-02-01,68070.17
9498,Employee 09498,Logistics,Executive,164,2021-02-08,135960.54
9499,Employee 09499,Warehouse,Associate,46,2019-11-30,59157.42
9500,Employee 09500,Warehouse,Associate,205,2023-12-13,167267.94
9501,Employee 09501,Logistics,Executive,14,2017-07-15,20448.7
9502,Employee 09502,Sales,Manager,403,2017-06-21,33442.59
9503,Employee 09503,Operations,Executive,709,2019-09-27,163507.25
9504,Employee 09504,Procurement,Supervisor,519,2018-06-16,108761.43
9505,Employee 09505,Finance,Associate,831,2019-12-25,147138.53
9506,Employee 09506,Sales,Coordinator,316,2022-08-06,143184.29
9507,Employee 09507,Sales,Executive,81,2019-04-19,125143.06
9508,Employee 09508,Warehouse,Supervisor,623,2018-12-17,43607.34
9509,Employee 09509,Logistics,Coordinator,98,2015-04-12,91234.99
9510,Employee 09510,Operations,Executive,342,2016-12-04,107846.82
9511,Employee 09511,Sales,Supervisor,97,2019-06-18,61357.99
9512,Employee 09512,Finance,Analyst,370,2023-01-29,70918.67
9513,Employee 09513,Finance,Associate,422,2022-10-17,167801.61
9514,Employee 09514,Sales,Executive,560,2015-10-24,113464.87
9515,Employee 09515,Operations,Associate,758,2020-09-17,131620.31
9516,Employee 09516,Warehouse,Associate,367,2018-06-22,30668.98
9517,Employee 09517,Logistics,Executive,947,2024-04-29,88828.32
9518,Employee 09518,Procurement,Manager,836,2018-06-01,86882.47
9519,Employee 09519,Procurement,Executive,984,2021-06-08,106061.05
9520,Employee 09520,Finance,Manager,755,2017-04-06,60721.46
9521,Employee 09521,Operations,Associate,373,2023-02-05,71588.33
9522,Employee 09522,warehouse,Manager,449,2021-02-26,33247.24
9523,Employee 09523,Warehouse,Manager,958,2016-05-10,143578.94
9524,Employee 09524,Sales,Associate,475,2020-10-08,56706.58
9525,Employee 09525,Procurement,Manager,733,2017-01-03,39887.03
9526,Employee 09526,Operations,Manager,147,2016-04-27,90798.04
9527,Employee 09527,Sales,Associate,525,2019-02-11,51788.94
9528,Employee 09528,Procurement,Coordinator,440,2017-06-17,102079.59
9529,Employee 09529,Warehouse,Associate,53,2021-03-23,77836.13
9530,Employee 09530,Operations,Coordinator,820,2019-02-19,179302.48
9531,Employee 09531,Logistics,Manager,995,2019-03-11,143954.81
9532,Employee 09532,Sales,Analyst,266,2017-08-13,105015.83
9533,Employee 09533,Finance,Supervisor,521,2018-11-11,55770.71
9534,Employee 09534,Procurement,Executive,50,2015-08-16,140020.55
9535,Employee 09535,Warehouse,Supervisor,383,2017-09-23,72876.34
9536,Employee 09536,Sales,Executive,125,2015-10-04,168183.88
9537,Employee 09537,Finance,Executive,364,2021-10-17,157585.14
9538,Employee 09538,Warehouse,Associate,12,2016-11-10,160885.39
9539,Employee 09539,Operations ,Manager,238,2022-06-20,143962.94
9540,Employee 09540,Finance,Associate,422,2024-04-13,84629.45
9541,Employee 09541,Sales,Manager,683,2017-03-25,131432.42
9542,Employee 09542,Procurement,Executive,55,2018-01-30,52320.29
9543,Employee 09543,Operations,Supervisor,179,2018-01-08,69127.2
9544,Employee 09544,Logistics,Supervisor,524,2015-09-22,134710.1
9545,Employee 09545,Logistics ,Executive,337,2022-09-12,53091.58
9546,Employee 09546,Procurement ,Analyst,857,2018-04-21,40434.14
9547,Employee 09547,Warehouse,Supervisor,319,2016-10-22,128290.61
9548,Employee 09548,Logistics,Associate,531,2016-04-22,103428.32
9549,Employee 09549,Sales,Coordinator,484,2018-11-04,177006.7
9550,Employee 09550,Warehouse,Executive,418,2015-08-08,144703.66
9551,Employee 09551,Warehouse,Coordinator,890,2019-10-15,173097.42
9552,Employee 09552,Operations,Supervisor,216,2019-07-09,40146.94
9553,Employee 09553,Sales,Associate,676,2019-09-05,62979.99
9554,Employee 09554,Finance,Analyst,661,2019-05-11,121873.51
9555,Employee 09555,Finance,Analyst,304,2019-01-30,35351.35
9556,Employee 09556,Procurement,Executive,416,2023-10-07,47464.34
9557,Employee 09557,Warehouse,Supervisor,216,2023-10-18,129248.08
9558,Employee 09558,Sales,Supervisor,40,2017-07-01,23834.2
9559,Employee 09559,Operations,Manager,501,2016-10-20,72448.36
9560,Employee 09560,Finance,Analyst,899,2022-12-05,121563.37
9561,Employee 09561,Logistics,Associate,154,2016-09-15,77053.42
9562,Employee 09562,Finance,Coordinator,193,2024-05-05,52952.38
9563,Employee 09563,Sales,Executive,375,2023-09-13,50759.63
9564,Employee 09564,Procurement,Associate,661,2022-11-18,95578.71
9565,Employee 09565,Finance,Executive,837,2021-02-01,75412.87
9566,Employee 09566,Warehouse,Executive,921,2015-06-04,74073.02
9567,Employee 09567,Procurement,Supervisor,10,2019-09-25,35709.15
9568,Employee 09568,Finance,Associate,241,2015-09-02,41951.63
9569,Employee 09569,Warehouse,Executive,16,2023-05-15,134772.19
9570,Employee 09570,Warehouse,Executive,507,2018-03-19,52413.35
9571,Employee 09571,Logistics,Associate,191,2019-07-26,22364.25
9572,Employee 09572,Operations,Supervisor,68,2024-01-11,161682.13
9573,Employee 09573,Logistics,Manager,789,2024-05-15,130171.26
9574,Employee 09574,Operations,Supervisor,666,2022-11-09,61779.34
9575,Employee 09575,Finance,Manager,507,2019-08-26,28437.45
9576,Employee 09576,Finance,Supervisor,218,2015-04-26,108885.19
9577,Employee 09577,Sales,Supervisor,708,2018-05-03,75802.57
9578,Employee 09578,Operations,Manager,248,2016-03-22,84174.61
9579,Employee 09579,Warehouse,Coordinator,510,2019-03-18,104379.69
9580,Employee 09580,Warehouse,Manager,18,2020-11-19,58534.58
9581,Employee 09581,Procurement,Supervisor,750,2018-08-29,79062.89
9582,Employee 09582,Warehouse,Supervisor,619,2023-05-10,119706.79
9583,Employee 09583,Logistics,Analyst,619,2022-06-07,160092.19
9584,Employee 09584,Procurement,Executive,484,2018-08-23,127942.61
9585,Employee 09585,Finance,Coordinator,194,2016-09-09,57766.15
9586,Employee 09586,Logistics,Executive,544,2016-09-13,75822.9
9587,Employee 09587,Procurement,Associate,165,2022-07-27,70975.49
9588,Employee 09588,Operations,Analyst,831,2021-07-07,43459.71
9589,Employee 09589,Operations,Supervisor,793,2015-09-14,134353.38
9590,Employee 09590,Finance,Supervisor,508,2021-05-02,133072.06
9591,Employee 09591,Logistics,Supervisor,631,2015-01-03,145665.58
9592,Employee 09592,Finance,Analyst,841,2022-08-11,80556.46
9593,Employee 09593,Finance,Supervisor,292,2023-11-19,24485.6
9594,Employee 09594,Logistics,Associate,322,2019-05-30,32349.92
9595,Employee 09595,Procurement,Associate,504,2022-04-19,90038.76
9596,Employee 09596,Finance,Manager,621,2018-04-30,89715.27
9597,Employee 09597,Warehouse,Executive,601,2015-07-03,39283.12
9598,Employee 09598,Logistics,Manager,327,2023-01-29,68936.46
9599,Employee 09599,Sales,Associate,1,2018-05-19,42575.46
9600,Employee 09600,Logistics,Coordinator,676,2020-08-10,142643.29
9601,Employee 09601,Operations,Associate,250,2018-04-11,72824.8
9602,Employee 09602,Warehouse,Supervisor,972,2016-10-22,169368.3
9603,Employee 09603,Warehouse,Manager,14,2019-05-18,129930.29
9604,Employee 09604,Sales,Manager,799,2021-02-07,36649.52
9605,Employee 09605,Operations,Supervisor,224,2024-05-30,36109.21
9606,Employee 09606,Logistics,Executive,668,2017-03-31,174215.13
9607,Employee 09607,Procurement,Coordinator,748,2024-04-13,20829.2
9608,Employee 09608,Warehouse,Manager,189,2017-09-09,19407.28
9609,Employee 09609,Logistics,Manager,210,2016-06-03,113465.62
9610,Employee 09610,Operations,Executive,928,2016-04-10,56754.43
9611,Employee 09611,Logistics,Executive,591,2019-01-11,165868.14
9612,Employee 09612,Warehouse,Supervisor,95,2023-04-11,64844.83
9613,Employee 09613,Finance,Manager,202,2020-07-09,143528.77
9614,Employee 09614,Sales,Analyst,750,2016-09-24,98736.8
9615,Employee 09615,Operations,Manager,33,2022-06-27,161373.52
9616,Employee 09616,Operations,Executive,419,2017-09-17,23982.46
9617,Employee 09617,Warehouse,Associate,265,2019-10-11,175341.84
9618,Employee 09618,Finance,Executive,731,2016-07-23,119857.03
9619,Employee 09619,Finance,Executive,337,2022-03-20,114639.47
9620,Employee 09620,Logistics,Manager,741,2019-02-25,158832.67
9621,Employee 09621,Sales,Manager,982,2016-01-02,132835.22
9622,Employee 09622,Operations,Supervisor,52,2017-07-18,69504.68
9623,Employee 09623,Warehouse,Supervisor,154,2020-06-02,97772.5
9624,Employee 09624,Operations,Associate,781,2024-02-29,103857.04
9625,Employee 09625,Procurement,Associate,787,2023-04-05,167418.1
9626,Employee 09626,Sales,Executive,839,2019-01-28,156011.66
9627,Employee 09627,Warehouse,Manager,124,2020-04-28,49330.67
9628,Employee 09628,Warehouse,Supervisor,904,2020-09-13,52589.07
9629,Employee 09629,Sales ,Executive,682,2021-04-29,23616.2
9630,Employee 09630,Sales,Associate,347,2015-03-23,163860.95
9631,Employee 09631,Warehouse,Analyst,953,2017-06-27,172632.61
9632,Employee 09632,Logistics,Manager,576,2017-06-04,51570.87
9633,Employee 09633,Sales,Manager,629,2015-08-02,117530.3
9634,Employee 09634,Warehouse,Supervisor,601,2019-01-18,155020.31
9635,Employee 09635,Warehouse,Supervisor,230,2023-12-11,92490.35
9636,Employee 09636,Warehouse,Analyst,689,2015-05-13,67602.16
9637,Employee 09637,Operations,Executive,53,2021-07-21,120443.02
9638,Employee 09638,Sales,Executive,519,2023-11-11,44012.48
9639,Employee 09639,Sales,Coordinator,534,2023-12-11,75534.12
9640,Employee 09640,Warehouse,Executive,114,2019-04-20,44395.05
9641,Employee 09641,Sales,Analyst,684,2017-02-24,163071.97
9642,Employee 09642,Logistics,Analyst,372,2015-02-28,100199.79
9643,Employee 09643,Operations,Manager,914,2022-07-02,67768.38
9644,Employee 09644,Warehouse,Analyst,360,2015-09-16,44129.57
9645,Employee 09645,Finance,Manager,22,2019-07-24,164494.74
9646,Employee 09646,Procurement,Supervisor,632,2017-07-11,127196.53
9647,Employee 09647,Logistics,Manager,475,2023-11-24,73641.13
9648,Employee 09648,Warehouse,Analyst,289,2015-07-10,51387.77
9649,Employee 09649,Finance,Associate,972,2016-02-02,112461.78
9650,Employee 09650,Warehouse,Coordinator,670,2019-10-04,103176.53
9651,Employee 09651,Finance,Executive,426,2020-09-26,118850.7
9652,Employee 09652,Logistics ,Executive,709,2016-04-03,68295.54
9653,Employee 09653,Procurement,Analyst,976,2016-03-11,100337.97
9654,Employee 09654,Operations,Coordinator,285,2017-04-05,134561.39
9655,Employee 09655,Warehouse,Manager,737,2016-11-22,77293.32
9656,Employee 09656,Sales,Supervisor,573,2022-11-05,67592.58
9657,Employee 09657,Sales,Executive,458,2024-02-23,89152.35
9658,Employee 09658,Warehouse,Supervisor,364,2020-07-13,178585.42
9659,Employee 09659,Procurement,Coordinator,395,2024-07-27,60775.22
9660,Employee 09660,Warehouse,Analyst,991,2021-09-12,164072.56
9661,Employee 09661,Logistics,Coordinator,903,2020-05-10,81835.11
9662,Employee 09662,Warehouse,Executive,85,2024-07-10,25241.06
9663,Employee 09663,Logistics,Associate,537,2021-10-28,29842.94
9664,Employee 09664,Sales,Analyst,399,2016-12-26,156807.08
9665,Employee 09665,Procurement,Supervisor,264,2021-11-03,89219.35
9666,Employee 09666,Finance,Associate,48,2019-11-15,148420.68
9667,Employee 09667,Logistics,Coordinator,853,2022-07-16,87278.4
9668,Employee 09668,Logistics,Supervisor,567,2017-06-18,178687.15
9669,Employee 09669,Logistics,Executive,767,2019-07-22,130040.4
9670,Employee 09670,Operations,Manager,353,2018-05-21,101056.16
9671,Employee 09671,Finance,Supervisor,295,2022-08-29,75002.53
9672,Employee 09672,Operations,Manager,938,2016-09-06,49173.31
9673,Employee 09673,Warehouse,Coordinator,141,2021-11-24,145219.03
9674,Employee 09674,Procurement,Supervisor,13,2021-08-13,89782.07
9675,Employee 09675,Finance,Coordinator,816,2020-10-19,129594.61
9676,Employee 09676,Logistics,Manager,34,2019-05-25,20594.5
9677,Employee 09677,Procurement,Manager,912,2017-12-27,131755.46
9678,Employee 09678,Logistics,Manager,642,2023-09-12,120606.08
9679,Employee 09679,,Executive,698,2017-07-03,108923.84
9680,Employee 09680,Logistics,Supervisor,919,2015-05-14,144603.32
9681,Employee 09681,Finance,Associate,816,2015-09-02,140928.57
9682,Employee 09682,Procurement,Analyst,97,2017-09-20,33555.61
9683,Employee 09683,Procurement,Manager,933,2015-03-02,50310.27
9684,Employee 09684,Procurement,Analyst,524,2016-12-22,75012.87
9685,Employee 09685,Logistics,Supervisor,710,2016-11-13,43554.78
9686,Employee 09686,Procurement,Coordinator,816,2024-06-07,47847.04
9687,Employee 09687,Logistics,Supervisor,2,2020-09-01,148461.86
9688,Employee 09688,Logistics,Analyst,791,2015-04-10,26767.62
9689,Employee 09689,Finance,Coordinator,556,2017-04-09,67091.43
9690,Employee 09690,Logistics,Manager,555,2017-10-06,0.0
9691,Employee 09691,Sales,Supervisor,48,2016-05-14,150594.69
9692,Employee 09692,Finance,Executive,296,2019-08-22,123728.1
9693,Employee 09693,Operations,Associate,619,2023-09-07,63120.26
9694,Employee 09694,Warehouse,Supervisor,801,2019-11-30,112959.11
9695,Employee 09695,Sales,Manager,379,2023-07-09,166920.68
9696,Employee 09696,Operations,Manager,294,2023-01-20,49840.41
9697,Employee 09697,Sales,Associate,213,2024-06-28,57283.32
9698,Employee 09698,Procurement,Executive,123,2015-09-26,144592.84
9699,Employee 09699,Finance,Manager,697,2022-05-01,59049.54
9700,Employee 09700,Operations,Coordinator,316,2023-07-13,134863.26
9701,Employee 09701,Warehouse,Associate,857,2015-09-22,47884.66
9702,Employee 09702,Logistics,Executive,868,2015-02-23,87882.36
9703,Employee 09703,Sales,Coordinator,836,2016-08-19,40900.79
9704,Employee 09704,Logistics,Supervisor,628,2023-03-28,29864.69
9705,Employee 09705,,Executive,256,2021-04-19,48942.91
9706,Employee 09706,Logistics,Associate,35,2016-11-25,128855.6
9707,Employee 09707,Sales,Coordinator,583,2021-11-03,20522.56
9708,Employee 09708,Finance,Supervisor,102,2020-06-03,148322.79
9709,Employee 09709,Finance,Coordinator,69,2016-10-06,30253.0
9710,Employee 09710,Procurement,Executive,567,2015-02-17,128375.45
9711,Employee 09711,Procurement,Manager,716,2023-07-15,65910.06
9712,Employee 09712,Warehouse,Manager,238,2021-12-05,90522.98
9713,Employee 09713,Sales,Coordinator,620,2015-05-08,163448.15
9714,Employee 09714,Logistics,Supervisor,192,2021-03-31,120357.07
9715,Employee 09715,Warehouse,Supervisor,578,2023-08-10,143129.89
9716,Employee 09716,Logistics,Manager,878,2021-12-28,124668.86
9717,Employee 09717,Procurement,Supervisor,187,2016-07-19,101995.72
9718,Employee 09718,Finance,Supervisor,588,2022-10-04,148762.25
9719,Employee 09719,Sales,Executive,211,2020-11-27,105011.22
9720,Employee 09720,Logistics,Manager,418,2020-07-15,165182.18
9721,Employee 09721,Finance,Manager,646,2021-07-12,21929.05
9722,Employee 09722,Logistics,Coordinator,69,2015-02-24,31568.84
9723,Employee 09723,Finance,Analyst,133,2024-02-01,151008.3
9724,Employee 09724,Operations,Executive,595,2018-07-21,143722.92
9725,Employee 09725,Operations,Executive,374,2015-07-27,143489.95
9726,Employee 09726,Warehouse,Supervisor,16,2024-03-26,76654.84
9727,Employee 09727,Logistics,Analyst,214,2024-06-22,73375.49
9728,Employee 09728,Procurement,Manager,821,2021-05-11,42790.2
9729,Employee 09729,Finance,Manager,557,2020-05-03,109477.99
9730,Employee 09730,Warehouse,Analyst,321,2020-09-05,85159.19
9731,Employee 09731,Operations,Supervisor,645,2022-01-10,47110.59
9732,Employee 09732,Finance,Associate,966,2016-04-19,30872.7
9733,Employee 09733,Sales,Analyst,816,2015-10-11,155209.85
9734,Employee 09734,Warehouse,Analyst,248,2023-01-07,151483.2
9735,Employee 09735,Warehouse,Analyst,486,2023-12-05,42235.55
9736,Employee 09736,Warehouse,Coordinator,999,2016-06-27,113763.33
9737,Employee 09737,Warehouse,Analyst,754,2017-01-20,43792.77
9738,Employee 09738,Finance,Supervisor,545,2016-07-23,68790.17
9739,Employee 09739,Operations,Supervisor,398,2018-04-08,55966.06
9740,Employee 09740,Logistics,Coordinator,496,2018-06-18,97605.25
9741,Employee 09741,Procurement,Coordinator,314,2020-10-21,99032.1
9742,Employee 09742,Operations,Executive,864,2017-04-16,164358.16
9743,Employee 09743,Procurement,Executive,191,2017-03-23,175867.71
9744,Employee 09744,Finance,Supervisor,300,2018-12-23,118793.26
9745,Employee 09745,,Analyst,469,2021-01-12,78364.52
9746,Employee 09746,Procurement,Associate,56,2015-05-21,129028.83
9747,Employee 09747,Warehouse,Manager,316,2015-06-18,94698.99
9748,Employee 09748,Warehouse,Executive,38,2023-01-10,52410.21
9749,Employee 09749,Finance,Supervisor,297,2019-02-13,115927.65
9750,Employee 09750,Finance ,Analyst,650,2019-12-06,150401.2
9751,Employee 09751,Procurement,Manager,895,2016-08-24,102343.69
9752,Employee 09752,Procurement,Supervisor,555,2024-05-27,165177.34
9753,Employee 09753,Warehouse,Executive,681,2022-07-20,172991.82
9754,Employee 09754,Warehouse,Analyst,793,2022-03-18,59668.93
9755,Employee 09755,Warehouse,Manager,910,2016-09-24,34843.92
9756,Employee 09756,Logistics,Analyst,436,2023-04-08,22864.52
9757,Employee 09757,Logistics,Coordinator,144,2019-05-24,28270.22
9758,Employee 09758,Operations,Coordinator,386,2024-01-12,70896.41
9759,Employee 09759,Warehouse,Analyst,160,2022-01-13,153089.06
9760,Employee 09760,Finance,Associate,231,2018-04-16,59356.11
9761,Employee 09761,Procurement,Executive,673,2023-10-18,60551.06
9762,Employee 09762,Logistics,Manager,360,2023-12-20,26285.16
9763,Employee 09763,Sales,Executive,168,2019-08-29,35406.17
9764,Employee 09764,Sales,Manager,578,2022-08-20,99181.1
9765,Employee 09765,Operations,Executive,288,2021-08-29,59283.07
9766,Employee 09766,Procurement,Supervisor,782,2021-04-14,82052.24
9767,Employee 09767,Procurement,Coordinator,543,2021-07-24,97041.93
9768,Employee 09768,Operations,Analyst,518,2017-02-09,18660.92
9769,Employee 09769,operations,Executive,962,2022-05-20,147960.8
9770,Employee 09770,Logistics,Executive,771,2017-02-01,160476.69
9771,Employee 09771,Operations,Coordinator,197,2017-05-30,163907.46
9772,Employee 09772,Warehouse,Manager,699,2018-10-18,96458.88
9773,Employee 09773,Logistics,Executive,111,2024-03-25,27499.93
9774,Employee 09774,Logistics,Analyst,372,2019-04-18,88298.12
9775,Employee 09775,Procurement,Manager,917,2022-05-18,110938.03
9776,Employee 09776,Logistics,Executive,581,2016-11-11,102695.98
9777,Employee 09777,Warehouse,Executive,190,2018-06-29,22452.43
9778,Employee 09778,Finance,Supervisor,919,2024-07-22,73673.08
9779,Employee 09779,Operations,Manager,109,2023-03-27,73760.99
9780,Employee 09780,Procurement,Analyst,690,2019-05-18,84379.21
9781,Employee 09781,Sales,Analyst,75,2019-12-09,104304.93
9782,Employee 09782,Procurement,Manager,776,2023-04-08,174928.04
9783,Employee 09783,Logistics,Manager,254,2019-01-11,101656.24
9784,Employee 09784,Sales,Associate,32,2023-04-16,50518.11
9785,Employee 09785,Finance,Supervisor,96,2023-06-17,63683.57
9786,Employee 09786,Sales,Executive,133,2015-10-29,91227.56
9787,Employee 09787,Logistics,Manager,191,2021-06-24,94472.01
9788,Employee 09788,Procurement,Supervisor,768,2019-11-17,40512.27
9789,Employee 09789,Warehouse,Associate,796,2022-11-14,47233.93
9790,Employee 09790,Sales,Associate,747,2020-01-21,43217.77
9791,Employee 09791,Operations,Associate,725,2017-08-03,40345.19
9792,Employee 09792,Warehouse,Associate,382,2015-02-19,23836.43
9793,Employee 09793,Procurement ,Associate,902,2022-12-30,87629.99
9794,Employee 09794,Logistics,Manager,445,2022-09-01,121292.48
9795,Employee 09795,Procurement,Associate,549,2023-03-05,96176.89
9796,Employee 09796,Logistics,Supervisor,553,2018-06-30,62395.09
9797,Employee 09797,Sales,Supervisor,786,2022-01-20,166076.61
9798,Employee 09798,Operations,Associate,590,2018-02-14,66970.47
9799,Employee 09799,Warehouse,Coordinator,186,2023-05-23,56483.66
9800,Employee 09800,Finance,Analyst,230,2019-01-16,85982.13
9801,Employee 09801,Finance,Manager,397,2017-09-27,150226.52
9802,Employee 09802,Finance,Executive,622,2016-11-23,73136.21
9803,Employee 09803,Sales,Executive,121,2018-12-22,134872.34
9804,Employee 09804,Operations,Manager,806,2020-10-31,92504.77
9805,Employee 09805,Sales,Analyst,763,2024-06-06,95694.47
9806,Employee 09806,,Executive,306,2015-12-20,135390.37
9807,Employee 09807,Finance,Executive,910,2024-04-22,41950.9
9808,Employee 09808,Logistics,Supervisor,876,2024-04-06,70439.24
9809,Employee 09809,Finance,Coordinator,291,2022-11-18,144224.49
9810,Employee 09810,Sales,Executive,702,2020-05-22,47393.44
9811,Employee 09811,sales,Analyst,812,2017-12-01,171128.83
9812,Employee 09812,Sales,Manager,858,2020-11-11,68363.27
9813,Employee 09813,Finance,Manager,559,2015-07-23,130748.45
9814,Employee 09814,Operations,Manager,625,2023-07-24,81967.89
9815,Employee 09815,Warehouse,Executive,791,2023-06-21,18634.92
9816,Employee 09816,Procurement,Associate,924,2017-05-27,129694.45
9817,Employee 09817,Warehouse,Coordinator,934,2022-01-22,132236.77
9818,Employee 09818,Operations,Analyst,697,2016-09-25,162915.06
9819,Employee 09819,Finance,Supervisor,893,2021-10-24,120997.08
9820,Employee 09820,Warehouse,Supervisor,982,2021-05-14,108644.18
9821,Employee 09821,Finance,Analyst,129,2020-07-17,58019.86
9822,Employee 09822,Warehouse,Coordinator,355,2022-01-24,145673.17
9823,Employee 09823,Logistics,Associate,704,2023-12-19,117687.02
9824,Employee 09824,Procurement,Associate,644,2015-11-08,149282.59
9825,Employee 09825,Procurement,Supervisor,169,2015-02-18,111744.48
9826,Employee 09826,Finance,Associate,317,2022-01-19,124510.8
9827,Employee 09827,Warehouse,Associate,628,2024-03-24,107196.19
9828,Employee 09828,Finance,Analyst,733,2016-08-17,92415.57
9829,Employee 09829,Logistics,Supervisor,731,2023-01-03,92687.16
9830,Employee 09830,Warehouse,Executive,68,2018-02-11,70290.47
9831,Employee 09831,Sales,Supervisor,285,2018-03-25,31849.33
9832,Employee 09832,Finance,Analyst,13,2015-05-05,157419.23
9833,Employee 09833,Sales,Analyst,695,2017-12-24,31642.89
9834,Employee 09834,Finance,Manager,837,2020-11-02,72458.37
9835,Employee 09835,Sales,Supervisor,537,2022-07-25,68401.0
9836,Employee 09836,Operations,Coordinator,142,2019-09-19,152617.72
9837,Employee 09837,Warehouse,Coordinator,752,2024-01-15,88650.1
9838,Employee 09838,Warehouse,Executive,359,2021-12-23,31788.7
9839,Employee 09839,Finance,Supervisor,272,2024-05-01,66770.67
9840,Employee 09840,Logistics,Coordinator,852,2018-03-17,111463.78
9841,Employee 09841,Sales,Executive,799,2016-02-19,152641.73
9842,Employee 09842,Sales,Associate,639,2020-08-19,33450.42
9843,Employee 09843,Finance,Manager,404,2024-03-10,122634.04
9844,Employee 09844,Warehouse,Analyst,883,2019-03-03,123911.07
9845,Employee 09845,Finance,Executive,739,2015-06-10,158972.97
9846,Employee 09846,finance,Associate,696,2020-04-08,67250.92
9847,Employee 09847,Logistics,Executive,803,2018-10-25,120887.39
9848,Employee 09848,Operations,Manager,645,2016-12-24,22641.05
9849,Employee 09849,Logistics,Executive,545,2019-03-22,153146.55
9850,Employee 09850,Sales,Coordinator,848,2017-07-14,86709.88
9851,Employee 09851,Operations,Manager,348,2021-01-01,110158.2
9852,Employee 09852,Finance,Manager,219,2019-06-28,179458.03
9853,Employee 09853,Operations,Coordinator,801,2024-05-02,120887.11
9854,Employee 09854,Procurement,Analyst,649,2018-10-13,46479.28
9855,Employee 09855,Finance,Associate,670,2023-07-03,78684.78
9856,Employee 09856,Procurement,Associate,795,2021-02-04,125163.48
9857,Employee 09857,Procurement,Coordinator,143,2020-03-18,51567.24
9858,Employee 09858,Finance,Associate,181,2021-10-15,107533.82
9859,Employee 09859,Finance,Supervisor,168,2018-07-12,94039.63
9860,Employee 09860,Sales,Executive,424,2021-03-16,38772.26
9861,Employee 09861,Finance,Supervisor,109,2017-12-20,116189.19
9862,Employee 09862,Warehouse,Manager,235,2015-02-20,127913.39
9863,Employee 09863,Warehouse,Executive,514,2023-03-22,104932.56
9864,Employee 09864,Sales,Executive,947,2022-08-30,111169.25
9865,Employee 09865,Logistics,Analyst,443,2022-04-12,127390.27
9866,Employee 09866,Procurement,Manager,790,2021-05-16,57975.89
9867,Employee 09867,Operations,Executive,16,2015-01-05,58197.17
9868,Employee 09868,procurement,Associate,265,2018-01-30,166243.57
9869,Employee 09869,Operations,Coordinator,710,2015-12-12,103654.08
9870,Employee 09870,Warehouse,Manager,672,2018-04-28,130355.03
9871,Employee 09871,Sales,Analyst,904,2019-06-27,37706.53
9872,Employee 09872,Warehouse,Associate,389,2015-03-12,72348.86
9873,Employee 09873,Sales,Manager,7,2020-04-17,86197.44
9874,Employee 09874,Operations,Executive,389,2018-02-22,45159.3
9875,Employee 09875,Logistics,Associate,856,2021-10-11,48908.81
9876,Employee 09876,Warehouse,Executive,810,2023-07-21,164212.1
9877,Employee 09877,Sales,Executive,343,2024-04-10,178086.75
9878,Employee 09878,Logistics,Manager,6,2023-10-31,156455.86
9879,Employee 09879,Operations,Manager,112,2016-09-29,23060.53
9880,Employee 09880,Warehouse,Associate,85,2023-07-04,100182.98
9881,Employee 09881,Warehouse,Associate,333,2021-11-03,77124.55
9882,Employee 09882,Operations,Supervisor,602,2019-04-09,85416.17
9883,Employee 09883,Finance,Coordinator,691,2016-08-12,112088.82
9884,Employee 09884,Warehouse,Executive,190,2024-03-06,106569.44
9885,Employee 09885,Operations,Manager,535,2018-06-18,114685.68
9886,Employee 09886,Sales,Coordinator,25,2021-12-23,51580.86
9887,Employee 09887,Finance,Analyst,560,2022-08-24,162284.09
9888,Employee 09888,Logistics,Executive,885,2023-07-10,89643.9
9889,Employee 09889,Procurement,Associate,828,2019-04-18,130431.83
9890,Employee 09890,Warehouse,Executive,342,2023-02-08,111670.63
9891,Employee 09891,Logistics,Supervisor,896,2018-11-29,69827.25
9892,Employee 09892,Procurement,Supervisor,505,2021-10-05,36731.23
9893,Employee 09893,Procurement,Supervisor,909,2022-12-13,128245.94
9894,Employee 09894,Procurement,Associate,998,2017-11-24,92896.43
9895,Employee 09895,Procurement,Manager,72,2016-09-21,98799.02
9896,Employee 09896,Sales,Coordinator,499,2022-05-01,156815.04
9897,Employee 09897,Warehouse,Executive,976,2018-10-19,178928.81
9898,Employee 09898,Operations,Manager,493,2018-09-04,76565.04
9899,Employee 09899,Sales,Analyst,926,2017-01-19,96663.49
9900,Employee 09900,Operations,Executive,110,2020-07-19,63943.88
9901,Employee 09901,Warehouse,Coordinator,108,2015-07-03,119211.28
9902,Employee 09902,Sales,Coordinator,657,2020-06-14,76525.52
9903,Employee 09903,Warehouse,Analyst,491,2022-10-23,44381.41
9904,Employee 09904,Operations,Associate,918,2021-07-05,107609.37
9905,Employee 09905,Operations,Executive,541,2017-02-19,142786.73
9906,Employee 09906,Procurement,Coordinator,397,2021-06-19,55779.26
9907,Employee 09907,Logistics,Analyst,650,2016-03-08,70245.77
9908,Employee 09908,Finance,Associate,398,2019-03-26,145898.59
9909,Employee 09909,Operations,Manager,462,2017-12-09,89034.63
9910,Employee 09910,Logistics,Associate,61,2017-12-07,151853.84
9911,Employee 09911,Procurement,Executive,702,2017-11-19,169429.93
9912,Employee 09912,Operations,Analyst,13,2015-06-06,59423.38
9913,Employee 09913,Logistics,Coordinator,309,2017-08-02,167883.45
9914,Employee 09914,Logistics,Manager,335,2022-09-23,21185.33
9915,Employee 09915,Operations,Associate,352,2020-06-04,127124.51
9916,Employee 09916,Sales,Analyst,784,2017-07-28,69274.74
9917,Employee 09917,Warehouse,Executive,896,2023-12-30,75106.08
9918,Employee 09918,sales,Manager,89,2018-12-08,152789.72
9919,Employee 09919,Sales,Executive,77,2020-08-11,94788.98
9920,Employee 09920,Finance,Coordinator,320,2015-06-06,144351.01
9921,Employee 09921,Logistics,Manager,76,2019-01-29,25361.78
9922,Employee 09922,Warehouse,Analyst,761,2022-02-22,172791.56
9923,Employee 09923,Logistics,Supervisor,368,2018-12-09,73594.01
9924,Employee 09924,Procurement,Manager,579,2022-09-10,110458.0
9925,Employee 09925,Finance ,Coordinator,934,2020-08-15,87060.6
9926,Employee 09926,Procurement,Coordinator,95,2020-05-28,104594.97
9927,Employee 09927,Operations,Coordinator,130,2016-11-03,120563.3
9928,Employee 09928,Sales,Analyst,436,2024-06-04,39113.21
9929,Employee 09929,Sales,Executive,382,2021-07-11,155356.35
9930,Employee 09930,Finance,Analyst,999,2020-06-07,32477.77
9931,Employee 09931,Sales,Associate,414,2017-10-28,90268.27
9932,Employee 09932,Operations,Associate,138,2017-11-17,80076.47
9933,Employee 09933,Sales,Executive,807,2020-12-22,166968.96
9934,Employee 09934,Procurement,Supervisor,314,2021-04-28,65185.48
9935,Employee 09935,Logistics,Analyst,700,2019-10-20,171456.61
9936,Employee 09936,Operations,Supervisor,173,2022-09-15,73821.96
9937,Employee 09937,Procurement,Associate,993,2016-10-05,127415.99
9938,Employee 09938,Operations,Executive,133,2023-07-01,50787.57
9939,Employee 09939,Finance,Coordinator,705,2022-11-26,25621.54
9940,Employee 09940,Finance,Coordinator,210,2020-12-01,124917.89
9941,Employee 09941,Sales,Analyst,955,2021-08-14,172607.55
9942,Employee 09942,Procurement,Manager,756,2021-12-05,99508.07
9943,Employee 09943,Sales,Analyst,901,2015-05-08,56439.29
9944,Employee 09944,Procurement,Associate,960,2016-11-06,46854.13
9945,Employee 09945,Procurement,Associate,927,2024-06-21,58915.55
9946,Employee 09946,Logistics,Supervisor,584,2022-11-24,129963.42
9947,Employee 09947,Finance,Coordinator,53,2016-10-04,167266.31
9948,Employee 09948,Procurement,Executive,1,2019-07-21,35657.25
9949,Employee 09949,Procurement,Supervisor,290,2015-09-08,40941.47
9950,Employee 09950,,Manager,436,2017-03-19,37177.36
9951,Employee 09951,Warehouse,Supervisor,631,2018-04-05,108856.35
9952,Employee 09952,Sales,Analyst,339,2019-01-29,47557.66
9953,Employee 09953,Sales,Executive,453,2015-09-23,166401.19
9954,Employee 09954,Warehouse,Coordinator,473,2015-02-08,22714.8
9955,Employee 09955,Procurement,Executive,775,2020-03-31,20830.41
9956,Employee 09956,Warehouse,Executive,623,2019-04-18,82935.15
9957,Employee 09957,Procurement,Analyst,569,2022-07-21,103214.98
9958,Employee 09958,Procurement,Coordinator,835,2022-12-20,45490.1
9959,Employee 09959,Warehouse,Coordinator,402,2015-01-03,172767.59
9960,Employee 09960,Sales,Analyst,858,2022-10-15,137473.95
9961,Employee 09961,Procurement,Supervisor,745,2021-04-15,153325.24
9962,Employee 09962,Logistics,Supervisor,588,2019-12-22,153061.58
9963,Employee 09963,Finance,Executive,791,2020-06-02,49395.03
9964,Employee 09964,Finance,Manager,991,2024-01-21,109511.82
9965,Employee 09965,Finance,Analyst,981,2015-05-25,122646.96
9966,Employee 09966,Warehouse,Executive,914,2016-04-04,159209.86
9967,Employee 09967,Sales,Supervisor,191,2016-01-23,72867.52
9968,Employee 09968,Procurement,Analyst,190,2017-06-18,32857.56
9969,Employee 09969,Warehouse,Coordinator,933,2016-02-25,168974.34
9970,Employee 09970,procurement,Manager,888,2020-03-28,19742.29
9971,Employee 09971,Logistics,Supervisor,6,2023-05-22,172345.31
9972,Employee 09972,Operations,Supervisor,709,2023-06-10,126405.91
9973,Employee 09973,Procurement,Associate,440,2021-01-09,90827.29
9974,Employee 09974,Procurement,Supervisor,671,2020-03-26,40123.16
9975,Employee 09975,Sales,Coordinator,430,2022-12-14,85476.65
9976,Employee 09976,Warehouse,Coordinator,169,2022-10-27,77603.08
9977,Employee 09977,Sales,Coordinator,560,2022-07-16,136905.05
9978,Employee 09978,Finance,Coordinator,744,2015-06-02,85818.36
9979,Employee 09979,Logistics,Manager,46,2016-08-11,71865.34
9980,Employee 09980,Operations,Analyst,863,2016-10-23,123270.44
9981,Employee 09981,Sales,Executive,252,2017-09-24,53239.84
9982,Employee 09982,,Supervisor,565,2023-02-02,76972.17
9983,Employee 09983,Warehouse,Coordinator,403,2022-11-02,51220.49
9984,Employee 09984,Procurement,Analyst,210,2022-10-12,74607.33
9985,Employee 09985,Procurement,Analyst,77,2017-01-23,138346.8
9986,Employee 09986,Operations,Executive,92,2022-07-09,55919.18
9987,Employee 09987,Procurement,Supervisor,563,2015-05-08,70685.92
9988,Employee 09988,Warehouse,Coordinator,66,2017-01-01,126922.68
9989,Employee 09989,Warehouse,Manager,60,2021-04-28,95080.51
9990,Employee 09990,Procurement,Supervisor,63,2019-08-24,176504.26
9991,Employee 09991,Sales,Associate,22,2016-08-11,107796.18
9992,Employee 09992,Operations,Supervisor,721,2018-01-09,63087.7
9993,Employee 09993,Operations,Manager,475,2022-07-08,142579.49
9994,Employee 09994,Finance,Analyst,637,2015-04-06,111165.66
9995,Employee 09995,Operations,Supervisor,227,2016-05-19,148239.42
9996,Employee 09996,Logistics,Coordinator,911,2015-10-23,70724.93
9997,Employee 09997,Finance,Associate,251,2021-06-17,61985.22
9998,Employee 09998,Finance,Analyst,778,2023-10-25,177483.59
9999,Employee 09999,Sales,Manager,218,2015-04-08,162512.97
10000,Employee 10000,Logistics,Coordinator,736,2024-02-15,79914.58
10001,Employee 10001,Operations,Supervisor,312,2022-06-19,143848.47
10002,Employee 10002,Operations,Executive,513,2015-05-19,130905.39
10003,Employee 10003,Finance,Executive,918,2024-02-15,100700.18
10004,Employee 10004,Operations,Associate,240,2023-04-20,88648.0
10005,Employee 10005,Sales,Coordinator,348,2019-04-17,82743.57
10006,Employee 10006,Operations,Analyst,645,2018-01-30,164087.99
10007,Employee 10007,Warehouse,Associate,625,2017-07-17,28001.83
10008,Employee 10008,Operations,Coordinator,392,2021-01-07,53549.09
10009,Employee 10009,Finance,Analyst,388,2021-03-02,0.0
10010,Employee 10010,Sales,Coordinator,235,2021-04-12,107799.15
10011,Employee 10011,Warehouse,Analyst,287,2018-06-26,107742.24
10012,Employee 10012,Sales,Analyst,119,2022-05-06,67627.18
10013,Employee 10013,Logistics,Supervisor,685,2015-10-25,144043.72
10014,Employee 10014,Procurement,Analyst,116,2018-08-04,61174.24
10015,Employee 10015,Sales,Supervisor,890,2021-01-20,27048.96
10016,Employee 10016,Warehouse,Coordinator,974,2019-10-10,18717.29
10017,Employee 10017,Operations,Associate,224,2017-07-04,20016.95
10018,Employee 10018,Sales,Analyst,583,2018-02-11,43494.15
10019,Employee 10019,Logistics,Analyst,893,2022-04-09,171614.91
10020,Employee 10020,Sales,Supervisor,949,2022-05-21,149461.68
10021,Employee 10021,Warehouse,Associate,444,2020-06-25,132190.45
10022,Employee 10022,Operations,Manager,796,2020-03-04,110213.03
10023,Employee 10023,Finance,Coordinator,433,2021-02-22,41642.31
10024,Employee 10024,Logistics,Executive,618,2018-07-08,22929.76
10025,Employee 10025,Procurement,Supervisor,275,2018-06-26,43923.15
10026,Employee 10026,Logistics,Associate,247,2020-04-13,165216.59
10027,Employee 10027,Sales,Supervisor,830,2019-03-09,167138.06
10028,Employee 10028,Warehouse,Coordinator,413,2017-04-19,73400.79
10029,Employee 10029,Logistics,Supervisor,524,2024-03-15,156844.84
10030,Employee 10030,Procurement,Coordinator,358,2019-03-26,136902.74
10031,Employee 10031,warehouse,Manager,668,2017-05-26,91878.81
10032,Employee 10032,Sales,Executive,55,2024-07-21,136388.49
10033,Employee 10033,Sales,Executive,507,2018-03-25,60534.8
10034,Employee 10034,Warehouse,Executive,427,2019-09-11,54483.96
10035,Employee 10035,Warehouse,Analyst,600,2016-01-13,93736.64
10036,Employee 10036,Sales,Associate,423,2022-10-25,168795.01
10037,Employee 10037,Warehouse,Supervisor,917,2019-11-25,56768.37
10038,Employee 10038,Procurement,Manager,436,2022-12-17,126402.28
10039,Employee 10039,Warehouse,Coordinator,294,2017-12-18,26549.6
10040,Employee 10040,Operations,Supervisor,298,2017-08-09,64933.61
10041,Employee 10041,Warehouse,Associate,288,2022-09-02,64768.36
10042,Employee 10042,Finance,Supervisor,51,2019-07-04,85864.14
10043,Employee 10043,Sales,Analyst,729,2019-06-09,80999.63
10044,Employee 10044,Operations,Manager,798,2017-07-01,172526.28
10045,Employee 10045,Operations,Manager,479,2015-03-02,173194.27
10046,Employee 10046,Sales,Analyst,324,2021-07-06,158234.02
10047,Employee 10047,Logistics,Analyst,305,2022-07-29,129120.16
10048,Employee 10048,Warehouse,Associate,776,2020-12-10,56501.94
10049,Employee 10049,Procurement,Coordinator,563,2024-07-28,112045.62
10050,Employee 10050,Finance,Executive,937,2018-02-22,96518.25
10051,Employee 10051,Warehouse,Coordinator,872,2017-11-20,57964.53
10052,Employee 10052,Operations,Executive,493,2023-05-04,43234.85
10053,Employee 10053,Operations,Supervisor,876,2023-08-21,89999.2
10054,Employee 10054,sales,Analyst,436,2016-02-16,137489.22
10055,Employee 10055,Logistics,Coordinator,937,2024-05-22,102873.93
10056,Employee 10056,Finance,Executive,30,2018-06-03,27177.74
10057,Employee 10057,Warehouse,Supervisor,626,2023-03-16,131191.47
10058,Employee 10058,Warehouse ,Manager,126,2023-03-12,54744.82
10059,Employee 10059,Warehouse,Executive,14,2018-12-02,38674.35
10060,Employee 10060,Procurement,Supervisor,387,2020-02-28,158042.43
10061,Employee 10061,Finance,Manager,781,2021-03-12,121600.49
10062,Employee 10062,Procurement,Manager,573,2015-04-28,124047.7
10063,Employee 10063,Sales,Manager,527,2018-08-11,41095.97
10064,Employee 10064,Warehouse,Analyst,105,2018-08-10,108026.03
10065,Employee 10065,Logistics,Analyst,2,2023-01-11,41713.05
10066,Employee 10066,Operations,Associate,511,2019-11-03,92488.62
10067,Employee 10067,Warehouse,Manager,623,2018-07-02,111937.14
10068,Employee 10068,Operations,Manager,868,2023-04-16,50519.73
10069,Employee 10069,Sales,Coordinator,771,2020-12-29,152196.16
10070,Employee 10070,Logistics,Executive,776,2017-07-30,21164.32
10071,Employee 10071,Finance,Executive,788,2019-03-07,136774.98
10072,Employee 10072,Procurement,Analyst,478,2022-08-21,30241.27
10073,Employee 10073,sales,Associate,914,2022-03-19,67426.26
10074,Employee 10074,Warehouse,Executive,464,2019-12-19,116099.14
10075,Employee 10075,Warehouse,Associate,823,2021-11-04,22358.71
10076,Employee 10076,Sales,Analyst,128,2022-10-26,60799.65
10077,Employee 10077,Logistics,Analyst,291,2021-06-25,115343.65
10078,Employee 10078,Warehouse,Coordinator,53,2023-09-19,87208.27
10079,Employee 10079,Sales,Associate,322,2020-01-07,118115.5
10080,Employee 10080,Procurement,Supervisor,6,2019-06-22,60226.82
10081,Employee 10081,Operations,Executive,246,2024-06-02,123654.18
10082,Employee 10082,Logistics,Manager,909,2024-04-08,63280.3
10083,Employee 10083,Operations,Analyst,22,2015-07-11,55055.41
10084,Employee 10084,Logistics,Supervisor,722,2020-04-25,101753.25
10085,Employee 10085,Warehouse,Manager,613,2018-11-08,73868.33
10086,Employee 10086,Logistics,Manager,648,2018-11-11,60833.93
10087,Employee 10087,Logistics,Analyst,972,2015-03-04,171710.39
10088,Employee 10088,Operations,Analyst,395,2016-04-02,146192.91
10089,Employee 10089,finance,Manager,515,2023-07-11,39958.71
10090,Employee 10090,Warehouse,Manager,948,2017-05-24,100637.88
10091,Employee 10091,Procurement,Analyst,238,2017-06-06,73221.88
10092,Employee 10092,Procurement,Executive,676,2021-10-04,-10000.0
10093,Employee 10093,Logistics,Supervisor,303,2017-06-08,108275.38
10094,Employee 10094,Sales,Supervisor,546,2016-10-27,169044.97
10095,Employee 10095,Warehouse,Executive,112,2017-03-18,51208.7
10096,Employee 10096,Sales,Supervisor,310,2015-11-13,69325.08
10097,Employee 10097,Operations,Supervisor,296,2021-07-23,127708.96
10098,Employee 10098,Logistics,Supervisor,338,2016-07-07,88029.18
10099,Employee 10099,Finance,Executive,870,2019-09-10,62591.0
10100,Employee 10100,Finance,Executive,455,2023-09-08,24476.98
10101,Employee 10101,Logistics,Executive,735,2015-05-20,-10000.0
10102,Employee 10102,Warehouse ,Analyst,658,2021-04-17,71892.9
10103,Employee 10103,Finance,Coordinator,184,2015-09-06,178336.03
10104,Employee 10104,Procurement,Analyst,497,2020-08-22,57698.5
10105,Employee 10105,Logistics,Supervisor,293,2022-12-23,45477.97
10106,Employee 10106,Operations,Manager,95,2024-04-06,82061.49
10107,Employee 10107,Finance,Manager,356,2021-12-06,132628.73
10108,Employee 10108,Procurement,Coordinator,723,2017-12-17,93581.25
10109,Employee 10109,Warehouse,Manager,387,2018-10-19,34108.88
10110,Employee 10110,Finance,Coordinator,490,2019-10-13,43584.48
10111,Employee 10111,Sales,Supervisor,259,2016-03-23,84861.42
10112,Employee 10112,Finance,Analyst,708,2019-11-04,46247.38
10113,Employee 10113,Logistics,Manager,481,2015-05-11,162860.22
10114,Employee 10114,Sales,Supervisor,586,2016-03-20,125605.67
10115,Employee 10115,Sales,Coordinator,417,2015-02-14,93884.87
10116,Employee 10116,Procurement,Analyst,714,2017-09-17,73326.42
10117,Employee 10117,Finance,Analyst,318,2022-05-11,94196.17
10118,Employee 10118,Procurement,Coordinator,225,2023-06-14,87971.9
10119,Employee 10119,Logistics,Supervisor,985,2015-11-15,159043.29
10120,Employee 10120,Warehouse,Coordinator,877,2018-03-30,34067.17
10121,Employee 10121,Sales,Analyst,1,2020-04-10,128358.39
10122,Employee 10122,Logistics,Manager,843,2022-03-17,50744.24
10123,Employee 10123,Sales,Coordinator,903,2015-07-18,89237.13
10124,Employee 10124,warehouse,Coordinator,616,2020-02-11,38763.51
10125,Employee 10125,Sales,Supervisor,405,2023-03-16,65285.76
10126,Employee 10126,Logistics,Associate,707,2021-01-13,83924.7
10127,Employee 10127,Procurement,Supervisor,679,2020-10-23,75042.02
10128,Employee 10128,Warehouse,Coordinator,870,2015-08-15,165523.35
10129,Employee 10129,Sales,Coordinator,882,2024-05-04,44978.63
10130,Employee 10130,Warehouse,Analyst,497,2020-09-21,48125.09
10131,Employee 10131,Warehouse,Manager,861,2020-03-21,96320.39
10132,Employee 10132,Procurement,Analyst,496,2018-01-21,31102.36
10133,Employee 10133,Sales,Executive,490,2022-01-15,162567.06
10134,Employee 10134,Finance,Coordinator,704,2023-11-11,68719.41
10135,Employee 10135,Finance,Supervisor,645,2024-01-20,24352.46
10136,Employee 10136,Warehouse,Associate,668,2023-01-08,173465.22
10137,Employee 10137,Warehouse,Supervisor,459,2018-12-17,133783.61
10138,Employee 10138,Warehouse,Associate,144,2024-04-15,18640.21
10139,Employee 10139,Finance,Coordinator,882,2023-04-11,121639.86
10140,Employee 10140,Sales,Executive,102,2016-01-27,98055.93
10141,Employee 10141,Logistics,Manager,907,2018-07-11,93120.2
10142,Employee 10142,Warehouse,Coordinator,102,2015-02-06,133046.78
10143,Employee 10143,Logistics,Supervisor,418,2018-09-09,156328.66
10144,Employee 10144,Sales,Supervisor,596,2015-10-28,59467.7
10145,Employee 10145,Finance,Coordinator,369,2023-11-15,30815.61
10146,Employee 10146,Warehouse,Associate,706,2019-10-01,0.0
10147,Employee 10147,Operations,Manager,166,2023-04-06,122619.52
10148,Employee 10148,Operations,Executive,563,2019-12-13,174903.04
10149,Employee 10149,Logistics,Manager,642,2020-02-22,98302.28
10150,Employee 10150,Operations,Analyst,871,2021-06-01,71642.63
10151,Employee 10151,Warehouse,Analyst,123,2015-09-07,156916.02
10152,Employee 10152,Warehouse,Coordinator,111,2022-11-28,-10000.0
10153,Employee 10153,Procurement,Coordinator,378,2015-08-01,87947.79
10154,Employee 10154,Procurement,Executive,850,2021-04-24,91698.01
10155,Employee 10155,Operations,Executive,717,2019-11-14,145743.49
10156,Employee 10156,Procurement,Executive,925,2021-05-21,18635.08
10157,Employee 10157,Procurement,Coordinator,875,2016-04-26,56243.72
10158,Employee 10158,Warehouse,Analyst,378,2018-06-27,110215.68
10159,Employee 10159,Sales,Supervisor,204,2017-02-22,71097.56
10160,Employee 10160,Finance,Analyst,391,2015-08-16,104662.58
10161,Employee 10161,Sales,Supervisor,849,2019-05-19,91596.17
10162,Employee 10162,Operations,Executive,655,2023-11-29,168372.34
10163,Employee 10163,Finance,Executive,260,2018-08-27,167317.23
10164,Employee 10164,Finance,Supervisor,138,2020-04-29,78146.52
10165,Employee 10165,Logistics,Manager,15,2015-12-20,99462.6
10166,Employee 10166,Logistics,Analyst,101,2017-09-14,128355.51
10167,Employee 10167,Sales,Associate,492,2015-07-09,172399.5
10168,Employee 10168,Warehouse,Associate,504,2018-12-24,110182.53
10169,Employee 10169,Sales,Supervisor,844,2020-05-22,57174.75
10170,Employee 10170,Sales,Coordinator,986,2018-06-02,157616.07
10171,Employee 10171,Logistics,Manager,560,2018-06-18,136882.9
10172,Employee 10172,Logistics,Supervisor,101,2020-08-21,78797.89
10173,Employee 10173,Logistics,Manager,387,2017-08-11,148845.04
10174,Employee 10174,Procurement,Coordinator,326,2015-10-22,60797.58
10175,Employee 10175,Operations,Coordinator,279,2020-02-17,130930.1
10176,Employee 10176,Warehouse,Supervisor,599,2024-03-05,114431.74
10177,Employee 10177,Operations,Supervisor,785,2018-02-04,90376.45
10178,Employee 10178,Operations,Analyst,901,2018-01-02,129125.88
10179,Employee 10179,Operations,Manager,24,2020-08-22,99107.6
10180,Employee 10180,Finance,Supervisor,355,2020-01-23,75803.26
10181,Employee 10181,Procurement,Coordinator,407,2024-05-15,31024.88
10182,Employee 10182,Logistics,Executive,269,2018-04-20,84003.12
10183,Employee 10183,Finance,Associate,391,2022-05-23,130445.44
10184,Employee 10184,Procurement,Associate,851,2017-07-10,175611.46
10185,Employee 10185,Procurement,Manager,614,2024-01-29,73111.24
10186,Employee 10186,Logistics,Manager,493,2022-01-04,130596.74
10187,Employee 10187,Operations,Executive,51,2020-10-23,42376.35
10188,Employee 10188,Finance,Executive,776,2019-01-02,25824.49
10189,Employee 10189,Procurement,Manager,947,2021-08-24,101460.05
10190,Employee 10190,Logistics,Supervisor,113,2023-03-03,57699.19
10191,Employee 10191,Logistics,Manager,229,2019-08-13,41841.1
10192,Employee 10192,Finance,Associate,684,2016-04-04,47258.65
10193,Employee 10193,Sales,Manager,42,2019-03-04,120049.08
10194,Employee 10194,Logistics,Manager,707,2022-12-04,20207.14
10195,Employee 10195,Operations,Executive,829,2022-09-15,51817.28
10196,Employee 10196,Finance,Associate,541,2022-07-22,130782.74
10197,Employee 10197,Sales,Executive,756,2021-05-26,107919.66
10198,Employee 10198,Operations,Manager,424,2021-10-09,26451.63
10199,Employee 10199,Procurement,Analyst,684,2024-02-19,128245.21
10200,Employee 10200,Warehouse,Manager,259,2023-03-08,162302.2
10201,Employee 10201,Operations,Analyst,763,2019-04-25,64271.78
10202,Employee 10202,,Coordinator,342,2021-11-06,106527.09
10203,Employee 10203,Warehouse,Manager,153,2017-01-31,56984.18
10204,Employee 10204,Logistics,Associate,651,2017-08-19,161000.02
10205,Employee 10205,Procurement,Executive,947,2021-05-18,47812.04
10206,Employee 10206,Warehouse,Manager,372,2023-08-10,75060.1
10207,Employee 10207,Procurement,Associate,415,2022-01-23,156680.07
10208,Employee 10208,,Executive,381,2017-03-29,121275.28
10209,Employee 10209,Finance,Associate,494,2022-02-06,65105.29
10210,Employee 10210,Operations,Supervisor,372,2018-06-05,140721.97
10211,Employee 10211,Operations,Supervisor,444,2015-01-29,149295.18
10212,Employee 10212,Procurement,Executive,197,2023-06-14,127386.89
10213,Employee 10213,Finance,Supervisor,753,2020-11-12,0.0
10214,Employee 10214,Finance,Supervisor,659,2021-01-28,53641.72
10215,Employee 10215,Procurement,Associate,126,2021-07-30,48491.65
10216,Employee 10216,Logistics,Analyst,612,2015-02-16,159243.79
10217,Employee 10217,Procurement,Coordinator,375,2016-12-19,95208.38
10218,Employee 10218,Sales,Supervisor,700,2018-01-13,105348.0
10219,Employee 10219,Warehouse,Supervisor,417,2018-08-17,86225.29
10220,Employee 10220,Sales,Manager,805,2023-10-03,119546.68
10221,Employee 10221,,Analyst,985,2021-10-08,73220.23
10222,Employee 10222,Logistics,Associate,783,2015-10-03,45221.93
10223,Employee 10223,Warehouse,Analyst,784,2019-02-22,145168.16
10224,Employee 10224,Logistics,Manager,922,2016-04-11,23633.86
10225,Employee 10225,procurement,Analyst,351,2023-04-03,32184.15
10226,Employee 10226,Warehouse,Analyst,493,2017-11-28,166436.68
10227,Employee 10227,Warehouse,Supervisor,172,2015-02-13,59828.14
10228,Employee 10228,Operations,Coordinator,329,2024-03-24,177605.76
10229,Employee 10229,Logistics,Coordinator,541,2016-08-14,27380.03
10230,Employee 10230,Warehouse,Coordinator,444,2020-03-17,129695.59
10231,Employee 10231,Logistics,Analyst,228,2018-04-13,167843.36
10232,Employee 10232,Procurement,Executive,983,2018-02-05,102508.54
10233,Employee 10233,Warehouse,Executive,122,2023-04-13,170657.91
10234,Employee 10234,Procurement,Coordinator,956,2016-03-09,67309.63
10235,Employee 10235,Finance,Supervisor,214,2023-09-10,159634.74
10236,Employee 10236,Logistics,Executive,837,2022-05-06,170659.0
10237,Employee 10237,Operations,Supervisor,703,2022-02-13,33985.89
10238,Employee 10238,Procurement ,Manager,451,2024-05-31,156114.14
10239,Employee 10239,Warehouse,Coordinator,63,2021-07-28,157642.49
10240,Employee 10240,warehouse,Coordinator,659,2020-01-23,32691.45
10241,Employee 10241,Procurement,Supervisor,992,2015-11-05,108052.2
10242,Employee 10242,Operations,Executive,787,2021-06-15,109375.58
10243,Employee 10243,Sales,Supervisor,387,2024-06-22,53099.98
10244,Employee 10244,Logistics,Executive,985,2016-05-23,137790.29
10245,Employee 10245,Sales,Manager,53,2017-08-17,42798.4
10246,Employee 10246,Warehouse,Supervisor,147,2024-04-13,139656.7
10247,Employee 10247,Operations,Analyst,330,2015-11-08,70945.41
10248,Employee 10248,Operations,Executive,133,2019-04-04,134187.76
10249,Employee 10249,Operations,Associate,402,2019-01-22,138486.84
10250,Employee 10250,Warehouse,Analyst,626,2022-05-22,172247.5
10251,Employee 10251,Sales,Coordinator,556,2019-09-24,163750.72
10252,Employee 10252,Finance,Supervisor,453,2024-04-20,86627.93
10253,Employee 10253,Sales,Manager,402,2022-11-02,63896.06
10254,Employee 10254,Sales,Supervisor,966,2018-10-07,26995.34
10255,Employee 10255,Warehouse,Supervisor,212,2018-01-27,128333.12
10256,Employee 10256,,Supervisor,541,2016-12-27,83520.18
10257,Employee 10257,Finance,Associate,437,2015-08-14,64657.6
10258,Employee 10258,Sales,Associate,224,2021-01-16,87777.3
10259,Employee 10259,Operations,Executive,42,2021-12-30,136622.57
10260,Employee 10260,Sales,Coordinator,396,2018-04-26,47294.54
10261,Employee 10261,Sales,Coordinator,305,2023-02-01,39488.43
10262,Employee 10262,Sales,Manager,348,2024-01-30,127597.03
10263,Employee 10263,Logistics,Associate,597,2015-02-20,139149.59
10264,Employee 10264,Finance,Executive,285,2022-10-17,72391.92
10265,Employee 10265,Procurement,Analyst,299,2019-09-05,70627.17
10266,Employee 10266,Operations,Analyst,589,2020-02-17,56068.82
10267,Employee 10267,,Executive,739,2016-11-08,169185.88
10268,Employee 10268,Logistics,Manager,526,2023-10-03,100429.38
10269,Employee 10269,Logistics,Coordinator,118,2021-11-08,149084.03
10270,Employee 10270,Logistics ,Supervisor,946,2015-03-09,92136.81
10271,Employee 10271,Logistics,Analyst,44,2017-10-08,168679.69
10272,Employee 10272,Logistics,Executive,317,2018-01-30,140451.38
10273,Employee 10273,Logistics,Supervisor,467,2017-11-13,142805.17
10274,Employee 10274,Sales,Executive,360,2015-07-10,141222.41
10275,Employee 10275,Finance,Executive,332,2020-11-15,100173.28
10276,Employee 10276,Finance,Executive,553,2017-04-04,176502.09
10277,Employee 10277,Sales,Executive,277,2022-06-08,75581.97
10278,Employee 10278,Procurement,Manager,924,2022-08-21,165391.83
10279,Employee 10279,Sales,Associate,350,2020-08-27,90009.82
10280,Employee 10280,Logistics,Analyst,77,2020-03-14,116503.05
10281,Employee 10281,Finance,Supervisor,51,2020-02-20,162373.89
10282,Employee 10282,Finance,Supervisor,233,2023-04-18,81398.47
10283,Employee 10283,Finance,Coordinator,710,2016-05-09,136055.2
10284,Employee 10284,Finance,Analyst,577,2020-01-26,128189.69
10285,Employee 10285,Warehouse,Coordinator,843,2015-12-25,143622.37
10286,Employee 10286,Finance,Associate,506,2022-12-01,138454.34
10287,Employee 10287,Procurement,Associate,416,2016-10-01,104688.73
10288,Employee 10288,finance,Associate,306,2019-08-03,118745.21
10289,Employee 10289,Sales,Analyst,7,2019-05-28,141908.87
10290,Employee 10290,Procurement,Associate,456,2017-01-09,55885.17
10291,Employee 10291,Operations,Analyst,290,2021-11-16,86497.64
10292,Employee 10292,Sales,Associate,885,2018-04-08,152886.12
10293,Employee 10293,Sales,Supervisor,475,2015-06-28,156744.64
10294,Employee 10294,Finance,Supervisor,480,2019-08-18,124837.63
10295,Employee 10295,procurement,Coordinator,739,2018-08-18,159704.42
10296,Employee 10296,Finance,Supervisor,977,2015-11-27,56737.61
10297,Employee 10297,Finance ,Analyst,448,2021-08-22,158903.84
10298,Employee 10298,Operations,Supervisor,608,2022-05-22,92905.92
10299,Employee 10299,Sales,Supervisor,705,2019-03-01,106796.31
10300,Employee 10300,Logistics,Analyst,167,2021-11-25,81119.02
10301,Employee 10301,Finance,Supervisor,834,2018-08-23,34521.58
10302,Employee 10302,Operations,Analyst,335,2018-04-30,104826.76
10303,Employee 10303,Operations,Coordinator,251,2019-02-05,135024.53
10304,Employee 10304,Sales,Analyst,582,2016-12-15,147483.54
10305,Employee 10305,Sales,Manager,1,2023-05-28,136893.71
10306,Employee 10306,Sales,Supervisor,655,2021-10-09,164627.29
10307,Employee 10307,Finance,Coordinator,550,2016-09-25,117893.12
10308,Employee 10308,Logistics,Executive,424,2019-03-09,114854.71
10309,Employee 10309,Procurement,Associate,447,2019-11-07,39260.26
10310,Employee 10310,Sales,Manager,113,2019-06-07,120973.93
10311,Employee 10311,Finance,Coordinator,510,2020-07-02,33268.83
10312,Employee 10312,Procurement,Supervisor,572,2022-03-25,76455.62
10313,Employee 10313,Logistics,Executive,288,2019-07-15,104939.83
10314,Employee 10314,Warehouse,Analyst,87,2015-11-11,89300.4
10315,Employee 10315,Operations,Supervisor,346,2020-10-13,64875.48
10316,Employee 10316,Warehouse,Analyst,703,2019-07-22,27692.42
10317,Employee 10317,Operations,Associate,908,2024-04-01,84867.23
10318,Employee 10318,Operations,Coordinator,7,2019-09-12,87508.46
10319,Employee 10319,Sales,Supervisor,504,2019-01-12,128363.4
10320,Employee 10320,Finance,Coordinator,568,2018-10-14,49536.35
10321,Employee 10321,Logistics,Analyst,540,2022-10-19,92987.56
10322,Employee 10322,Finance,Manager,171,2017-06-29,138073.35
10323,Employee 10323,Sales,Manager,874,2015-02-16,148939.75
10324,Employee 10324,Finance,Associate,445,2020-12-05,30048.02
10325,Employee 10325,Finance,Coordinator,344,2018-07-08,101445.31
10326,Employee 10326,Operations,Analyst,882,2017-05-25,128420.72
10327,Employee 10327,Warehouse,Associate,829,2020-05-20,39400.75
10328,Employee 10328,Finance,Coordinator,181,2020-12-09,43217.31
10329,Employee 10329,Finance,Manager,607,2015-05-21,116720.57
10330,Employee 10330,Procurement,Manager,530,2024-04-10,33056.49
10331,Employee 10331,Logistics,Associate,274,2017-04-08,159853.88
10332,Employee 10332,Finance,Analyst,510,2023-07-09,99956.67
10333,Employee 10333,Logistics,Coordinator,625,2021-12-06,52688.58
10334,Employee 10334,Procurement,Supervisor,244,2024-04-10,70858.06
10335,Employee 10335,Logistics,Manager,948,2017-07-19,170751.42
10336,Employee 10336,Finance,Supervisor,18,2016-11-30,152637.78
10337,Employee 10337,Logistics,Coordinator,925,2015-09-23,98734.3
10338,Employee 10338,Procurement,Supervisor,733,2020-06-05,165719.71
10339,Employee 10339,Logistics,Analyst,350,2020-03-19,111229.27
10340,Employee 10340,Logistics,Associate,672,2022-01-28,124927.1
10341,Employee 10341,Procurement,Manager,18,2019-06-22,104564.17
10342,Employee 10342,Operations,Manager,178,2016-09-24,138562.04
10343,Employee 10343,Warehouse,Manager,484,2015-11-13,126099.56
10344,Employee 10344,Sales,Executive,99,2018-03-29,173217.23
10345,Employee 10345,Logistics,Coordinator,478,2017-03-08,123015.82
10346,Employee 10346,Logistics,Associate,53,2019-07-11,80660.53
10347,Employee 10347,Procurement,Executive,636,2021-04-10,72521.4
10348,Employee 10348,Sales,Manager,571,2017-03-17,143677.36
10349,Employee 10349,logistics,Analyst,248,2020-06-27,-10000.0
10350,Employee 10350,Sales,Supervisor,697,2019-05-31,136343.6
10351,Employee 10351,Logistics,Manager,901,2023-01-12,21801.67
10352,Employee 10352,Procurement,Coordinator,344,2021-11-11,117190.03
10353,Employee 10353,Finance,Executive,519,2022-07-18,27311.91
10354,Employee 10354,Logistics,Coordinator,590,2016-08-22,169186.41
10355,Employee 10355,Warehouse,Associate,883,2017-12-03,99142.49
10356,Employee 10356,Finance,Analyst,91,2023-01-11,112761.91
10357,Employee 10357,Warehouse,Supervisor,456,2019-11-20,108756.66
10358,Employee 10358,Procurement,Manager,258,2021-12-13,137407.48
10359,Employee 10359,Procurement,Coordinator,956,2015-04-23,67479.6
10360,Employee 10360,Operations,Supervisor,817,2019-06-23,154279.7
10361,Employee 10361,Warehouse,Manager,590,2021-04-15,167482.35
10362,Employee 10362,Finance,Coordinator,214,2018-06-14,51526.41
10363,Employee 10363,Procurement,Analyst,92,2016-04-11,81251.92
10364,Employee 10364,Procurement,Executive,347,2021-03-11,31165.89
10365,Employee 10365,Warehouse,Manager,267,2016-10-13,52213.05
10366,Employee 10366,Operations,Associate,287,2021-12-02,117775.41
10367,Employee 10367,Warehouse,Manager,138,2017-12-16,148028.89
10368,Employee 10368,Finance,Executive,895,2016-04-14,0.0
10369,Employee 10369,Operations,Associate,798,2016-10-14,103344.85
10370,Employee 10370,Sales,Coordinator,707,2019-02-20,123436.71
10371,Employee 10371,Warehouse,Supervisor,398,2023-07-01,175891.28
10372,Employee 10372,Sales,Associate,827,2022-11-15,146496.53
10373,Employee 10373,Procurement,Associate,277,2015-10-11,72765.81
10374,Employee 10374,Operations,Analyst,326,2022-05-18,104830.85
10375,Employee 10375,Warehouse,Associate,318,2018-01-22,69888.81
10376,Employee 10376,Warehouse,Associate,377,2019-07-13,122446.5
10377,Employee 10377,Logistics,Coordinator,480,2018-01-05,35373.42
10378,Employee 10378,Finance,Supervisor,99,2016-02-28,53126.28
10379,Employee 10379,Operations,Supervisor,478,2022-10-13,177121.67
10380,Employee 10380,Procurement,Coordinator,765,2019-04-10,83543.34
10381,Employee 10381,Finance,Executive,7,2016-02-13,107880.36
10382,Employee 10382,Logistics,Analyst,693,2021-06-28,153814.61
10383,Employee 10383,Sales,Coordinator,235,2021-12-17,103165.62
10384,Employee 10384,Procurement,Coordinator,482,2021-09-10,85358.32
10385,Employee 10385,Warehouse,Supervisor,803,2016-06-09,111940.23
10386,Employee 10386,Procurement,Manager,800,2015-10-21,81182.0
10387,Employee 10387,Warehouse,Executive,854,2023-10-31,42658.39
10388,Employee 10388,Logistics,Associate,282,2023-04-02,126853.04
10389,Employee 10389,Warehouse,Coordinator,677,2020-06-07,36069.51
10390,Employee 10390,Sales,Manager,84,2015-08-23,68787.81
10391,Employee 10391,Sales,Supervisor,71,2018-10-14,99076.23
10392,Employee 10392,Logistics,Supervisor,381,2015-12-22,175876.25
10393,Employee 10393,,Executive,829,2023-03-15,172389.97
10394,Employee 10394,Warehouse,Executive,437,2016-08-29,34172.18
10395,Employee 10395,Sales,Executive,188,2024-07-24,97056.76
10396,Employee 10396,Logistics,Supervisor,114,2021-06-26,70558.47
10397,Employee 10397,Finance,Analyst,451,2021-05-04,26544.05
10398,Employee 10398,Finance,Analyst,658,2015-06-21,172048.6
10399,Employee 10399,Operations,Executive,379,2015-03-13,105094.62
10400,Employee 10400,Logistics,Coordinator,621,2024-07-24,93260.73
10401,Employee 10401,Logistics,Coordinator,81,2019-03-18,77074.1
10402,Employee 10402,Sales,Executive,320,2023-09-07,87351.6
10403,Employee 10403,Sales,Manager,793,2022-10-14,100404.22
10404,Employee 10404,Logistics,Manager,457,2015-08-07,84654.66
10405,Employee 10405,Logistics,Analyst,83,2018-04-01,178340.48
10406,Employee 10406,Sales,Analyst,297,2017-03-19,99479.53
10407,Employee 10407,Operations,Executive,504,2024-07-18,136503.35
10408,Employee 10408,Operations,Analyst,840,2023-12-06,151252.47
10409,Employee 10409,Procurement,Supervisor,806,2022-11-09,159689.16
10410,Employee 10410,Warehouse,Coordinator,278,2018-12-13,161999.41
10411,Employee 10411,Sales,Supervisor,56,2023-12-27,50409.7
10412,Employee 10412,Warehouse,Coordinator,905,2015-07-05,112990.21
10413,Employee 10413,Operations,Executive,435,2024-03-29,111135.28
10414,Employee 10414,Warehouse,Coordinator,618,2015-01-04,111183.13
10415,Employee 10415,Warehouse,Manager,264,2022-06-20,30376.14
10416,Employee 10416,Logistics,Coordinator,156,2016-03-30,56481.92
10417,Employee 10417,Sales,Associate,568,2016-06-26,109791.87
10418,Employee 10418,Sales,Executive,281,2022-04-20,23236.09
10419,Employee 10419,Sales,Coordinator,42,2020-10-28,89980.06
10420,Employee 10420,Sales,Coordinator,13,2016-06-08,175092.38
10421,Employee 10421,Sales,Manager,743,2016-10-01,101483.31
10422,Employee 10422,Warehouse,Coordinator,781,2018-02-07,119445.99
10423,Employee 10423,Warehouse,Associate,248,2016-01-02,89115.28
10424,Employee 10424,Finance,Coordinator,46,2021-05-28,134274.33
10425,Employee 10425,Procurement,Analyst,11,2018-04-07,118780.04
10426,Employee 10426,Sales,Associate,133,2021-03-12,97508.71
10427,Employee 10427,Finance,Analyst,543,2022-09-13,32344.14
10428,Employee 10428,Logistics,Manager,853,2020-09-01,144934.67
10429,Employee 10429,Sales,Coordinator,13,2024-07-29,77544.09
10430,Employee 10430,Warehouse,Associate,446,2019-12-01,39018.79
10431,Employee 10431,Finance,Manager,489,2023-11-13,105501.86
10432,Employee 10432,Logistics,Executive,890,2018-04-13,32939.1
10433,Employee 10433,Warehouse,Executive,191,2023-06-10,176973.63
10434,Employee 10434,Sales,Supervisor,144,2015-01-01,31331.84
10435,Employee 10435,Procurement,Coordinator,622,2016-11-07,124734.27
10436,Employee 10436,Procurement,Coordinator,128,2023-08-02,59230.88
10437,Employee 10437,Procurement,Manager,992,2018-07-31,46358.23
10438,Employee 10438,Sales,Coordinator,767,2020-06-09,94481.88
10439,Employee 10439,Logistics,Associate,632,2016-02-22,58526.41
10440,Employee 10440,Finance,Analyst,630,2016-08-28,171062.19
10441,Employee 10441,Warehouse,Executive,679,2022-11-17,123145.9
10442,Employee 10442,Finance,Associate,50,2023-09-09,140489.96
10443,Employee 10443,Procurement,Coordinator,286,2021-01-28,57243.11
10444,Employee 10444,Operations,Supervisor,596,2024-02-29,84354.89
10445,Employee 10445,Sales,Supervisor,508,2019-11-20,136120.07
10446,Employee 10446,Warehouse,Supervisor,723,2020-07-12,94826.96
10447,Employee 10447,Warehouse,Analyst,908,2015-04-15,152986.31
10448,Employee 10448,Procurement,Executive,847,2015-09-25,134266.77
10449,Employee 10449,Procurement,Manager,176,2016-11-21,108804.8
10450,Employee 10450,Operations,Manager,421,2023-05-05,116069.45
10451,Employee 10451,Logistics,Manager,497,2021-10-13,143936.47
10452,Employee 10452,Finance,Associate,517,2018-01-13,29740.14
10453,Employee 10453,Warehouse,Manager,647,2019-02-26,152309.84
10454,Employee 10454,Sales,Analyst,254,2017-05-12,152879.93
10455,Employee 10455,Warehouse,Analyst,536,2018-06-02,42621.34
10456,Employee 10456,Procurement,Supervisor,42,2019-09-26,82578.49
10457,Employee 10457,Procurement,Analyst,161,2023-10-01,140405.97
10458,Employee 10458,Procurement,Coordinator,875,2017-04-11,42451.7
10459,Employee 10459,Sales,Manager,497,2015-08-16,103730.98
10460,Employee 10460,Procurement,Manager,55,2015-07-01,159488.37
10461,Employee 10461,Sales,Coordinator,313,2023-08-17,23742.99
10462,Employee 10462,Operations,Manager,195,2017-01-09,77753.11
10463,Employee 10463,Finance,Analyst,458,2015-12-17,100693.22
10464,Employee 10464,Procurement,Executive,704,2022-11-22,160020.11
10465,Employee 10465,Finance,Analyst,983,2016-03-26,175963.12
10466,Employee 10466,Sales,Manager,433,2024-07-25,28824.61
10467,Employee 10467,Warehouse,Manager,389,2019-08-01,21260.12
10468,Employee 10468,Warehouse,Associate,181,2022-04-27,53427.86
10469,Employee 10469,Warehouse,Supervisor,924,2018-03-28,29217.57
10470,Employee 10470,Procurement,Supervisor,156,2021-04-16,121081.36
10471,Employee 10471,Procurement,Manager,804,2021-02-10,56246.8
10472,Employee 10472,Finance,Executive,364,2017-10-17,24728.26
10473,Employee 10473,Operations,Supervisor,23,2016-11-03,37878.52
10474,Employee 10474,Sales,Manager,324,2015-01-20,135908.01
10475,Employee 10475,Sales,Manager,854,2017-06-12,130483.09
10476,Employee 10476,Finance,Analyst,767,2022-07-19,130967.73
10477,Employee 10477,Finance,Supervisor,849,2017-09-22,82480.63
10478,Employee 10478,Logistics,Executive,930,2017-06-11,44214.73
10479,Employee 10479,Sales,Manager,755,2019-08-26,84607.15
10480,Employee 10480,Operations,Coordinator,339,2024-01-11,136238.66
10481,Employee 10481,Finance,Coordinator,992,2023-11-12,113683.31
10482,Employee 10482,Finance,Analyst,762,2023-03-30,151389.82
10483,Employee 10483,Operations,Coordinator,760,2018-01-04,177772.68
10484,Employee 10484,Warehouse,Analyst,451,2023-04-01,20550.22
10485,Employee 10485,Warehouse,Analyst,822,2018-10-15,56995.34
10486,Employee 10486,Warehouse,Analyst,317,2021-05-15,45149.45
10487,Employee 10487,Logistics,Associate,454,2021-05-27,52434.79
10488,Employee 10488,Sales,Coordinator,809,2018-09-09,155669.8
10489,Employee 10489,Operations,Coordinator,333,2024-04-08,110325.76
10490,Employee 10490,Warehouse,Manager,392,2019-06-14,165542.07
10491,Employee 10491,Finance,Associate,63,2022-04-03,137427.93
10492,Employee 10492,Operations,Analyst,619,2021-04-17,38723.73
10493,Employee 10493,Warehouse,Manager,875,2015-06-17,155169.29
10494,Employee 10494,Logistics,Executive,565,2021-11-11,161507.84
10495,Employee 10495,,Analyst,694,2019-12-01,175813.58
10496,Employee 10496,Procurement,Analyst,553,2022-01-09,49125.29
10497,Employee 10497,Operations,Coordinator,526,2019-01-31,172254.53
10498,Employee 10498,Warehouse,Manager,188,2018-10-21,144447.34
10499,Employee 10499,Operations,Executive,834,2016-10-06,165485.41
10500,Employee 10500,Finance,Supervisor,297,2016-05-01,149577.66
10501,Employee 10501,Warehouse,Analyst,568,2024-02-14,145338.79
10502,Employee 10502,Warehouse,Coordinator,543,2018-09-10,87665.98
10503,Employee 10503,Operations,Associate,965,2024-01-17,29837.48
10504,Employee 10504,Sales,Associate,554,2017-12-24,133941.06
10505,Employee 10505,Finance,Manager,944,2020-07-08,164353.39
10506,Employee 10506,Procurement,Executive,626,2016-10-06,90046.43
10507,Employee 10507,Logistics,Manager,995,2018-05-06,89037.28
10508,Employee 10508,Logistics,Coordinator,473,2017-10-30,172172.94
10509,Employee 10509,Finance,Analyst,617,2015-06-03,170109.33
10510,Employee 10510,Procurement,Associate,191,2022-01-13,163167.2
10511,Employee 10511,Procurement,Supervisor,168,2023-02-06,18644.51
10512,Employee 10512,Procurement,Associate,333,2020-12-28,105842.97
10513,Employee 10513,Finance,Manager,442,2015-03-25,27736.33
10514,Employee 10514,Warehouse,Executive,782,2015-07-15,160536.23
10515,Employee 10515,Sales,Executive,581,2021-08-04,43889.48
10516,Employee 10516,Sales,Coordinator,887,2015-07-19,101961.74
10517,Employee 10517,Finance,Analyst,732,2024-03-10,67852.88
10518,Employee 10518,Finance,Associate,244,2016-08-17,173812.13
10519,Employee 10519,Procurement,Associate,858,2021-05-04,83267.65
10520,Employee 10520,Operations,Supervisor,111,2018-04-17,139212.74
10521,Employee 10521,Finance,Manager,732,2018-03-26,151013.55
10522,Employee 10522,Sales,Analyst,488,2016-10-20,42681.95
10523,Employee 10523,Sales,Supervisor,944,2018-04-16,80049.2
10524,Employee 10524,Sales,Analyst,231,2022-03-24,158179.15
10525,Employee 10525,Finance,Supervisor,836,2020-05-18,103191.27
10526,Employee 10526,Logistics,Supervisor,511,2020-02-07,87838.72
10527,Employee 10527,Warehouse,Analyst,857,2022-08-24,158686.5
10528,Employee 10528,Sales,Coordinator,614,2024-02-29,38848.31
10529,Employee 10529,Procurement,Supervisor,120,2021-12-18,145736.68
10530,Employee 10530,Sales,Coordinator,933,2015-10-25,144003.53
10531,Employee 10531,Finance,Manager,729,2015-01-05,154234.43
10532,Employee 10532,Procurement,Manager,890,2019-07-17,166880.99
10533,Employee 10533,Logistics,Executive,552,2019-08-28,76990.07
10534,Employee 10534,Sales,Analyst,756,2023-01-27,81053.48
10535,Employee 10535,Finance,Manager,212,2017-06-09,137433.92
10536,Employee 10536,Warehouse,Associate,848,2019-04-03,41234.91
10537,Employee 10537,logistics,Supervisor,592,2020-06-08,100253.79
10538,Employee 10538,Warehouse,Supervisor,877,2018-07-05,35599.9
10539,Employee 10539,Warehouse,Manager,585,2021-02-24,52572.09
10540,Employee 10540,Warehouse,Associate,119,2019-02-16,175816.76
10541,Employee 10541,Sales,Manager,574,2022-09-02,80044.06
10542,Employee 10542,Finance,Analyst,807,2017-10-17,148443.17
10543,Employee 10543,Warehouse,Coordinator,389,2018-09-13,125578.74
10544,Employee 10544,Sales,Executive,672,2016-11-26,170807.59
10545,Employee 10545,Operations,Associate,988,2018-01-03,121816.94
10546,Employee 10546,Sales,Associate,44,2019-09-11,74173.21
10547,Employee 10547,Procurement,Analyst,904,2018-04-06,78390.77
10548,Employee 10548,Finance,Associate,746,2017-11-26,38419.31
10549,Employee 10549,Warehouse,Analyst,109,2018-04-03,119212.28
10550,Employee 10550,Operations,Executive,658,2018-05-26,78753.94
10551,Employee 10551,Sales,Supervisor,728,2020-03-13,91261.29
10552,Employee 10552,procurement,Supervisor,780,2024-06-01,76727.47
10553,Employee 10553,Finance,Associate,335,2020-08-21,56796.52
10554,Employee 10554,Finance,Supervisor,371,2018-10-30,134797.7
10555,Employee 10555,Operations,Coordinator,388,2022-09-13,138170.92
10556,Employee 10556,Finance,Supervisor,822,2021-01-13,60793.54
10557,Employee 10557,Procurement,Manager,43,2016-06-06,69011.88
10558,Employee 10558,Logistics,Manager,889,2021-09-28,58556.77
10559,Employee 10559,Warehouse,Executive,822,2016-08-16,134527.2
10560,Employee 10560,Sales,Executive,511,2019-08-24,136872.05
10561,Employee 10561,Procurement,Associate,514,2020-08-28,54202.6
10562,Employee 10562,Warehouse,Manager,670,2015-01-08,109577.99
10563,Employee 10563,Logistics,Manager,634,2024-02-13,48359.69
10564,Employee 10564,Procurement,Supervisor,630,2021-06-10,21770.12
10565,Employee 10565,finance,Supervisor,104,2016-05-07,100006.56
10566,Employee 10566,Procurement,Analyst,945,2020-10-07,141152.38
10567,Employee 10567,Procurement,Supervisor,353,2022-05-03,25520.33
10568,Employee 10568,Logistics,Supervisor,47,2020-05-17,102884.03
10569,Employee 10569,Warehouse,Supervisor,582,2023-03-11,28509.33
10570,Employee 10570,Finance,Supervisor,19,2017-06-10,20143.49
10571,Employee 10571,Finance,Associate,891,2019-04-03,21757.23
10572,Employee 10572,Procurement,Analyst,342,2017-02-12,109456.4
10573,Employee 10573,Sales,Analyst,999,2021-10-03,62516.5
10574,Employee 10574,Finance,Coordinator,814,2018-09-27,26886.62
10575,Employee 10575,Logistics ,Executive,89,2015-09-19,48052.88
10576,Employee 10576,Logistics,Executive,786,2016-01-16,168694.09
10577,Employee 10577,Logistics,Executive,963,2017-04-11,143451.92
10578,Employee 10578,Procurement,Coordinator,210,2020-10-29,107895.82
10579,Employee 10579,finance,Supervisor,993,2023-08-14,153771.72
10580,Employee 10580,warehouse,Coordinator,705,2020-12-13,147703.02
10581,Employee 10581,Operations,Executive,9,2020-04-20,63182.0
10582,Employee 10582,Warehouse,Supervisor,183,2020-09-14,164916.89
10583,Employee 10583,Finance,Analyst,467,2017-10-20,0.0
10584,Employee 10584,Procurement,Executive,377,2017-02-03,35784.05
10585,Employee 10585,Finance,Coordinator,738,2021-12-20,144848.33
10586,Employee 10586,Logistics,Executive,166,2017-04-08,176844.38
10587,Employee 10587,Warehouse,Manager,801,2022-05-08,113824.9
10588,Employee 10588,Logistics,Coordinator,133,2024-05-30,47483.98
10589,Employee 10589,Finance,Analyst,627,2022-04-26,89867.02
10590,Employee 10590,Logistics,Manager,212,2018-09-15,121014.53
10591,Employee 10591,Sales,Coordinator,704,2023-07-13,23914.68
10592,Employee 10592,Sales,Manager,26,2021-11-15,136082.41
10593,Employee 10593,Operations,Coordinator,577,2024-01-29,99236.99
10594,Employee 10594,Procurement,Supervisor,256,2020-02-13,38869.75
10595,Employee 10595,Sales,Manager,167,2020-04-07,161847.13
10596,Employee 10596,Procurement,Associate,941,2023-01-07,87101.59
10597,Employee 10597,Warehouse,Manager,331,2021-04-06,120763.21
10598,Employee 10598,Finance,Associate,974,2017-09-07,89078.71
10599,Employee 10599,Warehouse,Analyst,445,2020-03-02,154630.18
10600,Employee 10600,Logistics,Associate,694,2023-11-09,78262.28
10601,Employee 10601,Logistics,Associate,284,2021-04-15,41096.21
10602,Employee 10602,Operations,Analyst,473,2019-06-16,120681.71
10603,Employee 10603,Sales,Executive,337,2022-04-04,162508.34
10604,Employee 10604,Sales,Analyst,35,2022-12-28,152844.81
10605,Employee 10605,Finance,Executive,681,2019-10-05,59969.84
10606,Employee 10606,Sales,Associate,596,2017-03-03,62045.58
10607,Employee 10607,Operations,Coordinator,52,2021-07-01,131207.2
10608,Employee 10608,Operations,Executive,78,2021-05-21,57201.19
10609,Employee 10609,Warehouse,Associate,58,2015-02-24,76130.67
10610,Employee 10610,Sales,Analyst,204,2017-03-03,93846.02
10611,Employee 10611,Operations,Analyst,800,2023-03-20,130829.84
10612,Employee 10612,Finance,Associate,619,2017-06-19,168720.22
10613,Employee 10613,Logistics,Coordinator,254,2023-06-01,174492.13
10614,Employee 10614,Operations,Analyst,258,2019-12-28,116043.47
10615,Employee 10615,Procurement,Associate,231,2017-02-09,83843.58
10616,Employee 10616,Logistics,Analyst,962,2018-08-30,50031.04
10617,Employee 10617,Warehouse,Executive,215,2022-10-05,51785.93
10618,Employee 10618,finance,Executive,305,2020-01-28,76131.11
10619,Employee 10619,Logistics,Manager,501,2020-04-06,41179.26
10620,Employee 10620,Finance,Coordinator,52,2017-11-08,131339.19
10621,Employee 10621,Procurement,Supervisor,776,2015-03-13,125420.74
10622,Employee 10622,Finance,Associate,684,2020-10-31,61231.04
10623,Employee 10623,Logistics,Executive,201,2020-04-23,94142.03
10624,Employee 10624,Finance,Associate,631,2017-07-24,123316.35
10625,Employee 10625,Sales,Coordinator,397,2024-07-01,79997.77
10626,Employee 10626,Warehouse,Executive,654,2016-01-20,73195.02
10627,Employee 10627,Operations,Supervisor,233,2024-04-04,142078.89
10628,Employee 10628,Operations,Associate,725,2016-03-28,38129.16
10629,Employee 10629,Operations,Analyst,885,2019-12-08,90912.03
10630,Employee 10630,Warehouse,Supervisor,568,2019-06-08,146403.04
10631,Employee 10631,Finance,Manager,431,2022-04-13,111421.0
10632,Employee 10632,Warehouse,Manager,56,2017-03-16,22934.48
10633,Employee 10633,Procurement,Manager,465,2018-11-17,50752.2
10634,Employee 10634,Warehouse,Supervisor,957,2016-07-10,149427.48
10635,Employee 10635,Operations,Executive,418,2017-11-27,147237.66
10636,Employee 10636,Warehouse,Supervisor,256,2017-12-28,165062.92
10637,Employee 10637,Procurement,Coordinator,664,2024-05-09,35472.45
10638,Employee 10638,Operations,Manager,717,2023-01-16,117436.08
10639,Employee 10639,Warehouse,Manager,218,2015-07-05,33179.53
10640,Employee 10640,Logistics,Supervisor,451,2024-02-10,142383.46
10641,Employee 10641,Finance,Analyst,452,2016-12-19,54471.6
10642,Employee 10642,Warehouse,Executive,438,2017-04-14,176656.62
10643,Employee 10643,Finance,Executive,854,2018-03-29,101582.32
10644,Employee 10644,Logistics,Analyst,823,2022-06-16,65588.84
10645,Employee 10645,Finance,Coordinator,271,2022-08-06,106831.09
10646,Employee 10646,Operations,Coordinator,936,2022-06-25,132690.01
10647,Employee 10647,Sales,Associate,741,2022-03-28,41197.38
10648,Employee 10648,Procurement,Coordinator,41,2018-06-04,27480.53
10649,Employee 10649,Operations,Executive,666,2015-12-09,57021.82
10650,Employee 10650,Sales,Manager,111,2018-07-18,28639.8
10651,Employee 10651,Warehouse,Analyst,519,2022-07-18,54026.89
10652,Employee 10652,Procurement,Associate,176,2016-05-05,132029.42
10653,Employee 10653,Procurement,Analyst,438,2020-07-15,98630.02
10654,Employee 10654,Finance,Executive,357,2019-07-10,143751.84
10655,Employee 10655,Operations,Associate,179,2017-12-27,153656.17
10656,Employee 10656,Operations,Supervisor,472,2020-12-24,54994.89
10657,Employee 10657,Sales,Supervisor,995,2020-03-30,33678.77
10658,Employee 10658,Logistics,Manager,938,2020-03-11,29140.92
10659,Employee 10659,Finance,Analyst,225,2020-05-12,141986.95
10660,Employee 10660,Procurement,Supervisor,406,2023-09-03,168035.2
10661,Employee 10661,Logistics,Analyst,376,2016-12-03,128224.12
10662,Employee 10662,Logistics,Executive,67,2024-02-14,157569.86
10663,Employee 10663,Sales,Associate,335,2021-07-21,57805.85
10664,Employee 10664,Procurement,Coordinator,521,2024-05-29,116321.79
10665,Employee 10665,Sales,Coordinator,924,2017-11-06,155574.5
10666,Employee 10666,Procurement,Analyst,593,2017-05-03,121282.76
10667,Employee 10667,Operations,Supervisor,273,2018-07-27,155413.67
10668,Employee 10668,Logistics,Analyst,269,2023-07-05,142177.81
10669,Employee 10669,Logistics,Supervisor,527,2016-02-06,44357.27
10670,Employee 10670,Warehouse,Analyst,237,2022-07-27,128217.93
10671,Employee 10671,Finance,Coordinator,980,2022-11-23,145325.2
10672,Employee 10672,Warehouse,Analyst,602,2022-10-15,148784.95
10673,Employee 10673,Finance,Supervisor,970,2024-07-23,70227.78
10674,Employee 10674,Operations,Supervisor,599,2023-02-13,40542.89
10675,Employee 10675,Operations,Manager,369,2017-06-22,63203.53
10676,Employee 10676,Procurement,Coordinator,33,2017-09-21,45790.06
10677,Employee 10677,Sales,Associate,396,2019-04-11,145073.69
10678,Employee 10678,Logistics,Associate,830,2022-11-04,98801.43
10679,Employee 10679,Logistics,Analyst,361,2020-02-21,69824.96
10680,Employee 10680,Warehouse,Coordinator,757,2020-12-21,19427.52
10681,Employee 10681,Warehouse,Manager,779,2021-09-18,84834.86
10682,Employee 10682,Procurement,Executive,691,2019-10-03,168870.1
10683,Employee 10683,Logistics,Coordinator,979,2016-03-17,172215.57
10684,Employee 10684,Warehouse,Supervisor,352,2019-10-12,150312.2
10685,Employee 10685,Warehouse,Coordinator,402,2023-07-10,77301.05
10686,Employee 10686,Procurement,Supervisor,443,2019-10-23,106266.88
10687,Employee 10687,Operations,Supervisor,448,2015-11-11,37493.6
10688,Employee 10688,Procurement,Manager,310,2018-06-10,149774.73
10689,Employee 10689,Operations,Coordinator,104,2019-08-17,62603.64
10690,Employee 10690,,Supervisor,479,2020-01-06,124218.46
10691,Employee 10691,Operations,Executive,511,2023-12-03,76886.8
10692,Employee 10692,Procurement,Supervisor,764,2022-07-12,156696.3
10693,Employee 10693,Sales,Analyst,247,2023-01-08,103605.26
10694,Employee 10694,Finance,Coordinator,186,2022-06-06,170286.66
10695,Employee 10695,Warehouse,Coordinator,173,2019-03-17,170108.09
10696,Employee 10696,Operations,Coordinator,257,2020-09-24,54724.0
10697,Employee 10697,Sales,Supervisor,861,2015-11-15,125204.42
10698,Employee 10698,Finance,Executive,70,2017-05-10,154973.52
10699,Employee 10699,Procurement,Supervisor,60,2023-09-16,57643.92
10700,Employee 10700,Operations,Executive,472,2018-03-29,177874.83
10701,Employee 10701,Finance,Coordinator,268,2015-01-02,73050.99
10702,Employee 10702,Logistics,Manager,809,2018-01-19,141411.85
10703,Employee 10703,Procurement,Executive,106,2016-12-12,144787.84
10704,Employee 10704,Operations,Associate,14,2016-10-08,58607.49
10705,Employee 10705,Sales,Analyst,486,2022-08-11,163005.96
10706,Employee 10706,Operations,Coordinator,966,2022-09-17,50553.82
10707,Employee 10707,Operations,Coordinator,674,2016-09-04,98595.86
10708,Employee 10708,Operations,Analyst,656,2020-05-09,138623.48
10709,Employee 10709,Operations,Associate,416,2021-08-12,40603.55
10710,Employee 10710,Operations,Supervisor,52,2022-09-16,25783.34
10711,Employee 10711,Operations,Associate,421,2019-01-06,111225.91
10712,Employee 10712,Warehouse,Executive,776,2021-03-17,145020.06
10713,Employee 10713,Operations,Associate,236,2015-05-19,108152.21
10714,Employee 10714,Warehouse,Executive,51,2018-09-19,109809.0
10715,Employee 10715,Procurement,Manager,532,2021-04-09,96493.55
10716,Employee 10716,procurement,Manager,138,2022-07-25,120185.89
10717,Employee 10717,Procurement,Manager,214,2019-12-13,162987.77
10718,Employee 10718,Procurement,Supervisor,54,2017-10-03,108319.55
10719,Employee 10719,Finance,Associate,328,2015-03-26,47837.03
10720,Employee 10720,operations,Associate,367,2023-06-18,44120.6
10721,Employee 10721,Sales,Coordinator,429,2021-11-10,69502.07
10722,Employee 10722,Warehouse,Manager,459,2021-04-05,124748.36
10723,Employee 10723,Procurement,Associate,305,2018-06-01,177331.51
10724,Employee 10724,Procurement,Analyst,530,2023-07-21,56959.98
10725,Employee 10725,Logistics,Executive,252,2024-06-29,44589.82
10726,Employee 10726,Finance,Manager,952,2019-09-25,139122.28
10727,Employee 10727,Warehouse,Supervisor,916,2023-02-06,165138.87
10728,Employee 10728,Logistics,Associate,830,2016-12-18,102633.77
10729,Employee 10729,Logistics,Supervisor,126,2016-08-04,56038.02
10730,Employee 10730,Sales,Executive,464,2021-02-20,145013.74
10731,Employee 10731,Logistics,Coordinator,886,2021-10-22,86610.66
10732,Employee 10732,Procurement,Manager,108,2017-03-11,123029.31
10733,Employee 10733,Finance,Executive,196,2015-04-16,123600.19
10734,Employee 10734,Sales ,Executive,157,2017-05-25,22153.38
10735,Employee 10735,Procurement,Analyst,98,2018-01-27,113196.87
10736,Employee 10736,Finance,Supervisor,200,2017-09-20,157301.29
10737,Employee 10737,Sales,Manager,436,2021-04-08,34801.54
10738,Employee 10738,Operations,Analyst,727,2021-04-10,21488.79
10739,Employee 10739,Finance,Coordinator,931,2017-12-12,38822.94
10740,Employee 10740,Finance,Coordinator,42,2015-08-21,56054.93
10741,Employee 10741,Procurement,Analyst,808,2022-08-27,25251.53
10742,Employee 10742,Operations,Coordinator,834,2019-06-11,74401.4
10743,Employee 10743,Operations,Associate,618,2023-01-30,46958.17
10744,Employee 10744,Procurement,Supervisor,734,2017-06-03,37430.19
10745,Employee 10745,Sales ,Supervisor,111,2022-02-18,35546.33
10746,Employee 10746,Procurement,Manager,37,2019-04-17,112995.95
10747,Employee 10747,Operations,Supervisor,407,2021-04-17,109582.17
10748,Employee 10748,Sales,Executive,385,2023-04-18,125576.02
10749,Employee 10749,Warehouse,Associate,742,2020-08-03,114252.02
10750,Employee 10750,Operations,Supervisor,399,2015-12-22,163326.49
10751,Employee 10751,Finance,Coordinator,805,2023-11-24,141294.46
10752,Employee 10752,Logistics,Analyst,793,2023-04-03,111631.1
10753,Employee 10753,Operations,Associate,939,2015-03-20,138716.57
10754,Employee 10754,Finance,Executive,664,2016-12-19,0.0
10755,Employee 10755,Finance,Coordinator,960,2018-09-08,22483.28
10756,Employee 10756,Logistics,Associate,557,2020-11-29,73845.75
10757,Employee 10757,Finance,Executive,617,2017-12-11,131152.23
10758,Employee 10758,warehouse,Analyst,125,2024-05-01,150701.23
10759,Employee 10759,Operations,Coordinator,264,2023-04-18,158798.66
10760,Employee 10760,Warehouse,Coordinator,333,2022-02-11,80239.0
10761,Employee 10761,Operations,Supervisor,569,2020-04-20,24173.53
10762,Employee 10762,Logistics,Executive,399,2023-08-09,170251.36
10763,Employee 10763,Sales,Coordinator,197,2017-05-26,37972.7
10764,Employee 10764,Sales,Coordinator,956,2016-08-25,141551.35
10765,Employee 10765,Sales,Executive,31,2018-02-21,119978.2
10766,Employee 10766,Warehouse,Coordinator,653,2016-02-29,154029.51
10767,Employee 10767,Logistics,Coordinator,990,2018-04-22,89409.91
10768,Employee 10768,Logistics,Analyst,575,2016-06-23,32881.62
10769,Employee 10769,Warehouse,Supervisor,818,2015-09-21,60551.94
10770,Employee 10770,Finance,Manager,929,2017-06-14,38619.51
10771,Employee 10771,Operations,Supervisor,786,2017-04-25,57748.49
10772,Employee 10772,Sales,Coordinator,593,2018-08-21,164299.11
10773,Employee 10773,Sales,Associate,814,2020-10-02,148881.1
10774,Employee 10774,Warehouse,Associate,459,2017-11-03,154310.23
10775,Employee 10775,Warehouse,Coordinator,272,2020-10-06,169289.0
10776,Employee 10776,Finance,Coordinator,317,2018-10-24,154381.64
10777,Employee 10777,Warehouse,Manager,208,2020-06-02,129614.02
10778,Employee 10778,Procurement,Coordinator,782,2022-08-30,104097.55
10779,Employee 10779,Logistics,Analyst,26,2022-10-25,73107.23
10780,Employee 10780,Warehouse,Analyst,169,2016-08-16,167347.42
10781,Employee 10781,Procurement,Associate,158,2022-08-30,37217.11
10782,Employee 10782,Operations,Executive,102,2015-05-11,102655.92
10783,Employee 10783,Procurement,Executive,328,2024-04-13,53245.4
10784,Employee 10784,Sales,Supervisor,515,2020-11-15,95753.14
10785,Employee 10785,Warehouse,Associate,886,2015-05-20,20131.15
10786,Employee 10786,,Supervisor,819,2024-04-19,173426.62
10787,Employee 10787,Operations,Supervisor,713,2022-05-02,168394.2
10788,Employee 10788,Logistics,Executive,229,2019-10-20,83437.98
10789,Employee 10789,Operations,Supervisor,557,2018-06-22,151239.42
10790,Employee 10790,Operations,Supervisor,453,2016-03-23,55817.25
10791,Employee 10791,Finance,Associate,190,2020-08-27,114601.35
10792,Employee 10792,Operations,Executive,6,2022-08-20,67749.22
10793,Employee 10793,Finance,Supervisor,33,2019-08-21,77080.09
10794,Employee 10794,Finance,Executive,547,2022-04-28,167393.61
10795,Employee 10795,Sales,Manager,224,2016-02-26,164470.71
10796,Employee 10796,Sales,Associate,292,2021-06-29,142626.92
10797,Employee 10797,Operations,Coordinator,402,2018-09-17,106424.64
10798,Employee 10798,Logistics,Supervisor,288,2023-09-04,22099.07
10799,Employee 10799,Sales,Associate,311,2022-08-28,115204.25
10800,Employee 10800,Procurement ,Analyst,584,2022-08-12,29404.57
10801,Employee 10801,Warehouse,Executive,811,2022-09-12,110883.0
10802,Employee 10802,Operations,Executive,370,2023-03-05,64153.99
10803,Employee 10803,Sales,Analyst,489,2024-07-23,139448.47
10804,Employee 10804,Finance,Supervisor,379,2017-10-26,147630.51
10805,Employee 10805,Sales,Coordinator,151,2018-02-22,152397.29
10806,Employee 10806,Operations,Coordinator,302,2016-04-07,35996.39
10807,Employee 10807,Sales,Supervisor,836,2019-10-05,86363.9
10808,Employee 10808,Sales ,Manager,85,2024-03-01,52322.49
10809,Employee 10809,Sales,Manager,374,2015-02-03,162434.54
10810,Employee 10810,Logistics,Supervisor,66,2017-06-28,81539.04
10811,Employee 10811,Operations,Coordinator,930,2022-04-27,100883.79
10812,Employee 10812,Procurement,Analyst,151,2016-08-19,110017.81
10813,Employee 10813,Logistics,Associate,364,2017-12-02,19580.09
10814,Employee 10814,Sales,Manager,299,2023-06-04,147625.56
10815,Employee 10815,Operations,Manager,130,2015-04-26,144296.05
10816,Employee 10816,Finance,Supervisor,240,2018-10-13,21761.85
10817,Employee 10817,Procurement,Executive,643,2024-04-27,169741.46
10818,Employee 10818,Procurement,Coordinator,150,2021-03-17,36007.19
10819,Employee 10819,Finance,Associate,739,2021-12-08,44920.63
10820,Employee 10820,Operations,Manager,22,2020-02-27,0.0
10821,Employee 10821,Logistics,Analyst,534,2016-07-09,164723.73
10822,Employee 10822,Procurement,Manager,294,2022-01-16,46036.82
10823,Employee 10823,Finance,Associate,347,2021-02-27,73938.19
10824,Employee 10824,Finance,Supervisor,877,2015-07-12,41079.21
10825,Employee 10825,Finance,Coordinator,321,2022-12-02,84533.24
10826,Employee 10826,Operations,Manager,404,2016-01-01,39397.93
10827,Employee 10827,Warehouse,Associate,258,2018-10-17,89928.08
10828,Employee 10828,Operations,Executive,709,2023-07-03,70334.98
10829,Employee 10829,Warehouse,Associate,581,2017-04-22,143136.09
10830,Employee 10830,Logistics,Coordinator,281,2015-01-29,162197.85
10831,Employee 10831,Procurement,Executive,982,2017-02-03,103684.48
10832,Employee 10832,Logistics,Associate,329,2024-05-25,125907.35
10833,Employee 10833,Sales,Supervisor,364,2015-05-23,18542.34
10834,Employee 10834,Logistics,Executive,593,2020-01-06,48350.5
10835,Employee 10835,,Analyst,596,2019-12-19,126161.24
10836,Employee 10836,Finance,Analyst,698,2017-04-12,146623.08
10837,Employee 10837,Logistics,Coordinator,792,2022-08-06,137980.21
10838,Employee 10838,Operations,Manager,491,2017-05-08,69179.16
10839,Employee 10839,Finance,Executive,919,2017-01-26,96709.31
10840,Employee 10840,finance,Analyst,341,2022-06-12,131991.92
10841,Employee 10841,Warehouse,Supervisor,74,2019-11-19,106975.46
10842,Employee 10842,Operations,Executive,716,2019-12-12,89282.32
10843,Employee 10843,Procurement,Manager,852,2022-01-10,73713.9
10844,Employee 10844,Procurement,Associate,292,2018-09-04,173875.94
10845,Employee 10845,Operations,Manager,647,2021-02-02,38402.88
10846,Employee 10846,Finance,Associate,324,2015-11-12,138231.81
10847,Employee 10847,Sales,Executive,835,2016-03-06,152462.6
10848,Employee 10848,Procurement,Manager,509,2019-05-31,169203.15
10849,Employee 10849,Operations,Supervisor,909,2021-10-20,94327.43
10850,Employee 10850,Sales,Coordinator,519,2018-04-28,143300.21
10851,Employee 10851,Logistics,Associate,273,2023-02-12,155637.8
10852,Employee 10852,Warehouse,Coordinator,502,2016-08-14,145144.22
10853,Employee 10853,Logistics,Associate,557,2019-02-15,84076.51
10854,Employee 10854,Operations ,Associate,572,2023-10-27,80350.28
10855,Employee 10855,Sales,Analyst,990,2019-04-08,44122.76
10856,Employee 10856,Logistics,Supervisor,899,2023-04-14,128030.22
10857,Employee 10857,finance,Analyst,264,2021-02-20,123318.34
10858,Employee 10858,Finance,Executive,905,2018-10-24,168251.37
10859,Employee 10859,Operations,Executive,750,2020-10-22,22668.48
10860,Employee 10860,Logistics,Associate,721,2017-06-17,138778.02
10861,Employee 10861,Procurement,Analyst,269,2016-11-23,136015.73
10862,Employee 10862,Procurement,Associate,739,2017-01-27,125480.84
10863,Employee 10863,Sales,Supervisor,963,2021-06-30,145280.74
10864,Employee 10864,Operations,Manager,827,2015-08-31,27715.39
10865,Employee 10865,Finance,Associate,62,2023-05-20,24707.69
10866,Employee 10866,Operations,Supervisor,119,2020-02-13,90346.87
10867,Employee 10867,Procurement,Executive,384,2021-07-02,122339.98
10868,Employee 10868,Operations,Analyst,278,2015-01-03,106929.86
10869,Employee 10869,Operations,Associate,80,2020-02-01,162749.47
10870,Employee 10870,Warehouse,Manager,993,2023-12-03,70564.73
10871,Employee 10871,Procurement,Manager,7,2017-08-23,34385.77
10872,Employee 10872,Warehouse,Executive,833,2019-03-25,104586.13
10873,Employee 10873,procurement,Manager,99,2021-11-12,81207.26
10874,Employee 10874,Warehouse,Manager,203,2018-07-08,28713.49
10875,Employee 10875,Procurement,Analyst,541,2023-01-10,26570.6
10876,Employee 10876,Operations,Supervisor,653,2023-11-24,143108.16
10877,Employee 10877,Sales,Executive,773,2019-09-04,121523.82
10878,Employee 10878,Finance,Coordinator,479,2017-03-14,42141.06
10879,Employee 10879,Operations,Analyst,807,2022-04-18,155269.9
10880,Employee 10880,Operations,Supervisor,637,2016-01-02,116384.82
10881,Employee 10881,Procurement,Supervisor,260,2018-03-27,177652.38
10882,Employee 10882,Procurement,Manager,389,2017-10-03,42429.1
10883,Employee 10883,Logistics,Associate,533,2020-07-01,49033.31
10884,Employee 10884,Warehouse,Executive,896,2023-02-14,32888.01
10885,Employee 10885,Logistics,Manager,92,2020-12-11,33460.61
10886,Employee 10886,Finance,Executive,547,2019-12-27,121128.9
10887,Employee 10887,Procurement,Supervisor,839,2015-11-21,23000.72
10888,Employee 10888,Procurement,Manager,89,2020-01-25,49244.71
10889,Employee 10889,Operations,Executive,904,2022-08-12,57124.05
10890,Employee 10890,logistics,Supervisor,98,2018-04-29,99721.62
10891,Employee 10891,Warehouse,Coordinator,505,2020-10-07,50380.29
10892,Employee 10892,Operations,Executive,415,2016-08-01,51538.95
10893,Employee 10893,,Associate,515,2017-08-10,163634.77
10894,Employee 10894,Finance,Executive,923,2017-09-03,53144.24
10895,Employee 10895,Warehouse,Coordinator,618,2018-12-25,179774.68
10896,Employee 10896,Procurement,Supervisor,333,2018-02-01,162843.42
10897,Employee 10897,Logistics,Analyst,880,2022-05-18,42312.87
10898,Employee 10898,Operations ,Executive,748,2022-08-12,160398.3
10899,Employee 10899,Procurement,Manager,169,2017-06-09,132237.89
10900,Employee 10900,Sales,Coordinator,68,2023-11-09,76655.91
10901,Employee 10901,Finance,Executive,115,2018-05-26,55838.14
10902,Employee 10902,Sales,Supervisor,755,2015-11-24,148713.41
10903,Employee 10903,Operations,Manager,769,2019-09-13,64275.82
10904,Employee 10904,Procurement,Supervisor,750,2023-01-14,49039.12
10905,Employee 10905,Logistics,Coordinator,602,2022-05-10,63498.21
10906,Employee 10906,Procurement,Supervisor,109,2021-12-18,79908.71
10907,Employee 10907,Warehouse,Executive,983,2021-04-28,79842.12
10908,Employee 10908,Operations,Executive,108,2021-12-30,80989.92
10909,Employee 10909,Procurement,Coordinator,334,2018-11-10,176296.68
10910,Employee 10910,Logistics,Coordinator,708,2020-10-04,151795.86
10911,Employee 10911,Logistics,Supervisor,841,2018-09-30,156303.3
10912,Employee 10912,Procurement,Associate,607,2020-07-07,53981.82
10913,Employee 10913,Logistics,Analyst,685,2021-11-07,55980.52
10914,Employee 10914,Warehouse,Analyst,143,2024-01-29,37841.97
10915,Employee 10915,Procurement,Associate,934,2022-12-23,118510.31
10916,Employee 10916,Operations,Supervisor,209,2021-02-26,45943.87
10917,Employee 10917,Operations,Executive,204,2020-09-28,179762.07
10918,Employee 10918,Procurement,Analyst,132,2021-01-15,139483.05
10919,Employee 10919,Operations,Supervisor,506,2017-12-02,48838.08
10920,Employee 10920,Sales,Manager,637,2023-11-28,147053.1
10921,Employee 10921,Warehouse,Supervisor,227,2015-09-03,103123.13
10922,Employee 10922,Warehouse,Supervisor,861,2019-03-29,150542.56
10923,Employee 10923,Procurement,Manager,768,2015-06-07,175722.43
10924,Employee 10924,Sales,Supervisor,789,2019-11-05,142680.22
10925,Employee 10925,Operations,Executive,329,2015-11-04,170602.64
10926,Employee 10926,Finance,Supervisor,53,2018-10-04,31228.95
10927,Employee 10927,Warehouse,Executive,583,2019-05-15,61899.37
10928,Employee 10928,Warehouse,Coordinator,264,2019-03-11,93355.34
10929,Employee 10929,Procurement,Associate,964,2016-09-04,26423.31
10930,Employee 10930,Sales,Executive,578,2016-09-25,71397.93
10931,Employee 10931,Warehouse,Supervisor,98,2017-05-11,150012.47
10932,Employee 10932,Warehouse,Manager,774,2016-05-31,102207.79
10933,Employee 10933,finance,Manager,440,2019-11-16,146852.31
10934,Employee 10934,,Analyst,137,2020-10-07,119712.59
10935,Employee 10935,Sales,Analyst,419,2024-05-31,78762.53
10936,Employee 10936,Finance,Coordinator,604,2023-06-05,111168.67
10937,Employee 10937,Finance,Executive,881,2018-06-16,24363.54
10938,Employee 10938,Logistics,Coordinator,385,2019-11-20,46836.67
10939,Employee 10939,Operations,Executive,505,2022-08-01,84509.85
10940,Employee 10940,Logistics,Executive,496,2015-05-19,98720.27
10941,Employee 10941,Operations,Coordinator,721,2015-06-02,29306.7
10942,Employee 10942,Finance,Supervisor,95,2018-02-19,124768.36
10943,Employee 10943,Procurement,Analyst,285,2019-12-24,131644.47
10944,Employee 10944,Procurement,Executive,775,2017-02-28,41646.21
10945,Employee 10945,Finance,Manager,113,2015-07-29,42943.95
10946,Employee 10946,Procurement,Supervisor,95,2015-02-13,122181.97
10947,Employee 10947,Finance,Executive,268,2015-12-30,96511.14
10948,Employee 10948,Finance ,Supervisor,295,2021-01-11,100022.24
10949,Employee 10949,Logistics,Manager,486,2024-03-16,59359.62
10950,Employee 10950,Finance,Manager,173,2023-05-01,139705.97
10951,Employee 10951,Logistics,Associate,524,2023-12-04,80127.96
10952,Employee 10952,Sales,Supervisor,739,2016-11-03,108379.43
10953,Employee 10953,Sales,Executive,431,2017-05-20,175734.23
10954,Employee 10954,Finance,Coordinator,943,2022-11-18,83975.07
10955,Employee 10955,Finance,Executive,180,2022-10-22,49302.15
10956,Employee 10956,Procurement,Supervisor,488,2020-05-14,88802.63
10957,Employee 10957,Sales,Executive,78,2017-10-09,21545.39
10958,Employee 10958,Logistics,Analyst,376,2017-01-14,105826.26
10959,Employee 10959,Logistics,Manager,126,2018-12-31,72995.33
10960,Employee 10960,Operations,Executive,889,2017-03-01,59376.05
10961,Employee 10961,Procurement,Supervisor,636,2016-01-16,176903.48
10962,Employee 10962,Sales,Analyst,353,2016-08-23,81262.34
10963,Employee 10963,Warehouse,Manager,830,2022-12-07,72768.6
10964,Employee 10964,Logistics,Coordinator,407,2020-07-04,53494.37
10965,Employee 10965,Operations,Manager,544,2023-03-05,40889.15
10966,Employee 10966,Sales,Coordinator,952,2015-03-09,112605.71
10967,Employee 10967,Procurement,Supervisor,791,2019-06-24,70176.28
10968,Employee 10968,Logistics,Executive,41,2022-06-19,96360.56
10969,Employee 10969,Procurement,Supervisor,106,2016-04-11,142706.21
10970,Employee 10970,Finance,Executive,229,2015-02-07,21030.88
10971,Employee 10971,Sales,Coordinator,803,2015-06-28,119142.9
10972,Employee 10972,Warehouse,Supervisor,78,2020-07-09,176989.07
10973,Employee 10973,,Executive,236,2015-08-06,178914.63
10974,Employee 10974,Logistics,Coordinator,575,2024-05-19,117113.55
10975,Employee 10975,Logistics,Associate,903,2015-01-26,156192.3
10976,Employee 10976,Finance,Analyst,354,2024-04-13,152853.13
10977,Employee 10977,Finance,Analyst,287,2024-04-19,60630.02
10978,Employee 10978,Operations,Coordinator,937,2023-07-16,147333.22
10979,Employee 10979,Finance,Supervisor,876,2016-08-17,84250.7
10980,Employee 10980,Sales,Coordinator,961,2017-01-03,167473.82
10981,Employee 10981,Finance,Coordinator,927,2019-03-23,79454.19
10982,Employee 10982,Sales,Manager,902,2019-11-30,160715.4
10983,Employee 10983,Warehouse,Associate,681,2015-12-17,177479.11
10984,Employee 10984,Operations,Executive,914,2015-04-03,47098.19
10985,Employee 10985,Procurement,Coordinator,445,2022-02-24,41153.13
10986,Employee 10986,Procurement,Executive,377,2022-07-23,124664.08
10987,Employee 10987,Procurement,Manager,58,2023-05-28,103540.59
10988,Employee 10988,Operations,Executive,292,2016-12-27,93984.83
10989,Employee 10989,logistics,Executive,734,2017-02-01,44286.66
10990,Employee 10990,Procurement,Executive,58,2015-09-11,38003.45
10991,Employee 10991,Finance,Supervisor,28,2015-11-26,168905.87
10992,Employee 10992,Sales,Executive,743,2019-05-23,115428.5
10993,Employee 10993,Finance,Associate,12,2017-01-09,71156.7
10994,Employee 10994,Finance,Analyst,170,2022-04-29,118608.56
10995,Employee 10995,Procurement,Manager,492,2016-04-28,89477.64
10996,Employee 10996,Logistics,Manager,259,2020-09-09,122733.89
10997,Employee 10997,Finance,Executive,629,2022-07-11,98432.94
10998,Employee 10998,Procurement,Analyst,772,2017-03-20,26425.19
10999,Employee 10999,Procurement,Supervisor,667,2018-10-26,81634.09
11000,Employee 11000,Operations,Executive,446,2015-01-05,161693.64
11001,Employee 11001,Logistics,Associate,633,2023-11-07,113122.24
11002,Employee 11002,Sales,Supervisor,716,2018-04-06,84962.56
11003,Employee 11003,Operations,Analyst,134,2021-02-26,166828.19
11004,Employee 11004,Warehouse,Coordinator,260,2022-11-20,119075.57
11005,Employee 11005,warehouse,Coordinator,727,2015-01-18,103770.01
11006,Employee 11006,Warehouse,Manager,266,2020-06-17,162373.99
11007,Employee 11007,Operations,Executive,670,2016-10-19,152382.69
11008,Employee 11008,Operations,Supervisor,270,2017-02-07,128042.27
11009,Employee 11009,Finance,Analyst,570,2020-02-04,141548.88
11010,Employee 11010,Warehouse,Executive,704,2023-11-29,60191.57
11011,Employee 11011,Logistics,Supervisor,690,2018-07-17,47474.75
11012,Employee 11012,Logistics,Supervisor,101,2021-10-20,38231.58
11013,Employee 11013,Finance,Manager,122,2023-05-03,148974.81
11014,Employee 11014,Sales,Supervisor,234,2016-05-22,129428.88
11015,Employee 11015,Finance,Executive,707,2024-05-27,116383.36
11016,Employee 11016,Warehouse,Coordinator,19,2015-10-12,28316.22
11017,Employee 11017,Procurement,Analyst,385,2022-07-30,147022.23
11018,Employee 11018,Sales,Coordinator,573,2015-04-25,48406.33
11019,Employee 11019,Procurement,Analyst,159,2017-01-24,40420.16
11020,Employee 11020,Operations,Coordinator,456,2024-04-16,105556.14
11021,Employee 11021,Operations,Executive,549,2017-03-23,115065.0
11022,Employee 11022,Sales,Analyst,984,2017-09-24,95759.47
11023,Employee 11023,Sales,Executive,394,2021-12-04,36280.82
11024,Employee 11024,Warehouse,Supervisor,191,2017-04-02,163978.53
11025,Employee 11025,Sales ,Supervisor,297,2016-01-09,134223.54
11026,Employee 11026,Sales,Coordinator,347,2020-02-07,160440.05
11027,Employee 11027,,Executive,728,2022-12-31,48440.15
11028,Employee 11028,Operations,Coordinator,162,2024-05-24,86776.18
11029,Employee 11029,Operations,Executive,471,2017-08-29,127785.44
11030,Employee 11030,Logistics,Analyst,585,2016-09-03,174500.28
11031,Employee 11031,Warehouse,Supervisor,110,2019-08-17,40668.24
11032,Employee 11032,Warehouse,Coordinator,558,2022-11-20,71356.92
11033,Employee 11033,Warehouse,Manager,529,2019-02-09,45382.9
11034,Employee 11034,Procurement,Analyst,672,2015-09-25,174441.41
11035,Employee 11035,Warehouse,Analyst,606,2019-03-11,142439.58
11036,Employee 11036,Warehouse,Coordinator,339,2022-11-05,126096.36
11037,Employee 11037,Warehouse,Associate,108,2016-08-05,53645.08
11038,Employee 11038,Finance,Supervisor,990,2021-10-18,118127.9
11039,Employee 11039,Procurement,Associate,651,2020-06-21,64383.49
11040,Employee 11040,Operations,Supervisor,597,2019-04-08,39256.33
11041,Employee 11041,Procurement,Supervisor,679,2018-10-06,158933.18
11042,Employee 11042,Procurement,Executive,722,2016-05-19,122987.44
11043,Employee 11043,Sales,Analyst,580,2016-12-12,52631.8
11044,Employee 11044,Finance,Executive,789,2024-06-18,146925.85
11045,Employee 11045,Sales,Coordinator,219,2023-05-09,123103.61
11046,Employee 11046,Sales,Analyst,230,2022-06-21,160751.67
11047,Employee 11047,Logistics,Associate,100,2018-08-14,130731.05
11048,Employee 11048,Procurement,Analyst,698,2024-03-14,150203.96
11049,Employee 11049,Sales,Executive,108,2018-06-04,65683.44
11050,Employee 11050,Sales,Analyst,677,2015-06-17,85748.88
11051,Employee 11051,Operations,Supervisor,423,2020-03-11,48466.97
11052,Employee 11052,Operations,Manager,765,2017-02-08,97200.53
11053,Employee 11053,Procurement,Executive,193,2020-10-01,75456.96
11054,Employee 11054,Warehouse,Associate,371,2024-03-27,125374.12
11055,Employee 11055,Finance,Manager,936,2017-12-02,50111.02
11056,Employee 11056,Sales,Manager,313,2024-04-20,104904.01
11057,Employee 11057,Procurement,Coordinator,689,2022-01-18,105759.05
11058,Employee 11058,Warehouse,Supervisor,59,2021-08-14,118031.79
11059,Employee 11059,Operations,Manager,218,2022-05-31,133426.91
11060,Employee 11060,Operations,Supervisor,874,2019-07-28,68183.98
11061,Employee 11061,Operations,Supervisor,96,2019-08-13,45794.64
11062,Employee 11062,Sales,Manager,38,2018-10-28,119467.01
11063,Employee 11063,Sales,Manager,967,2016-05-29,36548.19
11064,Employee 11064,Warehouse,Analyst,542,2024-05-20,113439.98
11065,Employee 11065,Procurement,Manager,921,2016-10-18,55332.77
11066,Employee 11066,Procurement,Executive,519,2015-06-05,103997.08
11067,Employee 11067,Logistics,Analyst,13,2021-11-28,54663.7
11068,Employee 11068,Logistics,Executive,401,2016-10-23,86694.61
11069,Employee 11069,Procurement,Manager,625,2021-08-21,21041.69
11070,Employee 11070,Procurement,Analyst,415,2022-09-18,52131.78
11071,Employee 11071,Warehouse,Coordinator,962,2015-06-19,88138.77
11072,Employee 11072,Finance,Coordinator,742,2016-07-02,19994.78
11073,Employee 11073,Logistics,Analyst,783,2017-11-17,173686.83
11074,Employee 11074,Finance,Associate,644,2022-09-24,76970.41
11075,Employee 11075,Sales,Associate,849,2017-02-27,74638.72
11076,Employee 11076,Procurement,Manager,875,2019-09-12,46330.08
11077,Employee 11077,,Analyst,355,2017-10-13,64764.55
11078,Employee 11078,Warehouse,Associate,935,2017-01-21,31400.54
11079,Employee 11079,Logistics,Associate,281,2023-11-25,124586.97
11080,Employee 11080,Warehouse,Executive,250,2020-07-17,115050.17
11081,Employee 11081,Logistics,Manager,693,2016-05-04,79600.49
11082,Employee 11082,Operations,Analyst,720,2020-09-17,138666.05
11083,Employee 11083,Procurement,Executive,55,2016-12-02,52063.89
11084,Employee 11084,Sales,Supervisor,599,2022-06-22,150260.71
11085,Employee 11085,Warehouse,Coordinator,352,2023-10-21,34998.41
11086,Employee 11086,Warehouse,Supervisor,692,2016-09-27,23959.05
11087,Employee 11087,Logistics,Analyst,325,2017-11-04,131392.63
11088,Employee 11088,Warehouse,Supervisor,991,2020-08-08,104448.73
11089,Employee 11089,Procurement,Supervisor,845,2018-10-07,91647.69
11090,Employee 11090,Operations,Supervisor,332,2021-04-07,105866.78
11091,Employee 11091,Warehouse,Supervisor,218,2021-05-20,70033.79
11092,Employee 11092,Logistics,Executive,367,2021-09-19,69247.2
11093,Employee 11093,Finance,Coordinator,79,2023-05-09,98074.18
11094,Employee 11094,Logistics,Manager,58,2020-02-04,70469.16
11095,Employee 11095,Warehouse,Associate,975,2017-02-20,124942.64
11096,Employee 11096,Sales,Manager,489,2020-08-23,52475.99
11097,Employee 11097,Logistics,Coordinator,883,2021-09-10,160772.22
11098,Employee 11098,Sales,Associate,958,2017-12-22,128483.55
11099,Employee 11099,Operations,Coordinator,967,2015-01-04,162674.83
11100,Employee 11100,Warehouse,Coordinator,543,2019-09-21,68366.36
11101,Employee 11101,Warehouse,Coordinator,307,2020-03-26,120705.54
11102,Employee 11102,Warehouse,Executive,259,2018-09-22,55452.47
11103,Employee 11103,Warehouse,Manager,874,2017-03-29,25125.37
11104,Employee 11104,Sales,Coordinator,147,2019-05-14,161232.93
11105,Employee 11105,Finance,Coordinator,717,2021-11-12,47231.47
11106,Employee 11106,Finance,Supervisor,863,2016-09-03,49792.47
11107,Employee 11107,Procurement,Executive,335,2015-04-20,110922.02
11108,Employee 11108,Procurement,Executive,744,2018-08-23,84602.67
11109,Employee 11109,Sales,Coordinator,679,2015-07-21,160657.01
11110,Employee 11110,Sales,Analyst,368,2016-07-16,118003.18
11111,Employee 11111,Sales,Supervisor,999,2020-08-30,172869.25
11112,Employee 11112,Sales,Coordinator,600,2016-08-02,43306.08
11113,Employee 11113,Finance,Supervisor,799,2020-08-22,99451.4
11114,Employee 11114,Logistics,Supervisor,537,2015-10-29,19631.64
11115,Employee 11115,Sales,Executive,301,2017-03-23,147944.61
11116,Employee 11116,Warehouse,Supervisor,344,2020-05-03,65158.11
11117,Employee 11117,Operations,Supervisor,957,2017-11-06,171316.37
11118,Employee 11118,Sales,Manager,875,2018-11-07,143228.75
11119,Employee 11119,Operations,Analyst,896,2024-03-15,49990.75
11120,Employee 11120,Procurement,Analyst,127,2017-03-26,26076.86
11121,Employee 11121,Operations,Analyst,184,2023-07-07,68356.75
11122,Employee 11122,Finance,Analyst,910,2018-09-22,160114.94
11123,Employee 11123,Sales,Associate,588,2016-08-06,23987.16
11124,Employee 11124,Finance,Coordinator,578,2020-05-17,113111.67
11125,Employee 11125,Finance,Coordinator,986,2024-03-18,106029.73
11126,Employee 11126,Logistics,Associate,950,2017-12-21,104649.89
11127,Employee 11127,Operations,Manager,177,2022-03-03,156180.07
11128,Employee 11128,Procurement,Coordinator,744,2017-08-16,97733.31
11129,Employee 11129,Warehouse,Associate,587,2019-09-23,103246.72
11130,Employee 11130,Finance,Analyst,371,2019-07-23,116298.0
11131,Employee 11131,Warehouse,Executive,124,2018-03-22,97950.87
11132,Employee 11132,Operations,Executive,305,2015-12-04,102523.49
11133,Employee 11133,Logistics,Manager,831,2017-07-19,176719.81
11134,Employee 11134,Finance,Analyst,856,2017-05-03,21639.16
11135,Employee 11135,Finance,Associate,14,2020-08-13,56012.28
11136,Employee 11136,Finance,Coordinator,370,2022-08-09,67722.35
11137,Employee 11137,Warehouse,Associate,765,2015-08-30,74480.76
11138,Employee 11138,Logistics,Analyst,437,2017-09-05,113344.14
11139,Employee 11139,Sales,Associate,661,2015-11-16,79016.87
11140,Employee 11140,Finance,Analyst,770,2020-11-24,139268.2
11141,Employee 11141,Operations,Analyst,314,2019-03-25,69339.92
11142,Employee 11142,Logistics,Executive,974,2023-03-24,114664.89
11143,Employee 11143,Logistics,Manager,548,2018-11-16,161609.81
11144,Employee 11144,Operations,Associate,784,2017-03-13,89866.6
11145,Employee 11145,Warehouse,Analyst,71,2023-01-24,106757.27
11146,Employee 11146,Finance,Coordinator,686,2023-11-03,121643.21
11147,Employee 11147,Sales,Associate,848,2021-09-15,163495.3
11148,Employee 11148,Finance,Supervisor,714,2020-07-20,67540.71
11149,Employee 11149,Procurement,Manager,873,2015-12-23,85155.13
11150,Employee 11150,Finance,Coordinator,130,2016-06-25,36454.44
11151,Employee 11151,Warehouse,Supervisor,370,2022-05-08,64636.8
11152,Employee 11152,Sales,Manager,761,2022-06-30,99625.01
11153,Employee 11153,Operations,Analyst,23,2016-02-08,0.0
11154,Employee 11154,Sales,Manager,746,2015-09-30,50544.39
11155,Employee 11155,finance,Analyst,935,2024-01-05,115819.76
11156,Employee 11156,Sales,Executive,842,2023-04-21,70262.26
11157,Employee 11157,Sales,Coordinator,606,2020-02-06,123138.5
11158,Employee 11158,Logistics,Executive,677,2018-03-11,26361.86
11159,Employee 11159,Procurement,Executive,232,2020-05-10,38584.81
11160,Employee 11160,Finance ,Executive,320,2015-11-04,123849.0
11161,Employee 11161,Warehouse,Analyst,182,2019-07-20,68772.49
11162,Employee 11162,Finance,Analyst,197,2017-01-11,67553.65
11163,Employee 11163,Finance,Associate,178,2015-01-31,45856.57
11164,Employee 11164,Procurement,Analyst,527,2019-04-05,40682.23
11165,Employee 11165,Finance,Executive,291,2020-03-12,153056.63
11166,Employee 11166,procurement,Analyst,829,2017-06-01,127105.15
11167,Employee 11167,Warehouse,Associate,247,2015-02-10,107660.89
11168,Employee 11168,Procurement,Associate,484,2019-06-13,32241.78
11169,Employee 11169,Warehouse,Supervisor,302,2024-03-26,93648.76
11170,Employee 11170,Sales,Coordinator,416,2019-05-24,65480.27
11171,Employee 11171,Warehouse,Manager,1,2019-10-21,61553.1
11172,Employee 11172,Procurement,Manager,501,2017-08-10,35268.38
11173,Employee 11173,Logistics,Coordinator,736,2015-03-19,71770.66
11174,Employee 11174,Procurement,Supervisor,663,2017-03-27,127484.74
11175,Employee 11175,Procurement,Analyst,594,2017-05-08,24981.5
11176,Employee 11176,Warehouse,Manager,505,2021-07-31,63553.56
11177,Employee 11177,Operations,Supervisor,307,2020-05-25,21612.3
11178,Employee 11178,Procurement,Manager,125,2019-10-27,70346.36
11179,Employee 11179,Logistics,Coordinator,355,2017-12-15,110627.9
11180,Employee 11180,Sales,Executive,198,2019-03-16,46207.27
11181,Employee 11181,Finance,Analyst,295,2018-03-13,103796.07
11182,Employee 11182,Procurement,Executive,51,2019-01-16,48842.21
11183,Employee 11183,Operations,Associate,714,2023-07-06,19827.66
11184,Employee 11184,Warehouse,Associate,41,2019-12-20,54407.46
11185,Employee 11185,Sales,Executive,117,2021-10-01,108942.62
11186,Employee 11186,Warehouse,Associate,163,2020-01-14,122729.95
11187,Employee 11187,Logistics,Associate,278,2018-10-16,104899.49
11188,Employee 11188,Finance,Manager,40,2016-11-11,98727.47
11189,Employee 11189,Finance,Manager,757,2019-06-24,131705.99
11190,Employee 11190,Operations,Coordinator,871,2018-05-15,42400.73
11191,Employee 11191,Finance,Manager,434,2019-04-28,179657.18
11192,Employee 11192,Sales,Analyst,820,2021-09-01,32167.18
11193,Employee 11193,Operations,Manager,654,2016-02-20,164437.5
11194,Employee 11194,Logistics,Executive,429,2019-01-07,174566.35
11195,Employee 11195,Warehouse,Supervisor,674,2019-11-24,43187.68
11196,Employee 11196,Operations,Associate,234,2023-05-26,82369.78
11197,Employee 11197,Sales,Analyst,24,2018-07-20,135730.24
11198,Employee 11198,Finance,Analyst,891,2021-06-02,84941.77
11199,Employee 11199,Sales,Manager,637,2017-08-15,115792.35
11200,Employee 11200,Operations,Manager,470,2018-04-21,165826.26
11201,Employee 11201,Warehouse,Associate,277,2017-11-21,146577.02
11202,Employee 11202,Logistics,Analyst,172,2024-05-14,164738.99
11203,Employee 11203,Operations,Associate,796,2023-12-21,21247.99
11204,Employee 11204,Operations,Associate,824,2021-05-31,34892.12
11205,Employee 11205,Warehouse,Executive,717,2015-03-03,141438.49
11206,Employee 11206,Operations,Supervisor,906,2020-05-12,82889.15
11207,Employee 11207,Finance,Manager,929,2022-05-07,96957.63
11208,Employee 11208,Sales,Coordinator,719,2020-10-01,57961.52
11209,Employee 11209,Procurement,Supervisor,39,2015-03-02,73873.85
11210,Employee 11210,Logistics,Coordinator,401,2015-07-26,33466.58
11211,Employee 11211,Procurement,Analyst,606,2022-05-04,164459.5
11212,Employee 11212,Finance,Executive,285,2019-10-16,41865.13
11213,Employee 11213,Logistics,Supervisor,141,2021-06-17,90042.49
11214,Employee 11214,Operations,Analyst,233,2015-01-12,130895.42
11215,Employee 11215,Warehouse,Executive,253,2020-10-08,174222.39
11216,Employee 11216,Sales,Coordinator,954,2017-11-14,42806.13
11217,Employee 11217,Operations ,Associate,585,2016-12-18,161480.11
11218,Employee 11218,Procurement,Associate,451,2021-06-06,90752.73
11219,Employee 11219,Logistics,Manager,774,2022-04-02,122429.31
11220,Employee 11220,Warehouse,Supervisor,701,2020-06-13,115707.08
11221,Employee 11221,Warehouse,Supervisor,702,2020-01-29,79838.81
11222,Employee 11222,Sales,Associate,541,2019-08-01,129781.0
11223,Employee 11223,Procurement,Executive,527,2022-04-27,88665.79
11224,Employee 11224,Finance,Associate,297,2024-04-27,90565.22
11225,Employee 11225,Sales,Analyst,442,2024-06-01,22281.65
11226,Employee 11226,Logistics,Analyst,641,2020-04-03,49310.81
11227,Employee 11227,logistics,Manager,948,2021-04-24,154686.04
11228,Employee 11228,Logistics ,Associate,443,2024-03-11,91437.92
11229,Employee 11229,Procurement,Coordinator,823,2015-11-30,102813.89
11230,Employee 11230,Warehouse,Analyst,173,2021-08-01,109104.98
11231,Employee 11231,Finance,Manager,229,2022-01-20,105429.86
11232,Employee 11232,Warehouse,Associate,402,2020-10-28,103241.62
11233,Employee 11233,Sales,Supervisor,87,2015-03-26,89603.53
11234,Employee 11234,Procurement,Manager,644,2021-02-09,32026.05
11235,Employee 11235,Warehouse,Associate,698,2024-01-08,42646.68
11236,Employee 11236,Finance,Coordinator,506,2023-07-07,39110.5
11237,Employee 11237,Operations,Executive,711,2018-03-21,61233.06
11238,Employee 11238,Warehouse,Manager,74,2016-07-29,96621.53
11239,Employee 11239,Sales,Executive,995,2016-08-22,137436.45
11240,Employee 11240,Logistics,Supervisor,808,2017-06-24,118033.19
11241,Employee 11241,Operations,Executive,796,2015-03-09,114072.37
11242,Employee 11242,procurement,Executive,817,2016-11-05,96334.48
11243,Employee 11243,Warehouse,Supervisor,117,2016-03-02,66115.28
11244,Employee 11244,Sales,Executive,985,2022-10-08,114863.59
11245,Employee 11245,Finance,Coordinator,452,2024-03-12,147387.57
11246,Employee 11246,Sales,Manager,561,2023-05-28,57914.08
11247,Employee 11247,Operations,Associate,446,2024-03-27,28399.64
11248,Employee 11248,Logistics,Executive,994,2023-08-11,156675.01
11249,Employee 11249,Logistics,Coordinator,765,2020-05-03,124169.65
11250,Employee 11250,Logistics,Executive,566,2015-12-27,46349.69
11251,Employee 11251,Warehouse,Analyst,221,2019-01-24,97051.7
11252,Employee 11252,Warehouse,Manager,875,2018-09-28,134631.83
11253,Employee 11253,Procurement,Associate,505,2019-11-17,126936.89
11254,Employee 11254,Warehouse,Associate,965,2023-10-31,57244.27
11255,Employee 11255,Warehouse,Supervisor,428,2024-03-29,175483.25
11256,Employee 11256,Sales,Executive,816,2022-01-01,88132.99
11257,Employee 11257,Finance,Analyst,406,2019-05-17,36775.99
11258,Employee 11258,,Associate,408,2018-02-16,172829.82
11259,Employee 11259,Operations,Manager,569,2020-07-21,29884.1
11260,Employee 11260,Sales,Associate,573,2016-02-08,88793.53
11261,Employee 11261,Procurement,Manager,505,2018-02-17,34658.68
11262,Employee 11262,Finance,Manager,746,2017-02-19,70107.47
11263,Employee 11263,Warehouse,Manager,16,2015-10-08,179201.79
11264,Employee 11264,Finance,Supervisor,669,2020-02-26,49176.68
11265,Employee 11265,Procurement,Executive,438,2019-07-22,87629.59
11266,Employee 11266,Logistics,Supervisor,772,2016-12-29,152731.87
11267,Employee 11267,Warehouse,Analyst,247,2023-06-14,103675.73
11268,Employee 11268,Operations,Supervisor,212,2016-06-28,172171.07
11269,Employee 11269,Operations,Supervisor,107,2021-01-04,22200.52
11270,Employee 11270,Logistics,Coordinator,120,2020-09-19,65710.85
11271,Employee 11271,Sales,Supervisor,724,2021-04-04,117894.25
11272,Employee 11272,Warehouse,Associate,491,2022-02-09,147054.48
11273,Employee 11273,Operations,Manager,385,2018-12-26,39162.06
11274,Employee 11274,Warehouse,Associate,941,2023-05-04,55275.09
11275,Employee 11275,Finance,Coordinator,810,2019-11-06,-10000.0
11276,Employee 11276,Finance,Associate,946,2024-06-16,102159.04
11277,Employee 11277,Finance,Supervisor,278,2015-07-23,78514.15
11278,Employee 11278,Procurement,Associate,653,2016-09-18,140472.78
11279,Employee 11279,Finance,Manager,592,2018-12-02,79094.98
11280,Employee 11280,Warehouse,Associate,984,2017-04-03,140626.99
11281,Employee 11281,Logistics,Associate,328,2019-12-03,176025.59
11282,Employee 11282,Finance,Manager,706,2016-10-15,59704.99
11283,Employee 11283,Finance,Manager,57,2016-02-04,155582.08
11284,Employee 11284,Sales,Manager,80,2015-07-24,61012.59
11285,Employee 11285,Procurement,Coordinator,603,2017-05-05,28966.0
11286,Employee 11286,Operations,Associate,50,2022-11-17,163804.58
11287,Employee 11287,Finance,Manager,492,2017-09-24,170683.33
11288,Employee 11288,Operations,Associate,994,2018-03-24,61128.05
11289,Employee 11289,Logistics,Associate,312,2017-06-07,24623.76
11290,Employee 11290,Finance,Executive,42,2015-02-05,0.0
11291,Employee 11291,Warehouse,Manager,58,2021-05-15,48420.24
11292,Employee 11292,Finance,Analyst,424,2015-11-18,149596.2
11293,Employee 11293,Warehouse,Supervisor,401,2020-03-20,97165.7
11294,Employee 11294,Operations,Coordinator,357,2021-03-14,132279.99
11295,Employee 11295,Logistics,Analyst,481,2019-11-03,95830.26
11296,Employee 11296,Procurement,Coordinator,854,2019-07-24,50984.26
11297,Employee 11297,Finance,Associate,974,2024-07-26,53413.68
11298,Employee 11298,Operations,Supervisor,556,2015-12-20,159222.26
11299,Employee 11299,Warehouse,Manager,536,2019-07-28,126938.46
11300,Employee 11300,Logistics,Manager,300,2017-08-09,105480.51
11301,Employee 11301,Warehouse,Manager,602,2023-03-24,130462.65
11302,Employee 11302,Sales,Coordinator,182,2018-08-28,58972.61
11303,Employee 11303,Sales,Analyst,396,2018-01-11,123528.65
11304,Employee 11304,Warehouse,Supervisor,890,2024-06-21,33208.12
11305,Employee 11305,Operations,Associate,321,2022-04-21,65177.41
11306,Employee 11306,Operations,Analyst,481,2015-11-04,73216.26
11307,Employee 11307,Warehouse,Supervisor,71,2024-01-01,122823.98
11308,Employee 11308,Finance,Supervisor,903,2021-07-31,139582.69
11309,Employee 11309,Operations,Coordinator,989,2016-08-25,150377.0
11310,Employee 11310,Logistics,Associate,290,2023-05-04,138911.36
11311,Employee 11311,Procurement,Manager,650,2020-06-28,162190.52
11312,Employee 11312,Sales,Manager,119,2021-01-03,118414.62
11313,Employee 11313,Warehouse,Supervisor,189,2023-01-23,112270.19
11314,Employee 11314,Operations,Coordinator,687,2021-08-29,47653.18
11315,Employee 11315,Operations,Manager,654,2020-05-12,88301.02
11316,Employee 11316,Operations,Analyst,200,2015-06-30,79104.23
11317,Employee 11317,Operations,Coordinator,576,2018-04-13,170802.95
11318,Employee 11318,Operations,Manager,325,2023-09-12,121639.67
11319,Employee 11319,Sales,Analyst,159,2023-03-21,132531.98
11320,Employee 11320,Logistics,Analyst,313,2015-01-22,121130.82
11321,Employee 11321,Logistics,Associate,539,2017-11-21,131210.6
11322,Employee 11322,Logistics,Analyst,37,2016-08-19,65152.48
11323,Employee 11323,Finance,Supervisor,391,2018-05-25,44247.92
11324,Employee 11324,Warehouse,Analyst,749,2015-12-15,108461.15
11325,Employee 11325,Logistics,Executive,821,2017-03-30,149565.57
11326,Employee 11326,Operations,Coordinator,473,2019-12-19,57252.13
11327,Employee 11327,Finance,Associate,507,2019-05-22,55197.58
11328,Employee 11328,Operations,Manager,185,2016-09-09,67187.74
11329,Employee 11329,Operations,Analyst,628,2015-07-17,140244.54
11330,Employee 11330,Warehouse,Coordinator,129,2020-01-30,115834.86
11331,Employee 11331,Logistics,Manager,225,2019-05-17,99454.77
11332,Employee 11332,Finance,Associate,711,2018-11-21,126537.0
11333,Employee 11333,Sales,Executive,488,2016-04-10,52996.67
11334,Employee 11334,Sales,Analyst,703,2015-01-22,61871.81
11335,Employee 11335,Warehouse,Coordinator,314,2024-04-09,174408.19
11336,Employee 11336,finance,Manager,662,2022-08-22,149513.36
11337,Employee 11337,Warehouse,Associate,965,2022-08-22,52895.95
11338,Employee 11338,Warehouse,Manager,501,2022-11-14,61760.27
11339,Employee 11339,Logistics,Coordinator,292,2016-02-09,95157.32
11340,Employee 11340,Sales,Associate,123,2022-11-06,97177.7
11341,Employee 11341,Warehouse,Associate,481,2023-04-27,166648.58
11342,Employee 11342,Finance,Supervisor,923,2015-01-31,48152.85
11343,Employee 11343,Sales,Executive,273,2015-09-11,120153.71
11344,Employee 11344,Logistics,Manager,177,2024-01-16,148420.41
11345,Employee 11345,Warehouse,Associate,180,2016-01-08,108002.85
11346,Employee 11346,Sales,Analyst,559,2024-02-25,142936.97
11347,Employee 11347,Operations,Associate,388,2020-10-16,155781.82
11348,Employee 11348,Procurement,Coordinator,700,2015-06-03,21448.86
11349,Employee 11349,Operations,Associate,767,2024-02-23,175980.4
11350,Employee 11350,Logistics,Supervisor,685,2024-05-28,133044.37
11351,Employee 11351,Procurement,Manager,994,2021-05-08,32458.88
11352,Employee 11352,Procurement,Executive,384,2016-07-21,137442.21
11353,Employee 11353,Operations,Coordinator,603,2017-07-01,76031.48
11354,Employee 11354,Finance,Manager,39,2021-01-13,117253.8
11355,Employee 11355,Operations,Coordinator,984,2022-12-28,71086.28
11356,Employee 11356,Finance,Analyst,344,2015-01-31,82417.81
11357,Employee 11357,Logistics,Associate,887,2020-11-30,155872.41
11358,Employee 11358,Sales,Supervisor,663,2020-03-27,170224.72
11359,Employee 11359,Finance,Manager,166,2017-08-07,23373.24
11360,Employee 11360,Procurement,Supervisor,332,2018-08-07,97852.04
11361,Employee 11361,Procurement,Executive,264,2015-06-17,79287.52
11362,Employee 11362,Sales,Analyst,942,2016-02-02,51163.5
11363,Employee 11363,Operations,Executive,110,2024-04-21,137554.44
11364,Employee 11364,Warehouse,Executive,894,2016-04-05,155558.14
11365,Employee 11365,Operations,Coordinator,642,2015-01-09,96249.87
11366,Employee 11366,Warehouse,Executive,935,2022-02-21,22096.14
11367,Employee 11367,Sales,Supervisor,612,2024-05-05,107403.58
11368,Employee 11368,Warehouse ,Coordinator,552,2019-03-11,20813.31
11369,Employee 11369,Logistics,Coordinator,898,2019-09-04,42610.18
11370,Employee 11370,Operations,Coordinator,763,2018-06-10,179348.85
11371,Employee 11371,Sales,Manager,889,2022-11-07,123606.71
11372,Employee 11372,Operations,Coordinator,201,2018-04-14,117562.73
11373,Employee 11373,Logistics,Associate,255,2022-10-13,84426.07
11374,Employee 11374,Operations,Coordinator,372,2015-04-10,47529.24
11375,Employee 11375,Operations,Associate,969,2017-10-31,102088.23
11376,Employee 11376,Sales,Analyst,361,2015-12-06,151797.49
11377,Employee 11377,Finance,Executive,186,2023-06-21,124481.0
11378,Employee 11378,Procurement,Manager,133,2016-06-07,98277.1
11379,Employee 11379,Logistics,Supervisor,412,2018-01-01,98735.38
11380,Employee 11380,Procurement,Coordinator,462,2022-03-01,152799.33
11381,Employee 11381,Logistics,Manager,997,2018-04-15,129213.88
11382,Employee 11382,Procurement,Supervisor,257,2017-03-16,127177.28
11383,Employee 11383,Warehouse,Analyst,751,2018-04-15,99751.32
11384,Employee 11384,Finance,Executive,581,2024-06-04,39903.52
11385,Employee 11385,Procurement,Executive,53,2016-05-05,66411.33
11386,Employee 11386,Logistics,Supervisor,843,2016-08-03,68534.99
11387,Employee 11387,Logistics,Analyst,640,2015-12-25,115122.33
11388,Employee 11388,Operations,Associate,52,2022-04-01,91013.56
11389,Employee 11389,Operations,Executive,452,2015-04-13,111766.76
11390,Employee 11390,Procurement,Analyst,24,2019-04-24,102364.97
11391,Employee 11391,Operations,Executive,897,2019-11-14,21883.0
11392,Employee 11392,Logistics,Coordinator,101,2023-12-08,85452.49
11393,Employee 11393,Operations,Associate,64,2024-02-12,52779.05
11394,Employee 11394,Finance,Coordinator,232,2017-06-13,42581.27
11395,Employee 11395,Sales,Coordinator,989,2023-02-07,18466.08
11396,Employee 11396,Logistics,Supervisor,882,2018-01-01,166620.09
11397,Employee 11397,Sales,Analyst,1,2015-02-12,174153.76
11398,Employee 11398,Logistics,Coordinator,140,2017-01-19,142610.66
11399,Employee 11399,Sales,Analyst,784,2020-11-16,55950.39
11400,Employee 11400,,Manager,964,2016-01-05,82207.96
11401,Employee 11401,Sales,Associate,774,2021-12-08,41274.5
11402,Employee 11402,Logistics,Executive,389,2024-06-21,165002.32
11403,Employee 11403,Finance,Coordinator,291,2015-03-13,24065.05
11404,Employee 11404,,Executive,386,2023-08-18,121129.15
11405,Employee 11405,Sales,Manager,691,2020-11-20,100718.94
11406,Employee 11406,Warehouse,Supervisor,513,2021-12-23,96621.77
11407,Employee 11407,Warehouse,Analyst,672,2016-08-04,64064.53
11408,Employee 11408,Warehouse,Manager,403,2015-03-15,49444.13
11409,Employee 11409,Sales,Analyst,682,2023-06-20,137021.34
11410,Employee 11410,Finance,Supervisor,647,2018-02-25,147249.2
11411,Employee 11411,Logistics,Manager,437,2017-06-18,136760.09
11412,Employee 11412,Warehouse,Analyst,103,2019-10-21,37148.79
11413,Employee 11413,Procurement,Executive,687,2021-10-18,164225.08
11414,Employee 11414,Logistics,Supervisor,884,2017-04-08,99983.02
11415,Employee 11415,Logistics,Manager,837,2021-11-10,161812.66
11416,Employee 11416,Operations,Supervisor,556,2023-06-10,82150.93
11417,Employee 11417,Logistics,Associate,337,2023-03-16,18885.93
11418,Employee 11418,Logistics,Associate,850,2020-01-10,138615.84
11419,Employee 11419,Logistics,Analyst,337,2023-08-08,70179.04
11420,Employee 11420,Procurement,Executive,74,2015-07-02,59406.72
11421,Employee 11421,Sales,Analyst,711,2023-12-23,168353.52
11422,Employee 11422,Warehouse,Executive,624,2023-01-16,165728.43
11423,Employee 11423,Sales,Associate,160,2018-01-14,90226.97
11424,Employee 11424,Operations,Supervisor,575,2022-02-18,31180.95
11425,Employee 11425,Finance,Associate,277,2016-12-27,159438.19
11426,Employee 11426,Logistics,Analyst,700,2023-10-10,113374.82
11427,Employee 11427,Warehouse,Supervisor,397,2018-12-17,86713.32
11428,Employee 11428,Sales,Coordinator,640,2023-10-29,163128.88
11429,Employee 11429,Procurement,Coordinator,146,2015-08-24,129486.53
11430,Employee 11430,Warehouse,Coordinator,972,2016-01-20,139347.56
11431,Employee 11431,Operations,Supervisor,361,2015-04-04,25755.07
11432,Employee 11432,Sales,Executive,314,2015-06-11,38943.08
11433,Employee 11433,Sales,Manager,354,2023-03-23,87788.17
11434,Employee 11434,Procurement,Supervisor,89,2023-05-22,155366.27
11435,Employee 11435,,Executive,550,2023-11-05,173181.4
11436,Employee 11436,Finance,Coordinator,192,2021-08-27,18615.34
11437,Employee 11437,Logistics,Supervisor,115,2020-11-09,117384.31
11438,Employee 11438,Procurement,Executive,474,2022-09-26,143051.04
11439,Employee 11439,logistics,Executive,70,2017-04-06,152198.85
11440,Employee 11440,Procurement,Associate,38,2022-05-23,163006.27
11441,Employee 11441,Operations,Executive,13,2016-02-10,-10000.0
11442,Employee 11442,Procurement,Associate,611,2019-09-21,84601.82
11443,Employee 11443,Logistics,Coordinator,619,2021-06-18,159001.43
11444,Employee 11444,Logistics,Analyst,630,2015-10-19,43156.17
11445,Employee 11445,Warehouse,Coordinator,496,2020-01-02,170638.39
11446,Employee 11446,Logistics,Analyst,446,2017-05-05,168380.53
11447,Employee 11447,Finance,Executive,850,2021-05-07,134316.15
11448,Employee 11448,Sales,Executive,973,2023-08-19,96337.05
11449,Employee 11449,Sales,Manager,980,2020-05-25,50720.14
11450,Employee 11450,Warehouse,Executive,966,2018-04-03,66491.59
11451,Employee 11451,Warehouse,Associate,341,2021-08-20,73445.46
11452,Employee 11452,Logistics,Executive,540,2020-12-10,107634.63
11453,Employee 11453,Sales,Associate,657,2021-02-18,179446.06
11454,Employee 11454,Finance,Supervisor,178,2021-10-27,73184.32
11455,Employee 11455,Sales,Associate,409,2022-09-12,47431.14
11456,Employee 11456,Sales,Associate,767,2017-05-02,117086.41
11457,Employee 11457,Warehouse,Coordinator,734,2023-06-09,65159.84
11458,Employee 11458,Finance,Associate,47,2016-10-10,144483.67
11459,Employee 11459,Logistics,Associate,555,2023-05-21,171045.99
11460,Employee 11460,Sales,Supervisor,453,2020-12-23,24747.76
11461,Employee 11461,Procurement,Coordinator,879,2015-07-29,168714.38
11462,Employee 11462,Warehouse,Coordinator,20,2015-01-01,119481.98
11463,Employee 11463,Finance,Analyst,490,2017-09-09,24011.09
11464,Employee 11464,Warehouse,Supervisor,857,2018-10-03,22301.78
11465,Employee 11465,Operations,Supervisor,316,2019-02-13,51460.66
11466,Employee 11466,Finance,Supervisor,327,2018-03-22,52073.72
11467,Employee 11467,Warehouse,Analyst,288,2015-02-10,44601.08
11468,Employee 11468,Logistics,Analyst,596,2019-04-28,165556.99
11469,Employee 11469,Warehouse,Executive,66,2020-09-23,29828.22
11470,Employee 11470,Finance,Executive,885,2017-09-13,167215.21
11471,Employee 11471,Procurement,Executive,323,2016-08-02,19617.9
11472,Employee 11472,Finance,Executive,598,2022-08-28,57380.41
11473,Employee 11473,Warehouse,Analyst,221,2020-12-17,92016.08
11474,Employee 11474,Procurement,Manager,54,2016-01-18,20579.25
11475,Employee 11475,Procurement,Associate,830,2023-01-16,18101.6
11476,Employee 11476,Warehouse,Supervisor,276,2023-07-30,93381.9
11477,Employee 11477,Procurement,Manager,117,2023-07-17,53218.99
11478,Employee 11478,Operations,Executive,754,2021-08-08,38255.43
11479,Employee 11479,Operations,Supervisor,612,2022-08-06,138260.37
11480,Employee 11480,Logistics,Supervisor,941,2020-03-01,132314.3
11481,Employee 11481,Logistics,Manager,657,2021-10-26,37452.34
11482,Employee 11482,Procurement,Associate,629,2015-03-07,167074.07
11483,Employee 11483,Warehouse,Manager,871,2017-04-28,53086.12
11484,Employee 11484,Logistics,Analyst,319,2020-01-16,99910.43
11485,Employee 11485,Procurement,Executive,589,2016-05-18,107092.33
11486,Employee 11486,Finance,Coordinator,163,2017-07-21,95345.91
11487,Employee 11487,Warehouse,Supervisor,129,2018-11-29,122106.8
11488,Employee 11488,Finance,Executive,994,2016-11-12,139081.36
11489,Employee 11489,Logistics,Analyst,703,2016-12-08,34784.61
11490,Employee 11490,Finance,Coordinator,429,2020-01-20,179357.97
11491,Employee 11491,Finance,Associate,13,2022-03-30,18834.13
11492,Employee 11492,Logistics,Manager,153,2015-12-14,112371.95
11493,Employee 11493,Logistics,Analyst,741,2017-02-26,91465.54
11494,Employee 11494,Procurement,Associate,601,2020-01-16,91905.74
11495,Employee 11495,Finance,Executive,365,2022-03-22,155196.79
11496,Employee 11496,Logistics,Coordinator,586,2023-03-31,40723.43
11497,Employee 11497,Finance,Manager,599,2017-10-28,107415.62
11498,Employee 11498,Warehouse,Coordinator,240,2017-03-31,46723.45
11499,Employee 11499,Operations,Associate,530,2019-06-09,85914.68
11500,Employee 11500,Operations,Associate,827,2019-11-18,77364.99
11501,Employee 11501,Finance,Manager,22,2022-12-13,64474.75
11502,Employee 11502,Warehouse,Manager,561,2020-10-23,148650.49
11503,Employee 11503,Operations,Coordinator,598,2018-01-02,161088.38
11504,Employee 11504,Procurement,Coordinator,278,2020-05-24,98145.92
11505,Employee 11505,Warehouse,Supervisor,544,2015-09-12,91560.46
11506,Employee 11506,Operations,Manager,933,2020-08-01,43608.41
11507,Employee 11507,Procurement,Manager,826,2021-11-02,110236.31
11508,Employee 11508,Logistics,Manager,670,2018-06-14,27003.08
11509,Employee 11509,Procurement,Analyst,742,2020-12-27,119478.75
11510,Employee 11510,Sales,Supervisor,59,2018-02-19,154329.47
11511,Employee 11511,Procurement,Manager,785,2022-06-12,69450.26
11512,Employee 11512,Sales,Associate,126,2016-07-06,155234.29
11513,Employee 11513,Finance,Coordinator,84,2019-04-13,59529.04
11514,Employee 11514,Warehouse ,Associate,47,2020-10-20,35497.24
11515,Employee 11515,,Associate,835,2017-04-03,115336.3
11516,Employee 11516,Sales,Executive,640,2023-06-29,65208.71
11517,Employee 11517,Procurement,Coordinator,205,2023-11-16,48969.84
11518,Employee 11518,Operations,Supervisor,6,2023-08-14,53984.87
11519,Employee 11519,Logistics,Analyst,310,2019-07-30,145962.21
11520,Employee 11520,Warehouse,Associate,412,2017-06-18,68407.27
11521,Employee 11521,Operations,Executive,200,2017-09-13,148403.36
11522,Employee 11522,Logistics,Executive,443,2020-08-24,143060.64
11523,Employee 11523,Finance,Supervisor,167,2021-08-20,95389.8
11524,Employee 11524,Operations,Supervisor,248,2021-11-23,154758.47
11525,Employee 11525,Operations,Associate,135,2017-05-30,20731.04
11526,Employee 11526,Operations,Executive,344,2020-10-29,138396.82
11527,Employee 11527,,Supervisor,66,2017-10-17,26940.88
11528,Employee 11528,Warehouse,Manager,510,2020-05-10,108411.28
11529,Employee 11529,Procurement ,Supervisor,352,2018-04-17,154983.59
11530,Employee 11530,Warehouse,Coordinator,678,2016-05-21,102367.82
11531,Employee 11531,Procurement,Manager,574,2015-08-09,85782.15
11532,Employee 11532,Finance,Supervisor,898,2020-05-17,21832.58
11533,Employee 11533,Finance,Associate,458,2021-07-24,113041.89
11534,Employee 11534,Logistics,Supervisor,767,2019-03-23,91520.82
11535,Employee 11535,Finance,Coordinator,914,2024-03-29,104104.48
11536,Employee 11536,Finance,Supervisor,392,2017-03-20,51661.81
11537,Employee 11537,Logistics,Associate,786,2018-12-22,119581.15
11538,Employee 11538,Finance,Supervisor,500,2024-04-12,123940.25
11539,Employee 11539,Warehouse,Associate,510,2018-02-09,156782.85
11540,Employee 11540,Logistics,Supervisor,908,2015-12-08,165013.79
11541,Employee 11541,Sales,Executive,707,2017-11-26,45237.05
11542,Employee 11542,Operations,Associate,886,2021-09-08,95642.97
11543,Employee 11543,Logistics,Coordinator,862,2023-02-16,100145.2
11544,Employee 11544,Finance,Executive,172,2023-05-05,37459.82
11545,Employee 11545,Operations,Analyst,155,2018-04-25,85511.79
11546,Employee 11546,Warehouse,Supervisor,33,2024-01-23,20988.13
11547,Employee 11547,Finance,Supervisor,56,2023-03-26,174411.5
11548,Employee 11548,Operations,Associate,921,2020-11-18,152962.98
11549,Employee 11549,Logistics,Associate,798,2017-03-28,144443.43
11550,Employee 11550,Operations,Executive,867,2020-12-31,45836.46
11551,Employee 11551,Operations,Executive,80,2015-04-29,104133.49
11552,Employee 11552,Operations,Associate,162,2021-09-10,30521.31
11553,Employee 11553,Warehouse,Executive,299,2017-04-29,108659.03
11554,Employee 11554,Sales,Executive,309,2018-07-15,109999.74
11555,Employee 11555,Logistics,Manager,779,2022-08-26,78145.82
11556,Employee 11556,Finance,Analyst,190,2016-09-21,21935.84
11557,Employee 11557,Logistics,Supervisor,524,2020-04-06,170242.82
11558,Employee 11558,Operations,Executive,690,2015-07-20,117917.9
11559,Employee 11559,Sales,Analyst,944,2019-05-06,21162.37
11560,Employee 11560,Finance,Executive,808,2021-10-04,0.0
11561,Employee 11561,Procurement,Coordinator,930,2016-12-25,146788.28
11562,Employee 11562,Warehouse,Manager,253,2016-05-10,116035.12
11563,Employee 11563,Procurement,Executive,736,2019-07-08,54950.3
11564,Employee 11564,Sales,Associate,53,2019-03-23,77463.51
11565,Employee 11565,Warehouse,Associate,521,2022-03-18,29088.7
11566,Employee 11566,Warehouse,Executive,742,2023-12-23,86531.09
11567,Employee 11567,Warehouse,Manager,451,2024-07-13,142722.97
11568,Employee 11568,Warehouse,Manager,143,2016-01-14,55784.74
11569,Employee 11569,Warehouse,Manager,665,2020-08-10,101846.64
11570,Employee 11570,Sales,Analyst,850,2018-12-21,22749.8
11571,Employee 11571,Operations,Manager,890,2021-02-19,119844.59
11572,Employee 11572,Procurement,Supervisor,381,2017-07-04,138320.36
11573,Employee 11573,Finance,Analyst,437,2021-11-10,162048.71
11574,Employee 11574,Warehouse,Associate,713,2015-12-14,69116.64
11575,Employee 11575,Operations,Associate,750,2024-05-23,96229.6
11576,Employee 11576,Sales,Manager,802,2016-05-06,112333.7
11577,Employee 11577,Finance,Analyst,283,2021-10-18,108723.78
11578,Employee 11578,Sales,Associate,969,2021-01-21,47919.76
11579,Employee 11579,Warehouse,Manager,448,2019-09-18,141565.94
11580,Employee 11580,Sales,Executive,352,2019-05-05,59638.28
11581,Employee 11581,Warehouse,Coordinator,58,2023-01-23,122623.36
11582,Employee 11582,Finance,Associate,494,2020-02-25,172736.8
11583,Employee 11583,Procurement,Supervisor,103,2015-03-17,43222.4
11584,Employee 11584,Finance,Manager,955,2015-01-01,151458.46
11585,Employee 11585,Logistics,Analyst,199,2020-07-13,52484.25
11586,Employee 11586,Warehouse,Associate,600,2018-02-27,137862.63
11587,Employee 11587,Procurement,Supervisor,672,2019-07-26,47631.61
11588,Employee 11588,Procurement,Manager,214,2015-06-18,34972.92
11589,Employee 11589,Procurement,Associate,549,2016-10-15,167026.52
11590,Employee 11590,Procurement,Analyst,641,2018-03-03,85170.82
11591,Employee 11591,Sales,Analyst,542,2016-06-11,108466.65
11592,Employee 11592,Sales,Associate,201,2017-03-23,83083.02
11593,Employee 11593,Procurement,Associate,661,2015-12-19,78525.44
11594,Employee 11594,Sales,Supervisor,741,2020-04-01,96842.67
11595,Employee 11595,Finance,Analyst,141,2018-01-26,113170.11
11596,Employee 11596,Procurement,Executive,879,2019-08-21,113222.81
11597,Employee 11597,Procurement,Supervisor,55,2019-11-21,55680.04
11598,Employee 11598,Procurement,Supervisor,225,2022-09-24,76305.6
11599,Employee 11599,Procurement,Executive,525,2017-05-17,83009.36
11600,Employee 11600,Logistics,Analyst,628,2020-11-25,65381.09
11601,Employee 11601,Finance,Supervisor,601,2016-03-18,114263.86
11602,Employee 11602,Logistics,Executive,364,2021-12-06,118354.83
11603,Employee 11603,Logistics,Associate,594,2022-04-04,154331.33
11604,Employee 11604,Sales,Supervisor,660,2016-08-16,34746.52
11605,Employee 11605,Logistics,Analyst,142,2017-08-11,127408.31
11606,Employee 11606,Sales,Executive,831,2019-06-27,65287.72
11607,Employee 11607,Logistics,Manager,573,2023-04-28,177499.44
11608,Employee 11608,Logistics,Associate,368,2020-12-20,169595.2
11609,Employee 11609,Finance,Manager,487,2017-05-21,84773.07
11610,Employee 11610,Logistics,Manager,458,2020-10-22,142437.15
11611,Employee 11611,Warehouse,Manager,721,2019-08-25,168189.61
11612,Employee 11612,Operations,Coordinator,508,2017-06-06,171936.42
11613,Employee 11613,Operations,Supervisor,65,2021-01-02,62423.49
11614,Employee 11614,Finance,Associate,347,2017-10-24,36705.23
11615,Employee 11615,logistics,Associate,644,2023-09-07,61193.92
11616,Employee 11616,Logistics,Executive,86,2022-11-10,39309.35
11617,Employee 11617,Logistics,Associate,329,2020-09-16,91135.54
11618,Employee 11618,Warehouse,Manager,779,2022-10-14,26802.37
11619,Employee 11619,Logistics,Executive,241,2015-08-31,162169.46
11620,Employee 11620,Warehouse,Manager,338,2021-09-08,70345.07
11621,Employee 11621,Sales,Manager,847,2023-04-05,88863.58
11622,Employee 11622,Finance,Associate,343,2023-10-12,104309.43
11623,Employee 11623,logistics,Supervisor,775,2022-03-22,39903.33
11624,Employee 11624,Warehouse,Manager,358,2017-07-04,22697.12
11625,Employee 11625,Procurement,Supervisor,477,2019-07-21,122426.15
11626,Employee 11626,Finance,Manager,426,2021-07-07,72481.38
11627,Employee 11627,Warehouse,Executive,615,2024-03-05,167341.51
11628,Employee 11628,Finance,Manager,33,2022-08-19,54129.63
11629,Employee 11629,Sales,Associate,327,2015-12-16,80617.38
11630,Employee 11630,Finance,Analyst,207,2017-04-02,156211.22
11631,Employee 11631,Warehouse,Analyst,92,2019-10-04,51417.82
11632,Employee 11632,Logistics,Analyst,567,2017-07-12,95090.42
11633,Employee 11633,Logistics,Executive,968,2018-07-24,35115.71
11634,Employee 11634,Warehouse,Associate,177,2019-04-07,63003.29
11635,Employee 11635,Operations,Manager,651,2022-02-22,51159.62
11636,Employee 11636,Logistics,Analyst,812,2018-04-11,128620.71
11637,Employee 11637,Warehouse,Associate,597,2015-01-16,26844.85
11638,Employee 11638,Operations,Associate,438,2016-06-21,28867.61
11639,Employee 11639,Sales,Manager,676,2016-02-24,170115.51
11640,Employee 11640,Procurement,Associate,306,2016-04-04,111256.6
11641,Employee 11641,finance,Supervisor,875,2017-06-16,86032.84
11642,Employee 11642,Procurement,Executive,115,2017-07-23,122665.75
11643,Employee 11643,Logistics,Associate,692,2018-10-24,80578.04
11644,Employee 11644,Sales,Supervisor,498,2019-11-22,27026.99
11645,Employee 11645,Sales,Manager,892,2015-03-30,154743.45
11646,Employee 11646,Warehouse,Supervisor,32,2022-03-01,143765.6
11647,Employee 11647,Finance,Coordinator,439,2020-07-22,81655.08
11648,Employee 11648,Logistics,Manager,747,2015-03-03,144958.55
11649,Employee 11649,Sales,Executive,946,2016-12-14,135291.95
11650,Employee 11650,Sales,Coordinator,364,2019-03-31,152883.16
11651,Employee 11651,Procurement ,Supervisor,231,2017-10-30,129477.59
11652,Employee 11652,Warehouse,Supervisor,312,2019-04-27,96898.76
11653,Employee 11653,Operations,Coordinator,803,2020-12-12,92729.22
11654,Employee 11654,Warehouse,Executive,317,2022-08-27,173559.55
11655,Employee 11655,Warehouse,Associate,898,2015-04-15,18101.17
11656,Employee 11656,Sales,Supervisor,678,2024-01-27,46889.94
11657,Employee 11657,Operations,Coordinator,345,2023-01-29,45093.61
11658,Employee 11658,Warehouse,Analyst,312,2018-01-25,52427.81
11659,Employee 11659,Operations,Coordinator,208,2018-01-13,105664.58
11660,Employee 11660,Finance,Manager,254,2021-12-27,178143.41
11661,Employee 11661,Finance ,Coordinator,489,2016-11-04,54825.99
11662,Employee 11662,Procurement,Manager,784,2020-05-10,179432.76
11663,Employee 11663,Warehouse,Analyst,835,2015-04-17,168188.65
11664,Employee 11664,Sales,Manager,443,2021-07-03,143291.36
11665,Employee 11665,Operations,Executive,272,2020-04-29,46417.78
11666,Employee 11666,Sales,Manager,363,2022-01-14,53721.05
11667,Employee 11667,Sales,Executive,950,2020-09-18,148027.25
11668,Employee 11668,Finance,Manager,163,2015-03-19,35113.28
11669,Employee 11669,Logistics,Supervisor,464,2018-09-10,179522.87
11670,Employee 11670,Procurement,Associate,620,2023-10-11,44158.25
11671,Employee 11671,Operations,Coordinator,714,2020-01-05,78664.1
11672,Employee 11672,Finance,Associate,464,2019-01-03,142882.12
11673,Employee 11673,Finance,Supervisor,237,2015-04-20,174035.55
11674,Employee 11674,Finance,Executive,892,2021-04-19,46192.98
11675,Employee 11675,Logistics,Executive,331,2019-06-15,126282.5
11676,Employee 11676,Logistics,Analyst,621,2023-11-09,46980.96
11677,Employee 11677,Sales,Associate,916,2015-04-22,88081.8
11678,Employee 11678,Operations,Executive,473,2023-06-02,71615.99
11679,Employee 11679,sales ,Executive,363,2019-06-09,165265.44
11680,Employee 11680,Procurement,Manager,601,2015-11-27,70979.54
11681,Employee 11681,Warehouse,Associate,902,2020-02-16,131010.45
11682,Employee 11682,Procurement,Coordinator,350,2016-07-19,171054.29
11683,Employee 11683,Warehouse,Supervisor,578,2017-03-26,170942.52
11684,Employee 11684,Procurement,Coordinator,37,2017-08-01,140146.29
11685,Employee 11685,Logistics,Associate,176,2023-08-20,96371.51
11686,Employee 11686,Operations,Associate,375,2022-10-25,130284.01
11687,Employee 11687,Finance,Manager,467,2018-12-26,142865.22
11688,Employee 11688,Warehouse,Associate,169,2015-03-02,166940.36
11689,Employee 11689,Operations,Supervisor,122,2016-03-31,75273.91
11690,Employee 11690,Finance,Coordinator,370,2017-08-18,49202.73
11691,Employee 11691,Operations,Coordinator,151,2022-12-09,85027.05
11692,Employee 11692,Logistics,Associate,428,2022-01-05,132913.03
11693,Employee 11693,Procurement,Associate,460,2019-10-02,175223.69
11694,Employee 11694,Operations,Manager,45,2017-10-30,118818.36
11695,Employee 11695,Warehouse,Manager,849,2021-05-23,46443.0
11696,Employee 11696,Procurement,Executive,618,2018-09-12,154181.92
11697,Employee 11697,Operations,Associate,361,2023-07-06,70692.94
11698,Employee 11698,Warehouse,Executive,345,2015-09-23,151869.83
11699,Employee 11699,Finance,Executive,994,2018-06-21,88567.38
11700,Employee 11700,Finance,Manager,111,2019-05-19,66056.48
11701,Employee 11701,Finance,Supervisor,492,2020-07-30,57695.6
11702,Employee 11702,Sales,Associate,657,2015-12-01,72541.12
11703,Employee 11703,Warehouse,Manager,893,2015-12-04,54763.67
11704,Employee 11704,Logistics,Supervisor,90,2023-04-13,114965.03
11705,Employee 11705,Logistics,Associate,64,2021-04-05,116638.68
11706,Employee 11706,Finance,Associate,101,2020-05-01,75965.18
11707,Employee 11707,Logistics,Analyst,264,2016-04-28,82159.14
11708,Employee 11708,Operations,Supervisor,299,2020-06-07,126197.11
11709,Employee 11709,Warehouse,Supervisor,326,2017-03-15,60922.93
11710,Employee 11710,Operations,Supervisor,904,2024-04-04,85529.17
11711,Employee 11711,Warehouse,Associate,864,2023-05-27,109284.13
11712,Employee 11712,Sales,Executive,363,2018-07-22,74579.14
11713,Employee 11713,Procurement,Manager,297,2017-06-05,0.0
11714,Employee 11714,Procurement,Manager,297,2022-07-01,175601.43
11715,Employee 11715,Procurement,Supervisor,289,2016-05-15,123486.89
11716,Employee 11716,Warehouse,Associate,418,2018-09-10,86220.5
11717,Employee 11717,Warehouse,Coordinator,580,2018-11-14,64116.98
11718,Employee 11718,Logistics,Executive,66,2020-05-17,142390.13
11719,Employee 11719,Operations,Executive,391,2018-05-03,108097.19
11720,Employee 11720,Procurement,Supervisor,786,2015-06-26,166628.21
11721,Employee 11721,Procurement,Associate,58,2022-07-10,128855.84
11722,Employee 11722,Warehouse,Analyst,320,2019-03-07,38070.3
11723,Employee 11723,Operations,Supervisor,634,2021-01-08,49452.74
11724,Employee 11724,Finance,Executive,101,2020-10-03,151351.61
11725,Employee 11725,Sales,Manager,334,2023-12-17,101768.78
11726,Employee 11726,Sales,Coordinator,121,2018-10-31,108134.52
11727,Employee 11727,Sales,Analyst,634,2022-01-25,45028.6
11728,Employee 11728,Logistics,Supervisor,531,2016-09-07,136818.88
11729,Employee 11729,Finance,Manager,951,2020-03-28,30983.98
11730,Employee 11730,operations,Analyst,564,2018-04-20,71795.78
11731,Employee 11731,Logistics,Executive,259,2024-07-27,62610.2
11732,Employee 11732,Logistics,Executive,154,2020-04-17,128307.0
11733,Employee 11733,Finance,Supervisor,422,2018-07-22,26835.34
11734,Employee 11734,Warehouse,Analyst,856,2023-07-27,39932.78
11735,Employee 11735,Finance,Executive,893,2022-04-12,86757.3
11736,Employee 11736,Procurement,Supervisor,127,2020-06-11,30679.57
11737,Employee 11737,Finance,Executive,825,2015-10-20,84965.44
11738,Employee 11738,Finance,Analyst,243,2020-05-16,140651.24
11739,Employee 11739,Operations,Manager,715,2024-03-16,150517.12
11740,Employee 11740,Sales,Associate,807,2023-08-29,107704.69
11741,Employee 11741,Warehouse ,Manager,539,2020-04-15,82117.14
11742,Employee 11742,Finance,Manager,198,2021-06-11,70855.92
11743,Employee 11743,Sales,Executive,709,2022-05-27,147930.74
11744,Employee 11744,Sales,Analyst,706,2021-11-23,67463.18
11745,Employee 11745,Operations,Analyst,942,2016-03-26,161843.98
11746,Employee 11746,Logistics,Analyst,364,2023-05-30,89758.73
11747,Employee 11747,Procurement,Manager,816,2018-04-02,31163.0
11748,Employee 11748,Procurement,Analyst,23,2022-09-16,160224.05
11749,Employee 11749,Warehouse,Supervisor,647,2017-12-20,26427.82
11750,Employee 11750,Operations,Associate,261,2020-12-18,164638.92
11751,Employee 11751,Finance,Supervisor,828,2022-12-26,-10000.0
11752,Employee 11752,Operations,Manager,780,2016-05-31,143306.46
11753,Employee 11753,Procurement,Analyst,202,2016-01-21,88561.1
11754,Employee 11754,Operations ,Supervisor,217,2015-12-11,178818.46
11755,Employee 11755,Procurement,Associate,380,2017-09-06,56062.92
11756,Employee 11756,Sales,Executive,547,2023-02-05,123725.84
11757,Employee 11757,Finance,Executive,542,2015-11-06,18218.31
11758,Employee 11758,Warehouse,Coordinator,653,2022-02-19,99400.91
11759,Employee 11759,Procurement,Analyst,880,2020-06-02,52860.76
11760,Employee 11760,Operations,Analyst,63,2020-04-14,172757.62
11761,Employee 11761,Logistics,Analyst,213,2021-05-08,36125.07
11762,Employee 11762,Logistics,Executive,985,2019-10-22,174796.92
11763,Employee 11763,Sales,Coordinator,471,2018-04-11,139570.56
11764,Employee 11764,Logistics,Analyst,240,2021-03-05,46127.24
11765,Employee 11765,Logistics,Supervisor,123,2018-09-27,133773.96
11766,Employee 11766,Procurement,Coordinator,973,2017-08-28,35486.61
11767,Employee 11767,Operations,Associate,963,2015-04-01,117614.86
11768,Employee 11768,Sales,Executive,39,2017-03-21,57615.42
11769,Employee 11769,Procurement,Supervisor,760,2015-01-06,138529.36
11770,Employee 11770,Operations,Associate,533,2021-08-03,72009.84
11771,Employee 11771,Logistics,Supervisor,690,2015-08-03,139727.67
11772,Employee 11772,Logistics,Manager,500,2015-01-10,178589.59
11773,Employee 11773,Logistics,Coordinator,70,2021-05-12,36213.39
11774,Employee 11774,Finance,Executive,630,2021-02-21,109649.46
11775,Employee 11775,Procurement,Executive,573,2016-10-22,37936.88
11776,Employee 11776,Warehouse,Analyst,165,2017-08-14,159105.62
11777,Employee 11777,sales,Executive,77,2023-10-19,33924.98
11778,Employee 11778,Sales,Associate,882,2017-11-12,73259.75
11779,Employee 11779,Operations,Coordinator,689,2021-09-02,54113.41
11780,Employee 11780,Sales,Manager,381,2019-06-02,113840.28
11781,Employee 11781,Procurement,Executive,902,2016-12-12,21702.06
11782,Employee 11782,Finance,Supervisor,705,2020-06-18,31447.84
11783,Employee 11783,Operations,Associate,770,2023-01-09,30346.44
11784,Employee 11784,Warehouse,Associate,969,2022-11-19,148985.76
11785,Employee 11785,Procurement,Manager,255,2019-02-12,171073.68
11786,Employee 11786,Finance,Supervisor,501,2018-07-16,54608.16
11787,Employee 11787,Logistics,Manager,283,2016-09-29,24227.18
11788,Employee 11788,Finance,Supervisor,786,2015-10-18,140696.99
11789,Employee 11789,Sales,Manager,921,2024-05-13,153937.54
11790,Employee 11790,Operations,Associate,337,2021-07-03,169837.66
11791,Employee 11791,Warehouse,Associate,566,2015-06-17,74698.59
11792,Employee 11792,Logistics,Executive,681,2018-05-22,41226.79
11793,Employee 11793,Operations,Supervisor,96,2019-12-16,159121.1
11794,Employee 11794,Finance,Manager,606,2019-05-16,39710.9
11795,Employee 11795,Sales,Manager,502,2015-10-08,172942.89
11796,Employee 11796,Operations,Associate,92,2022-03-16,176118.51
11797,Employee 11797,Sales,Supervisor,640,2015-06-17,37152.85
11798,Employee 11798,Logistics,Supervisor,473,2019-11-17,91633.68
11799,Employee 11799,Warehouse,Coordinator,669,2020-07-12,87277.01
11800,Employee 11800,Operations,Executive,699,2018-04-24,178427.27
11801,Employee 11801,Sales,Coordinator,645,2022-04-18,62810.57
11802,Employee 11802,Procurement,Analyst,631,2020-05-07,105006.77
11803,Employee 11803,Procurement,Associate,862,2021-10-02,47982.43
11804,Employee 11804,Sales,Analyst,696,2020-08-01,80330.46
11805,Employee 11805,Warehouse ,Executive,803,2021-11-17,61338.03
11806,Employee 11806,Sales,Coordinator,578,2019-10-06,169559.71
11807,Employee 11807,Procurement,Analyst,440,2015-03-17,143983.31
11808,Employee 11808,Operations,Analyst,911,2017-08-13,151450.85
11809,Employee 11809,Finance,Supervisor,45,2018-12-24,146405.25
11810,Employee 11810,Warehouse,Manager,755,2022-04-12,72274.19
11811,Employee 11811,Operations,Manager,712,2019-02-01,25910.06
11812,Employee 11812,Sales,Manager,123,2018-01-30,81534.23
11813,Employee 11813,Sales,Supervisor,150,2016-04-17,81352.39
11814,Employee 11814,sales,Analyst,194,2016-08-22,173490.43
11815,Employee 11815,Operations,Manager,199,2018-05-17,66370.67
11816,Employee 11816,Procurement,Coordinator,959,2018-09-18,140480.03
11817,Employee 11817,Logistics,Manager,119,2017-02-20,104756.55
11818,Employee 11818,Operations,Analyst,673,2021-06-14,82049.5
11819,Employee 11819,Finance,Executive,533,2022-11-10,154657.75
11820,Employee 11820,Procurement,Analyst,285,2015-09-05,20044.59
11821,Employee 11821,Finance,Analyst,415,2018-12-27,86687.79
11822,Employee 11822,warehouse,Associate,931,2023-02-01,81320.54
11823,Employee 11823,Logistics,Executive,214,2017-05-30,92191.38
11824,Employee 11824,Logistics,Executive,739,2016-05-03,177314.83
11825,Employee 11825,Logistics,Supervisor,101,2023-10-23,69127.39
11826,Employee 11826,Logistics,Executive,604,2017-05-28,143585.24
11827,Employee 11827,sales,Executive,555,2023-01-07,66739.3
11828,Employee 11828,Operations,Analyst,445,2022-01-19,70857.4
11829,Employee 11829,Operations,Analyst,951,2023-11-06,137203.95
11830,Employee 11830,Warehouse,Coordinator,391,2019-11-07,56624.26
11831,Employee 11831,Operations,Supervisor,526,2016-11-21,141169.49
11832,Employee 11832,Warehouse ,Analyst,326,2019-12-01,64703.64
11833,Employee 11833,Operations,Manager,438,2023-09-29,160312.07
11834,Employee 11834,Finance,Coordinator,521,2019-08-17,102748.07
11835,Employee 11835,Warehouse,Supervisor,864,2019-07-24,148717.81
11836,Employee 11836,Finance,Associate,192,2023-12-30,142724.89
11837,Employee 11837,Sales,Analyst,499,2017-08-29,165008.52
11838,Employee 11838,Warehouse,Manager,798,2015-09-16,60991.15
11839,Employee 11839,Procurement,Analyst,550,2020-08-05,93429.35
11840,Employee 11840,Operations,Coordinator,830,2018-07-04,51998.57
11841,Employee 11841,Finance,Executive,778,2015-05-23,36973.08
11842,Employee 11842,Sales,Analyst,546,2018-11-08,161932.73
11843,Employee 11843,Operations,Manager,238,2024-01-13,105478.71
11844,Employee 11844,Logistics,Associate,967,2019-11-19,102342.44
11845,Employee 11845,Logistics,Supervisor,198,2021-12-03,65659.06
11846,Employee 11846,Finance,Supervisor,586,2018-04-10,27335.76
11847,Employee 11847,Warehouse,Associate,847,2015-06-03,142263.93
11848,Employee 11848,Operations,Supervisor,757,2024-06-24,122729.62
11849,Employee 11849,Logistics,Supervisor,498,2019-06-23,107477.77
11850,Employee 11850,Finance,Analyst,911,2018-10-14,55667.15
11851,Employee 11851,Finance,Coordinator,377,2016-02-29,37894.29
11852,Employee 11852,Logistics,Executive,692,2018-11-07,153227.1
11853,Employee 11853,Finance,Executive,905,2016-04-19,116498.67
11854,Employee 11854,Logistics,Associate,847,2017-05-07,21919.83
11855,Employee 11855,Finance,Analyst,915,2019-09-21,99644.44
11856,Employee 11856,Sales,Executive,293,2016-06-12,142713.34
11857,Employee 11857,Logistics,Executive,475,2020-04-11,92086.19
11858,Employee 11858,Sales,Manager,349,2018-12-16,107855.39
11859,Employee 11859,Finance,Executive,721,2023-09-20,104267.68
11860,Employee 11860,Sales,Manager,36,2015-03-21,138155.61
11861,Employee 11861,Sales,Analyst,404,2019-10-12,30484.07
11862,Employee 11862,,Executive,370,2020-01-20,0.0
11863,Employee 11863,Operations,Coordinator,221,2015-08-04,141207.68
11864,Employee 11864,Sales,Coordinator,392,2017-03-23,149629.3
11865,Employee 11865,Operations,Supervisor,695,2023-10-05,19693.91
11866,Employee 11866,Operations ,Associate,408,2019-06-30,77887.97
11867,Employee 11867,Finance,Supervisor,656,2019-06-03,59063.2
11868,Employee 11868,Warehouse,Supervisor,382,2021-02-14,169436.99
11869,Employee 11869,Procurement,Coordinator,859,2017-01-19,143389.6
11870,Employee 11870,Logistics,Coordinator,495,2021-10-25,114600.17
11871,Employee 11871,logistics,Manager,662,2015-07-28,27167.45
11872,Employee 11872,Logistics,Supervisor,634,2016-08-11,94813.06
11873,Employee 11873,Procurement,Associate,607,2018-10-01,150953.46
11874,Employee 11874,Procurement,Coordinator,674,2016-06-25,111475.61
11875,Employee 11875,Logistics,Manager,251,2018-06-03,36689.24
11876,Employee 11876,Finance,Coordinator,892,2018-09-26,81997.64
11877,Employee 11877,Sales,Associate,999,2020-05-27,78437.99
11878,Employee 11878,Operations,Supervisor,468,2015-03-21,133326.52
11879,Employee 11879,procurement,Executive,37,2018-09-15,135592.72
11880,Employee 11880,Sales,Coordinator,862,2015-07-30,35947.57
11881,Employee 11881,Warehouse,Supervisor,906,2021-09-04,108936.0
11882,Employee 11882,Operations,Supervisor,293,2016-10-26,161251.96
11883,Employee 11883,Operations,Executive,647,2018-03-22,61585.59
11884,Employee 11884,Finance,Coordinator,871,2022-03-22,130547.88
11885,Employee 11885,Sales,Supervisor,501,2023-06-20,29788.49
11886,Employee 11886,Logistics,Supervisor,41,2024-03-20,127131.77
11887,Employee 11887,Finance,Associate,717,2016-01-30,61656.94
11888,Employee 11888,Sales,Associate,932,2021-01-04,124446.71
11889,Employee 11889,Warehouse,Supervisor,753,2017-04-22,86080.99
11890,Employee 11890,Finance,Coordinator,689,2019-03-25,45082.1
11891,Employee 11891,Logistics,Manager,305,2018-12-25,18413.48
11892,Employee 11892,Logistics,Coordinator,667,2016-01-29,177077.73
11893,Employee 11893,Logistics,Manager,504,2022-10-31,44747.61
11894,Employee 11894,Operations,Supervisor,562,2020-09-17,39146.9
11895,Employee 11895,Logistics,Supervisor,777,2018-08-24,25800.47
11896,Employee 11896,Finance,Supervisor,527,2019-08-04,136584.48
11897,Employee 11897,Finance,Supervisor,334,2020-04-22,24587.35
11898,Employee 11898,Warehouse,Coordinator,941,2017-03-06,49296.74
11899,Employee 11899,Warehouse,Executive,385,2016-06-27,97099.43
11900,Employee 11900,Sales,Supervisor,723,2018-06-18,142861.8
11901,Employee 11901,Procurement,Analyst,356,2018-06-27,36997.85
11902,Employee 11902,Sales,Associate,712,2023-09-13,146530.57
11903,Employee 11903,Warehouse,Supervisor,665,2018-10-07,76850.44
11904,Employee 11904,Sales,Supervisor,709,2024-02-24,117875.01
11905,Employee 11905,Warehouse,Coordinator,683,2018-12-08,105637.69
11906,Employee 11906,Warehouse,Coordinator,562,2019-07-12,41810.76
11907,Employee 11907,Logistics,Coordinator,860,2020-12-22,150174.45
11908,Employee 11908,Finance,Supervisor,346,2019-12-10,49393.89
11909,Employee 11909,Finance,Analyst,11,2016-04-30,60318.15
11910,Employee 11910,Finance,Coordinator,897,2023-02-28,165728.71
11911,Employee 11911,Operations,Coordinator,369,2017-02-04,129936.21
11912,Employee 11912,Procurement,Supervisor,725,2023-03-01,82586.01
11913,Employee 11913,Procurement,Analyst,313,2020-04-03,118540.7
11914,Employee 11914,Warehouse,Manager,712,2021-08-11,33605.28
11915,Employee 11915,Warehouse,Manager,967,2017-01-24,97874.17
11916,Employee 11916,Operations,Associate,229,2015-02-18,164685.65
11917,Employee 11917,Warehouse,Analyst,754,2018-02-14,81160.54
11918,Employee 11918,Procurement,Associate,358,2021-07-24,124325.25
11919,Employee 11919,Logistics,Supervisor,817,2020-11-03,69813.01
11920,Employee 11920,Finance,Associate,672,2021-05-21,105213.9
11921,Employee 11921,Procurement,Manager,110,2024-05-12,109757.48
11922,Employee 11922,Sales,Coordinator,314,2018-05-18,95432.83
11923,Employee 11923,Procurement,Coordinator,108,2022-10-22,96464.45
11924,Employee 11924,Warehouse,Executive,393,2017-10-13,119181.18
11925,Employee 11925,Procurement,Coordinator,277,2015-12-14,103807.9
11926,Employee 11926,Operations,Associate,35,2018-01-05,145610.54
11927,Employee 11927,Operations,Analyst,652,2023-04-24,33517.02
11928,Employee 11928,Sales,Coordinator,886,2024-06-26,101419.92
11929,Employee 11929,Logistics,Executive,83,2019-10-01,159371.74
11930,Employee 11930,Logistics,Manager,361,2019-10-07,122172.4
11931,Employee 11931,Logistics,Coordinator,850,2022-05-21,87343.35
11932,Employee 11932,Procurement,Executive,204,2018-03-14,111599.99
11933,Employee 11933,Logistics,Supervisor,15,2022-02-07,50463.44
11934,Employee 11934,Procurement,Analyst,821,2018-05-25,179047.31
11935,Employee 11935,Sales,Coordinator,219,2020-05-15,113488.21
11936,Employee 11936,Operations,Executive,438,2017-09-22,106447.5
11937,Employee 11937,Operations,Coordinator,446,2020-02-05,145781.15
11938,Employee 11938,Procurement,Associate,699,2023-01-12,145002.05
11939,Employee 11939,Logistics,Coordinator,56,2020-11-20,73501.75
11940,Employee 11940,Procurement,Supervisor,668,2018-05-03,51854.94
11941,Employee 11941,Operations,Associate,971,2019-03-23,169705.61
11942,Employee 11942,Logistics,Manager,498,2016-10-28,126468.3
11943,Employee 11943,Sales,Coordinator,693,2022-06-29,77114.27
11944,Employee 11944,Procurement,Coordinator,850,2015-06-22,157890.28
11945,Employee 11945,Procurement,Associate,593,2019-03-18,61731.27
11946,Employee 11946,Warehouse,Associate,526,2021-03-20,52732.67
11947,Employee 11947,Logistics,Associate,880,2022-07-08,145211.33
11948,Employee 11948,Logistics,Associate,87,2022-06-10,135490.69
11949,Employee 11949,Logistics,Supervisor,15,2015-12-15,176383.66
11950,Employee 11950,warehouse,Associate,517,2016-12-08,165406.86
11951,Employee 11951,Operations,Supervisor,810,2015-12-29,136588.4
11952,Employee 11952,Finance,Manager,443,2018-10-27,143924.63
11953,Employee 11953,Operations,Analyst,736,2016-08-15,82465.52
11954,Employee 11954,Logistics,Manager,352,2019-08-08,104042.41
11955,Employee 11955,Sales,Executive,689,2018-09-08,87378.86
11956,Employee 11956,Operations,Executive,13,2020-05-10,34855.65
11957,Employee 11957,Procurement,Manager,816,2015-12-30,104218.23
11958,Employee 11958,Logistics,Coordinator,282,2016-05-29,51389.18
11959,Employee 11959,Sales,Supervisor,512,2022-01-16,124493.61
11960,Employee 11960,Operations,Analyst,133,2024-03-18,172731.81
11961,Employee 11961,Operations,Manager,118,2018-10-03,86215.18
11962,Employee 11962,Finance,Analyst,476,2021-11-13,31793.96
11963,Employee 11963,Logistics,Analyst,211,2021-03-21,133818.96
11964,Employee 11964,Procurement,Associate,859,2024-03-03,143577.22
11965,Employee 11965,Procurement,Supervisor,517,2017-09-19,56823.06
11966,Employee 11966,Sales,Supervisor,76,2019-07-28,106502.81
11967,Employee 11967,Operations,Associate,306,2015-11-15,-10000.0
11968,Employee 11968,Finance,Coordinator,332,2017-04-19,103319.89
11969,Employee 11969,Finance,Analyst,710,2019-04-25,79617.59
11970,Employee 11970,Procurement,Manager,885,2017-01-29,85191.7
11971,Employee 11971,Warehouse,Coordinator,607,2015-02-16,159031.24
11972,Employee 11972,Finance ,Supervisor,202,2015-07-31,27925.11
11973,Employee 11973,Operations,Associate,121,2023-05-06,52731.46
11974,Employee 11974,Procurement,Coordinator,74,2019-03-27,123459.91
11975,Employee 11975,Finance,Analyst,663,2017-12-09,162741.8
11976,Employee 11976,Finance,Associate,857,2019-10-02,135174.95
11977,Employee 11977,Logistics,Supervisor,651,2019-10-07,49698.29
11978,Employee 11978,Operations,Analyst,311,2015-07-25,101989.34
11979,Employee 11979,Finance,Coordinator,469,2021-09-09,111505.64
11980,Employee 11980,finance,Supervisor,403,2023-12-06,32073.9
11981,Employee 11981,Logistics,Manager,278,2015-02-03,40777.83
11982,Employee 11982,Operations,Supervisor,959,2015-10-22,20288.13
11983,Employee 11983,Procurement,Executive,124,2016-05-30,60063.32
11984,Employee 11984,Finance,Manager,844,2021-12-13,107627.04
11985,Employee 11985,Procurement,Manager,344,2023-06-06,44534.16
11986,Employee 11986,Operations,Supervisor,334,2018-10-27,32381.63
11987,Employee 11987,Finance,Associate,689,2024-04-09,33885.76
11988,Employee 11988,finance,Coordinator,755,2017-11-08,118793.58
11989,Employee 11989,Logistics,Manager,111,2016-02-15,115212.59
11990,Employee 11990,Operations,Supervisor,975,2019-01-06,97271.96
11991,Employee 11991,Procurement,Associate,591,2016-07-20,142450.92
11992,Employee 11992,Operations,Associate,312,2020-08-03,127071.34
11993,Employee 11993,Procurement,Executive,931,2022-08-20,80034.97
11994,Employee 11994,Operations,Executive,32,2023-01-05,100635.03
11995,Employee 11995,Operations,Supervisor,780,2021-03-20,157577.58
11996,Employee 11996,Procurement,Executive,580,2024-01-07,108498.39
11997,Employee 11997,Warehouse,Supervisor,636,2016-02-25,43604.54
11998,Employee 11998,Logistics,Supervisor,523,2015-02-27,48071.29
11999,Employee 11999,Logistics,Associate,2,2019-05-29,50409.73
12000,Employee 12000,Operations,Supervisor,635,2024-03-06,66001.76
12001,Employee 12001,Sales ,Supervisor,645,2021-02-23,89989.27
12002,Employee 12002,Logistics,Manager,977,2017-04-22,30761.6
12003,Employee 12003,Warehouse ,Associate,146,2019-02-04,68404.74
12004,Employee 12004,Sales,Supervisor,92,2022-11-22,69565.7
12005,Employee 12005,Sales,Manager,143,2015-06-30,80283.19
12006,Employee 12006,Warehouse,Analyst,854,2022-05-21,168941.06
12007,Employee 12007,Procurement,Analyst,347,2018-12-14,95840.11
12008,Employee 12008,Operations,Analyst,209,2024-06-06,96185.15
12009,Employee 12009,Warehouse,Coordinator,989,2022-05-07,41816.96
12010,Employee 12010,Procurement,Supervisor,224,2021-10-30,138937.28
12011,Employee 12011,Finance,Executive,981,2016-04-09,55452.1
12012,Employee 12012,Logistics,Associate,968,2023-09-29,166101.76
12013,Employee 12013,Logistics,Supervisor,242,2020-02-09,50986.55
12014,Employee 12014,Warehouse,Executive,807,2019-06-12,96637.87
12015,Employee 12015,Warehouse,Associate,459,2019-09-05,177145.29
12016,Employee 12016,Warehouse,Associate,662,2021-03-23,62320.04
12017,Employee 12017,Operations,Executive,826,2024-01-28,22969.0
12018,Employee 12018,Sales,Supervisor,626,2019-07-09,66571.6
12019,Employee 12019,Logistics,Coordinator,271,2019-10-03,64540.05
12020,Employee 12020,Warehouse,Analyst,149,2019-07-28,80412.32
12021,Employee 12021,Sales,Analyst,508,2015-08-23,120341.75
12022,Employee 12022,Warehouse,Associate,322,2015-08-25,33815.66
12023,Employee 12023,Finance,Executive,211,2020-12-16,21357.88
12024,Employee 12024,Sales,Executive,606,2019-11-03,24786.87
12025,Employee 12025,Sales,Supervisor,421,2022-08-12,26046.19
12026,Employee 12026,Finance,Coordinator,641,2015-01-03,110838.8
12027,Employee 12027,Operations,Supervisor,1,2017-04-11,134586.66
12028,Employee 12028,Sales,Associate,643,2018-03-24,70404.07
12029,Employee 12029,Warehouse,Executive,549,2024-03-15,47767.44
12030,Employee 12030,Procurement,Manager,480,2018-12-14,46025.0
12031,Employee 12031,Logistics,Supervisor,274,2020-05-30,168646.34
12032,Employee 12032,Procurement,Analyst,496,2021-02-08,172323.07
12033,Employee 12033,Logistics,Coordinator,615,2016-03-09,70710.98
12034,Employee 12034,Operations,Supervisor,239,2023-01-30,29199.73
12035,Employee 12035,Sales,Executive,4,2021-09-07,132940.85
12036,Employee 12036,Warehouse,Executive,39,2016-09-17,137213.66
12037,Employee 12037,Sales,Analyst,99,2017-02-02,123484.1
12038,Employee 12038,Logistics,Manager,204,2022-09-10,93166.5
12039,Employee 12039,Finance,Coordinator,532,2020-10-11,65203.38
12040,Employee 12040,Procurement ,Associate,523,2018-05-16,32430.22
12041,Employee 12041,Logistics,Analyst,539,2019-10-01,174462.85
12042,Employee 12042,Warehouse,Manager,24,2020-08-05,54878.53
12043,Employee 12043,Finance,Associate,602,2021-08-16,137276.88
12044,Employee 12044,Logistics,Analyst,335,2022-09-19,132505.57
12045,Employee 12045,Sales,Associate,557,2016-08-09,165636.1
12046,Employee 12046,Operations,Analyst,518,2019-05-12,34901.66
12047,Employee 12047,Operations,Executive,621,2016-08-23,68024.35
12048,Employee 12048,Finance,Supervisor,790,2015-06-27,124885.65
12049,Employee 12049,Sales,Coordinator,745,2021-01-09,175695.52
12050,Employee 12050,Sales,Manager,237,2019-02-25,40926.95
12051,Employee 12051,Operations,Coordinator,162,2019-11-18,82322.51
12052,Employee 12052,Warehouse,Supervisor,286,2021-07-07,176347.68
12053,Employee 12053,Warehouse,Manager,281,2021-12-14,71052.91
12054,Employee 12054,Sales,Executive,401,2019-03-30,87580.78
12055,Employee 12055,Finance,Analyst,758,2019-04-16,89724.5
12056,Employee 12056,Sales,Executive,832,2017-07-20,51121.7
12057,Employee 12057,Finance,Coordinator,178,2022-08-31,157328.08
12058,Employee 12058,Finance,Associate,77,2021-03-18,135945.67
12059,Employee 12059,Procurement,Analyst,576,2015-05-10,157825.83
12060,Employee 12060,Logistics,Analyst,443,2023-01-14,39255.31
12061,Employee 12061,Warehouse,Manager,776,2015-04-05,133650.57
12062,Employee 12062,Warehouse,Executive,840,2021-11-11,95268.83
12063,Employee 12063,Logistics,Manager,167,2017-05-18,103147.29
12064,Employee 12064,Logistics,Associate,312,2018-04-18,103480.37
12065,Employee 12065,Procurement,Coordinator,209,2015-01-20,107277.23
12066,Employee 12066,Warehouse,Coordinator,372,2023-11-21,29879.85
12067,Employee 12067,Finance ,Associate,876,2015-04-17,42978.03
12068,Employee 12068,Warehouse,Manager,489,2016-03-24,135467.73
12069,Employee 12069,Warehouse,Analyst,402,2019-06-23,72897.86
12070,Employee 12070,Logistics,Associate,113,2019-08-22,26659.92
12071,Employee 12071,Logistics,Executive,622,2020-04-10,55583.4
12072,Employee 12072,Operations,Analyst,362,2020-11-13,174554.85
12073,Employee 12073,Finance,Coordinator,908,2017-07-20,22014.69
12074,Employee 12074,Warehouse,Manager,859,2024-05-10,121615.94
12075,Employee 12075,Logistics,Executive,492,2018-11-06,101166.46
12076,Employee 12076,Procurement,Analyst,5,2022-09-04,44666.64
12077,Employee 12077,Procurement,Analyst,182,2015-06-04,101257.98
12078,Employee 12078,Procurement,Coordinator,718,2023-06-15,109147.07
12079,Employee 12079,procurement,Coordinator,952,2015-11-09,113711.45
12080,Employee 12080,Sales,Executive,539,2023-09-05,167678.91
12081,Employee 12081,Procurement,Associate,976,2019-12-30,31450.59
12082,Employee 12082,Warehouse,Manager,193,2019-10-28,18234.76
12083,Employee 12083,Operations,Executive,273,2022-07-12,96043.23
12084,Employee 12084,Operations,Supervisor,422,2019-01-07,179210.39
12085,Employee 12085,Logistics,Analyst,901,2021-04-26,65173.93
12086,Employee 12086,Sales,Coordinator,519,2024-02-01,169327.0
12087,Employee 12087,Procurement,Executive,986,2015-03-01,147804.12
12088,Employee 12088,Operations,Manager,447,2016-10-21,151736.36
12089,Employee 12089,Finance,Coordinator,577,2017-11-05,118682.77
12090,Employee 12090,Procurement,Associate,154,2018-10-19,124175.19
12091,Employee 12091,Finance,Supervisor,201,2022-06-16,101920.24
12092,Employee 12092,Operations,Analyst,599,2022-12-11,20157.74
12093,Employee 12093,Warehouse,Manager,842,2016-04-29,149711.17
12094,Employee 12094,Warehouse,Manager,259,2020-09-27,25036.67
12095,Employee 12095,Operations,Executive,575,2018-10-24,119530.29
12096,Employee 12096,Warehouse,Associate,986,2021-05-05,158243.38
12097,Employee 12097,Sales,Supervisor,862,2023-06-22,57422.05
12098,Employee 12098,Logistics,Manager,318,2018-09-12,46782.14
12099,Employee 12099,Procurement,Supervisor,506,2018-03-20,114890.49
12100,Employee 12100,Procurement,Executive,11,2019-06-15,102996.78
12101,Employee 12101,Sales,Analyst,62,2024-02-16,32998.54
12102,Employee 12102,Warehouse,Executive,67,2024-07-23,94080.98
12103,Employee 12103,Operations,Coordinator,847,2021-03-20,151764.59
12104,Employee 12104,Operations,Associate,525,2023-08-31,46056.26
12105,Employee 12105,Logistics,Analyst,48,2015-05-06,110927.38
12106,Employee 12106,Operations,Coordinator,555,2022-08-27,38048.67
12107,Employee 12107,Operations,Associate,191,2018-12-16,97633.52
12108,Employee 12108,Procurement,Associate,782,2020-03-09,179404.62
12109,Employee 12109,Finance,Executive,679,2023-09-24,139128.0
12110,Employee 12110,Procurement,Executive,778,2023-02-08,47165.75
12111,Employee 12111,Procurement,Analyst,13,2021-07-04,147062.09
12112,Employee 12112,Sales,Executive,548,2024-04-09,148547.6
12113,Employee 12113,Warehouse,Supervisor,694,2017-12-29,124238.29
12114,Employee 12114,Operations,Coordinator,343,2023-09-06,104565.14
12115,Employee 12115,Warehouse,Executive,858,2022-03-15,124170.96
12116,Employee 12116,Finance,Analyst,240,2022-07-29,163876.5
12117,Employee 12117,Operations,Manager,771,2024-03-12,38771.93
12118,Employee 12118,Sales,Supervisor,159,2017-12-06,108054.39
12119,Employee 12119,Warehouse,Executive,685,2023-12-23,137766.84
12120,Employee 12120,Operations,Manager,654,2016-11-26,37336.09
12121,Employee 12121,Warehouse,Supervisor,988,2023-02-23,21202.45
12122,Employee 12122,Warehouse,Coordinator,140,2015-01-14,94339.78
12123,Employee 12123,Warehouse,Executive,653,2020-10-08,78073.43
12124,Employee 12124,Procurement,Analyst,406,2023-07-04,113187.61
12125,Employee 12125,Sales,Associate,871,2017-04-15,165806.23
12126,Employee 12126,Sales,Associate,830,2017-01-05,89597.83
12127,Employee 12127,Sales,Coordinator,345,2020-09-22,118952.67
12128,Employee 12128,Logistics,Analyst,507,2017-04-07,39201.14
12129,Employee 12129,Warehouse,Associate,319,2016-01-31,172230.15
12130,Employee 12130,Logistics,Executive,575,2023-02-25,145661.68
12131,Employee 12131,Procurement,Associate,23,2018-10-14,84846.67
12132,Employee 12132,Operations,Manager,189,2015-10-16,102472.95
12133,Employee 12133,Sales,Manager,146,2015-12-25,178437.74
12134,Employee 12134,Procurement,Supervisor,542,2020-02-08,38415.54
12135,Employee 12135,Procurement,Supervisor,411,2018-02-21,52267.51
12136,Employee 12136,Operations,Supervisor,316,2019-07-27,167515.27
12137,Employee 12137,Warehouse,Supervisor,264,2024-03-20,159297.05
12138,Employee 12138,Procurement,Analyst,568,2023-05-26,74465.83
12139,Employee 12139,Operations,Executive,451,2022-01-03,115081.91
12140,Employee 12140,Operations,Coordinator,978,2017-08-16,62156.0
12141,Employee 12141,Logistics,Manager,813,2021-12-28,157404.72
12142,Employee 12142,Procurement,Coordinator,377,2017-11-30,118337.98
12143,Employee 12143,Warehouse,Coordinator,680,2016-08-17,36571.37
12144,Employee 12144,,Coordinator,844,2016-02-07,93766.61
12145,Employee 12145,Warehouse,Coordinator,768,2019-10-19,64993.73
12146,Employee 12146,Procurement,Coordinator,429,2023-10-29,86801.78
12147,Employee 12147,Warehouse,Executive,558,2018-12-30,101083.85
12148,Employee 12148,Logistics,Supervisor,918,2015-04-21,18752.09
12149,Employee 12149,Logistics,Coordinator,7,2015-08-28,143727.17
12150,Employee 12150,Logistics,Coordinator,175,2015-09-27,136411.68
12151,Employee 12151,Procurement,Executive,790,2020-04-06,23744.26
12152,Employee 12152,Sales,Analyst,716,2017-08-26,148527.29
12153,Employee 12153,Warehouse,Executive,345,2018-07-11,179502.66
12154,Employee 12154,Warehouse,Associate,338,2023-01-02,38174.33
12155,Employee 12155,Operations,Manager,458,2017-09-10,30221.14
12156,Employee 12156,Warehouse,Coordinator,565,2022-02-08,112498.89
12157,Employee 12157,Finance,Associate,117,2018-10-09,106813.78
12158,Employee 12158,Warehouse,Analyst,544,2020-12-19,160610.61
12159,Employee 12159,Sales,Associate,895,2015-01-09,118177.27
12160,Employee 12160,Warehouse,Coordinator,211,2021-06-05,65635.03
12161,Employee 12161,Sales,Executive,924,2017-08-25,18760.0
12162,Employee 12162,Sales,Executive,615,2016-01-31,135480.9
12163,Employee 12163,Logistics,Associate,138,2022-03-31,177901.14
12164,Employee 12164,Operations,Coordinator,138,2015-07-01,150192.26
12165,Employee 12165,Logistics,Executive,455,2015-04-09,128568.97
12166,Employee 12166,Sales,Executive,210,2017-10-01,139914.12
12167,Employee 12167,Logistics,Supervisor,466,2019-05-08,157710.25
12168,Employee 12168,Procurement,Executive,531,2019-09-15,37496.85
12169,Employee 12169,Operations,Coordinator,109,2015-07-26,145238.14
12170,Employee 12170,Logistics,Supervisor,384,2015-06-30,97865.34
12171,Employee 12171,Warehouse,Coordinator,548,2023-07-06,140667.93
12172,Employee 12172,Sales,Supervisor,677,2017-04-23,132910.76
12173,Employee 12173,Operations,Associate,388,2019-11-05,54316.0
12174,Employee 12174,Warehouse,Coordinator,573,2015-10-03,45537.88
12175,Employee 12175,Sales,Associate,217,2016-07-11,46168.24
12176,Employee 12176,Warehouse,Manager,183,2021-03-18,115153.78
12177,Employee 12177,Finance,Analyst,295,2015-10-27,53733.35
12178,Employee 12178,Finance,Associate,440,2019-03-01,35476.87
12179,Employee 12179,Procurement,Analyst,682,2023-08-06,74091.89
12180,Employee 12180,Procurement,Associate,558,2023-08-26,70676.4
12181,Employee 12181,Procurement,Manager,476,2022-12-25,64766.08
12182,Employee 12182,procurement,Executive,684,2017-08-27,28432.65
12183,Employee 12183,Procurement,Manager,16,2016-09-27,116668.04
12184,Employee 12184,Logistics,Analyst,601,2024-05-11,146923.74
12185,Employee 12185,Sales,Coordinator,615,2015-10-19,25931.36
12186,Employee 12186,Logistics,Associate,236,2015-02-02,134681.8
12187,Employee 12187,Operations,Analyst,278,2021-09-25,154190.59
12188,Employee 12188,Operations,Coordinator,580,2019-05-29,65061.94
12189,Employee 12189,Warehouse,Associate,502,2021-12-13,76390.62
12190,Employee 12190,Warehouse ,Coordinator,409,2016-03-25,108636.67
12191,Employee 12191,Operations,Associate,949,2015-03-22,76933.69
12192,Employee 12192,Operations,Supervisor,975,2015-04-08,20806.3
12193,Employee 12193,Sales,Associate,264,2020-03-06,97771.23
12194,Employee 12194,Warehouse,Executive,222,2017-02-22,93890.49
12195,Employee 12195,Sales,Executive,785,2020-02-22,164030.64
12196,Employee 12196,Procurement,Executive,149,2022-09-08,83431.77
12197,Employee 12197,Operations,Executive,377,2020-04-10,137695.51
12198,Employee 12198,Warehouse,Executive,39,2023-05-27,127120.12
12199,Employee 12199,Sales,Manager,692,2018-11-04,87972.17
12200,Employee 12200,Sales,Manager,210,2016-05-03,168802.47
12201,Employee 12201,Logistics,Associate,528,2024-02-09,91217.27
12202,Employee 12202,Logistics,Executive,296,2016-07-04,89408.67
12203,Employee 12203,Warehouse,Manager,634,2019-08-17,167428.87
12204,Employee 12204,Operations,Associate,711,2020-02-01,36792.57
12205,Employee 12205,Sales,Manager,112,2024-06-05,130306.89
12206,Employee 12206,Sales,Supervisor,301,2021-09-29,38447.22
12207,Employee 12207,Sales,Associate,459,2021-10-14,66833.97
12208,Employee 12208,Warehouse,Coordinator,998,2017-08-17,18985.81
12209,Employee 12209,Operations,Analyst,854,2016-09-16,111081.7
12210,Employee 12210,Sales,Executive,752,2024-01-08,154949.43
12211,Employee 12211,Procurement,Coordinator,549,2021-11-23,42998.84
12212,Employee 12212,Logistics,Manager,885,2017-01-13,90289.32
12213,Employee 12213,Warehouse,Analyst,713,2019-03-02,63883.01
12214,Employee 12214,Finance,Coordinator,194,2019-07-16,147233.42
12215,Employee 12215,Finance,Analyst,100,2016-11-16,157520.43
12216,Employee 12216,Warehouse,Executive,770,2021-07-09,167847.79
12217,Employee 12217,Operations,Associate,687,2023-12-27,121317.96
12218,Employee 12218,Procurement,Associate,437,2020-06-17,35664.06
12219,Employee 12219,Sales,Manager,159,2022-03-23,161192.94
12220,Employee 12220,Procurement,Supervisor,441,2015-08-14,74345.72
12221,Employee 12221,Operations,Analyst,493,2019-11-18,71793.3
12222,Employee 12222,Procurement,Analyst,26,2024-06-22,85601.61
12223,Employee 12223,Finance,Associate,21,2017-07-20,60030.24
12224,Employee 12224,Finance ,Associate,274,2017-03-07,55281.2
12225,Employee 12225,Sales,Analyst,464,2020-06-26,114394.95
12226,Employee 12226,Operations,Supervisor,743,2016-01-03,148884.15
12227,Employee 12227,Finance,Executive,633,2022-03-04,165938.31
12228,Employee 12228,Procurement ,Coordinator,349,2019-09-11,137176.2
12229,Employee 12229,Operations,Coordinator,2,2022-06-29,176469.54
12230,Employee 12230,operations,Associate,47,2023-06-25,158117.5
12231,Employee 12231,Procurement,Manager,610,2017-06-18,73123.96
12232,Employee 12232,Procurement,Associate,537,2018-08-17,28179.38
12233,Employee 12233,Warehouse,Associate,366,2018-05-08,137014.39
12234,Employee 12234,Warehouse,Supervisor,13,2021-10-11,42785.42
12235,Employee 12235,Sales,Analyst,455,2019-11-12,32497.99
12236,Employee 12236,Operations,Executive,406,2023-01-16,80272.8
12237,Employee 12237,Operations,Associate,596,2017-07-08,139605.16
12238,Employee 12238,Procurement,Coordinator,531,2019-01-22,39234.51
12239,Employee 12239,Sales,Executive,805,2019-06-21,0.0
12240,Employee 12240,Procurement,Manager,20,2023-01-08,145932.01
12241,Employee 12241,Finance,Executive,760,2022-02-04,43884.41
12242,Employee 12242,Operations,Coordinator,253,2015-09-08,121130.71
12243,Employee 12243,Procurement,Analyst,18,2015-08-05,67740.59
12244,Employee 12244,Warehouse,Coordinator,108,2022-02-06,161218.05
12245,Employee 12245,Logistics,Manager,249,2022-04-18,106374.33
12246,Employee 12246,Finance,Coordinator,524,2020-10-02,93487.76
12247,Employee 12247,Procurement,Supervisor,741,2023-05-07,76413.1
12248,Employee 12248,Procurement,Associate,587,2018-02-06,114794.11
12249,Employee 12249,Operations,Associate,993,2021-06-30,97939.35
12250,Employee 12250,Sales,Supervisor,94,2018-03-22,32544.04
12251,Employee 12251,Operations,Analyst,185,2016-07-03,175779.25
12252,Employee 12252,Operations,Supervisor,869,2015-09-13,149179.26
12253,Employee 12253,Procurement,Executive,910,2023-09-14,118933.68
12254,Employee 12254,Logistics,Coordinator,995,2018-11-20,170426.31
12255,Employee 12255,Logistics,Analyst,37,2018-04-18,158877.89
12256,Employee 12256,Sales,Associate,759,2015-12-29,48810.94
12257,Employee 12257,Finance,Supervisor,857,2022-10-17,140415.83
12258,Employee 12258,Warehouse,Coordinator,914,2016-02-04,71154.65
12259,Employee 12259,Finance,Supervisor,166,2022-01-31,102612.6
12260,Employee 12260,Sales,Coordinator,877,2015-04-20,19530.32
12261,Employee 12261,Procurement,Executive,402,2020-07-14,118819.63
12262,Employee 12262,Procurement,Manager,335,2022-05-27,149944.89
12263,Employee 12263,Sales,Executive,646,2017-09-10,147165.99
12264,Employee 12264,Warehouse,Supervisor,636,2022-08-08,100213.61
12265,Employee 12265,Finance,Manager,50,2018-05-19,51793.66
12266,Employee 12266,Sales,Coordinator,590,2020-12-26,81108.66
12267,Employee 12267,Procurement,Supervisor,624,2018-10-30,151418.83
12268,Employee 12268,Sales,Coordinator,898,2021-09-05,165957.21
12269,Employee 12269,Finance,Manager,251,2023-04-18,53725.54
12270,Employee 12270,Logistics,Executive,456,2019-02-14,99555.49
12271,Employee 12271,Warehouse,Coordinator,175,2016-02-28,145137.11
12272,Employee 12272,Procurement,Supervisor,506,2017-09-01,114350.76
12273,Employee 12273,Finance,Supervisor,568,2024-06-16,76190.94
12274,Employee 12274,Logistics,Analyst,764,2015-11-26,146007.26
12275,Employee 12275,Logistics,Supervisor,440,2021-04-22,112332.72
12276,Employee 12276,Procurement,Manager,797,2017-08-04,95513.43
12277,Employee 12277,Logistics,Coordinator,315,2017-03-26,73836.23
12278,Employee 12278,Logistics,Executive,116,2024-02-17,102813.65
12279,Employee 12279,Operations,Supervisor,687,2016-09-03,38243.92
12280,Employee 12280,Finance,Executive,566,2021-04-26,28816.14
12281,Employee 12281,Warehouse,Associate,826,2018-05-10,116125.46
12282,Employee 12282,logistics,Manager,612,2019-12-10,107454.44
12283,Employee 12283,Logistics,Manager,366,2019-12-27,51966.11
12284,Employee 12284,Finance,Analyst,645,2022-10-24,80832.65
12285,Employee 12285,Sales,Manager,607,2020-07-25,179226.07
12286,Employee 12286,Procurement,Manager,495,2016-01-11,33372.81
12287,Employee 12287,Warehouse,Manager,744,2020-04-26,76705.45
12288,Employee 12288,Finance,Supervisor,585,2019-02-27,99606.04
12289,Employee 12289,Procurement,Coordinator,30,2019-10-01,67430.44
12290,Employee 12290,Finance,Manager,879,2022-09-06,29577.39
12291,Employee 12291,Procurement,Manager,30,2022-06-07,106013.64
12292,Employee 12292,Sales,Associate,218,2024-04-27,80489.43
12293,Employee 12293,Logistics,Analyst,646,2015-01-25,174868.44
12294,Employee 12294,Logistics,Executive,961,2016-06-11,170028.73
12295,Employee 12295,Logistics,Associate,119,2016-10-26,99501.82
12296,Employee 12296,Logistics,Manager,664,2019-01-12,38617.5
12297,Employee 12297,Warehouse,Manager,939,2017-04-20,96876.52
12298,Employee 12298,Finance,Supervisor,813,2016-03-22,169682.0
12299,Employee 12299,Warehouse,Supervisor,317,2017-01-16,48123.41
12300,Employee 12300,Operations,Analyst,128,2019-06-04,175252.46
12301,Employee 12301,Finance,Executive,266,2021-06-13,92637.83
12302,Employee 12302,Logistics,Manager,127,2017-12-27,140014.3
12303,Employee 12303,Operations,Analyst,382,2017-02-12,146690.01
12304,Employee 12304,Procurement,Associate,890,2016-05-10,169629.63
12305,Employee 12305,Finance,Executive,767,2015-11-24,168191.03
12306,Employee 12306,Warehouse,Analyst,267,2019-08-12,51042.87
12307,Employee 12307,Operations,Executive,52,2023-04-22,48885.65
12308,Employee 12308,Finance,Executive,719,2015-05-31,120690.0
12309,Employee 12309,Finance,Supervisor,988,2020-04-14,36840.59
12310,Employee 12310,Finance,Associate,879,2017-06-01,137440.49
12311,Employee 12311,Operations,Supervisor,707,2020-09-05,118750.25
12312,Employee 12312,Sales ,Supervisor,55,2015-09-06,43469.37
12313,Employee 12313,Sales,Supervisor,644,2023-12-08,75888.71
12314,Employee 12314,Warehouse,Manager,852,2018-11-13,61698.8
12315,Employee 12315,Sales,Analyst,563,2017-08-12,70746.98
12316,Employee 12316,Logistics,Analyst,533,2015-11-14,49592.41
12317,Employee 12317,Logistics,Coordinator,577,2016-03-20,59968.16
12318,Employee 12318,Finance,Associate,691,2023-05-23,115682.42
12319,Employee 12319,Logistics,Analyst,801,2019-03-09,115068.46
12320,Employee 12320,Sales ,Associate,385,2022-11-17,178097.69
12321,Employee 12321,Finance,Executive,595,2023-07-16,162734.24
12322,Employee 12322,Warehouse,Executive,281,2015-07-22,160523.62
12323,Employee 12323,Operations,Manager,704,2021-12-20,86926.54
12324,Employee 12324,Procurement,Manager,170,2024-01-31,57205.15
12325,Employee 12325,Logistics,Manager,228,2016-04-07,62084.81
12326,Employee 12326,Finance,Associate,952,2018-01-07,89396.24
12327,Employee 12327,Sales,Analyst,573,2020-02-21,65464.79
12328,Employee 12328,Finance,Coordinator,471,2022-01-20,157502.65
12329,Employee 12329,Warehouse,Supervisor,842,2022-07-10,32275.94
12330,Employee 12330,Logistics,Analyst,756,2016-08-15,127267.43
12331,Employee 12331,Warehouse,Associate,167,2020-09-17,129887.05
12332,Employee 12332,Procurement,Manager,897,2022-09-13,72355.6
12333,Employee 12333,Procurement,Associate,643,2022-05-15,108621.73
12334,Employee 12334,Sales,Supervisor,3,2017-02-26,160093.88
12335,Employee 12335,Finance,Associate,146,2020-09-25,179840.73
12336,Employee 12336,Operations,Coordinator,429,2015-09-24,57950.37
12337,Employee 12337,Sales,Analyst,716,2015-04-23,131091.76
12338,Employee 12338,,Executive,302,2019-10-14,60388.64
12339,Employee 12339,Sales,Associate,106,2020-12-25,169786.34
12340,Employee 12340,Logistics,Coordinator,253,2018-11-27,20557.33
12341,Employee 12341,Sales,Manager,636,2015-03-22,132448.8
12342,Employee 12342,Finance,Supervisor,378,2019-01-07,80582.03
12343,Employee 12343,Procurement,Manager,9,2022-06-28,55626.35
12344,Employee 12344,Sales,Associate,5,2024-07-13,49131.99
12345,Employee 12345,Procurement,Manager,185,2023-04-18,93088.56
12346,Employee 12346,Procurement,Executive,114,2015-08-20,129811.55
12347,Employee 12347,Logistics,Analyst,501,2017-10-18,158721.38
12348,Employee 12348,Finance,Analyst,781,2019-01-08,100162.44
12349,Employee 12349,Finance,Executive,139,2021-07-24,90781.2
12350,Employee 12350,Procurement,Coordinator,216,2020-03-21,133766.0
12351,Employee 12351,Sales,Coordinator,131,2017-06-19,96691.55
12352,Employee 12352,Logistics,Supervisor,321,2016-03-31,27855.01
12353,Employee 12353,Operations,Associate,455,2015-06-02,18668.14
12354,Employee 12354,Logistics,Associate,729,2021-10-20,104000.73
12355,Employee 12355,Finance,Analyst,430,2019-12-06,66017.96
12356,Employee 12356,Operations,Associate,179,2015-06-26,106719.17
12357,Employee 12357,Sales,Coordinator,603,2016-06-25,44473.29
12358,Employee 12358,Warehouse,Associate,394,2021-07-08,79907.32
12359,Employee 12359,Finance,Manager,490,2018-10-26,119812.42
12360,Employee 12360,Logistics,Analyst,699,2017-07-07,113166.54
12361,Employee 12361,Procurement,Analyst,885,2020-05-21,106151.41
12362,Employee 12362,Operations,Executive,762,2017-04-03,174170.41
12363,Employee 12363,Logistics,Analyst,436,2019-05-29,42736.27
12364,Employee 12364,Warehouse,Associate,758,2024-06-16,154677.61
12365,Employee 12365,Finance,Supervisor,500,2019-08-08,104521.07
12366,Employee 12366,Finance,Manager,651,2022-10-08,43586.47
12367,Employee 12367,Finance,Associate,869,2022-06-21,110512.83
12368,Employee 12368,Procurement,Analyst,295,2022-08-18,56160.1
12369,Employee 12369,Warehouse,Coordinator,235,2015-10-28,71818.1
12370,Employee 12370,Operations,Executive,851,2016-01-08,138272.68
12371,Employee 12371,Operations,Associate,128,2017-05-07,158122.03
12372,Employee 12372,Finance,Executive,840,2018-11-18,138489.06
12373,Employee 12373,Procurement,Analyst,790,2019-08-07,25831.24
12374,Employee 12374,Logistics,Analyst,560,2016-09-24,126396.17
12375,Employee 12375,Warehouse,Coordinator,586,2018-05-18,30197.51
12376,Employee 12376,Logistics,Associate,645,2019-07-17,164770.33
12377,Employee 12377,Sales,Supervisor,589,2017-08-26,25797.4
12378,Employee 12378,Operations,Analyst,306,2020-12-05,46451.57
12379,Employee 12379,Sales,Executive,647,2015-01-13,80884.55
12380,Employee 12380,Warehouse,Coordinator,971,2020-09-15,28147.39
12381,Employee 12381,Warehouse,Associate,629,2017-05-27,176894.13
12382,Employee 12382,Operations,Analyst,797,2024-07-19,19380.98
12383,Employee 12383,Logistics,Manager,384,2021-12-25,150758.13
12384,Employee 12384,Warehouse,Associate,621,2020-12-04,129972.6
12385,Employee 12385,Operations,Analyst,122,2021-11-26,125819.07
12386,Employee 12386,Warehouse,Manager,82,2022-06-12,133293.39
12387,Employee 12387,Procurement,Supervisor,549,2020-10-04,115954.75
12388,Employee 12388,Procurement,Coordinator,115,2020-08-25,22531.58
12389,Employee 12389,Logistics,Executive,828,2017-02-24,27216.38
12390,Employee 12390,Sales,Analyst,881,2016-05-24,32430.64
12391,Employee 12391,Logistics,Executive,302,2020-06-24,59348.51
12392,Employee 12392,Finance,Analyst,258,2019-03-05,121316.9
12393,Employee 12393,Finance,Coordinator,861,2019-01-18,152987.34
12394,Employee 12394,operations,Coordinator,121,2016-02-19,149041.4
12395,Employee 12395,Warehouse,Manager,309,2023-10-02,155563.76
12396,Employee 12396,,Associate,655,2017-07-05,85464.42
12397,Employee 12397,Warehouse,Supervisor,899,2019-05-23,125582.5
12398,Employee 12398,Finance,Coordinator,518,2018-11-17,177209.82
12399,Employee 12399,Sales,Manager,653,2018-01-26,157500.24
12400,Employee 12400,Logistics,Executive,609,2018-04-28,28140.84
12401,Employee 12401,Procurement,Analyst,840,2024-06-07,144642.7
12402,Employee 12402,Logistics,Supervisor,781,2017-02-02,98966.49
12403,Employee 12403,Logistics,Analyst,752,2020-06-23,107286.75
12404,Employee 12404,Warehouse,Manager,246,2023-02-26,85172.11
12405,Employee 12405,Procurement,Executive,915,2022-12-02,34194.23
12406,Employee 12406,Procurement,Executive,809,2023-05-30,28983.57
12407,Employee 12407,Warehouse,Manager,55,2024-02-29,77814.0
12408,Employee 12408,Logistics,Executive,805,2019-09-26,81023.47
12409,Employee 12409,Warehouse,Executive,841,2016-10-13,92691.62
12410,Employee 12410,Sales,Coordinator,952,2022-09-26,161723.78
12411,Employee 12411,Procurement,Supervisor,702,2023-10-24,178484.78
12412,Employee 12412,,Supervisor,349,2023-06-21,39411.92
12413,Employee 12413,Procurement,Coordinator,494,2024-06-22,117093.07
12414,Employee 12414,Procurement,Manager,742,2020-02-19,54968.12
12415,Employee 12415,Finance,Manager,316,2017-05-29,95460.08
12416,Employee 12416,Sales,Associate,113,2024-03-08,63606.85
12417,Employee 12417,Warehouse,Manager,291,2020-05-05,43178.48
12418,Employee 12418,Logistics,Associate,735,2023-02-06,154778.14
12419,Employee 12419,Logistics,Coordinator,400,2019-07-02,172745.51
12420,Employee 12420,Warehouse,Supervisor,153,2015-04-26,26356.19
12421,Employee 12421,Warehouse,Executive,512,2015-07-05,42672.22
12422,Employee 12422,procurement,Manager,596,2017-02-14,165631.89
12423,Employee 12423,Operations,Supervisor,323,2020-10-21,142770.59
12424,Employee 12424,Logistics,Analyst,794,2020-11-13,55063.94
12425,Employee 12425,Sales,Associate,927,2017-09-10,77107.61
12426,Employee 12426,Logistics,Analyst,530,2019-08-06,47173.48
12427,Employee 12427,Procurement,Manager,610,2018-11-17,178330.77
12428,Employee 12428,Logistics,Associate,602,2022-11-06,113395.75
12429,Employee 12429,Finance,Coordinator,586,2022-07-18,36433.26
12430,Employee 12430,Warehouse,Analyst,342,2016-05-11,60398.47
12431,Employee 12431,Operations,Executive,475,2015-12-03,84714.02
12432,Employee 12432,Finance,Coordinator,380,2016-10-21,161135.96
12433,Employee 12433,Operations,Coordinator,403,2024-04-18,70434.05
12434,Employee 12434,Finance,Manager,430,2017-03-29,82395.74
12435,Employee 12435,Warehouse,Coordinator,649,2020-11-09,65201.78
12436,Employee 12436,Warehouse,Executive,354,2022-08-04,110213.83
12437,Employee 12437,Warehouse,Analyst,565,2023-10-04,73491.58
12438,Employee 12438,Logistics,Manager,5,2022-11-21,115967.22
12439,Employee 12439,Sales,Analyst,278,2016-11-26,136821.2
12440,Employee 12440,Warehouse,Coordinator,67,2018-11-02,175536.95
12441,Employee 12441,Warehouse,Analyst,319,2021-07-05,23575.45
12442,Employee 12442,Warehouse,Supervisor,659,2021-03-22,67605.23
12443,Employee 12443,Sales,Analyst,9,2021-04-08,170985.97
12444,Employee 12444,Sales ,Executive,609,2017-12-01,115942.32
12445,Employee 12445,Procurement,Supervisor,417,2023-05-23,67674.11
12446,Employee 12446,Operations,Supervisor,480,2022-08-02,48622.31
12447,Employee 12447,Sales,Associate,367,2017-08-03,49819.11
12448,Employee 12448,Logistics,Coordinator,270,2018-01-06,124778.08
12449,Employee 12449,Warehouse,Analyst,137,2017-11-25,171583.16
12450,Employee 12450,Warehouse,Supervisor,323,2021-06-12,24273.48
12451,Employee 12451,sales,Executive,949,2023-12-02,147712.98
12452,Employee 12452,Logistics,Coordinator,526,2017-06-17,100122.22
12453,Employee 12453,Procurement,Supervisor,412,2020-06-01,131986.45
12454,Employee 12454,Warehouse,Manager,429,2015-12-31,44344.69
12455,Employee 12455,Sales,Manager,615,2020-07-30,19758.62
12456,Employee 12456,Logistics,Supervisor,940,2024-05-10,177799.9
12457,Employee 12457,Warehouse ,Analyst,323,2019-06-13,99147.68
12458,Employee 12458,Procurement,Analyst,894,2024-01-18,70779.95
12459,Employee 12459,Operations,Manager,374,2018-02-06,126069.92
12460,Employee 12460,Warehouse,Analyst,491,2022-01-24,118807.35
12461,Employee 12461,,Coordinator,705,2016-04-29,76879.41
12462,Employee 12462,Procurement,Associate,198,2021-09-25,106722.18
12463,Employee 12463,Procurement,Associate,562,2019-02-13,101752.83
12464,Employee 12464,Operations,Analyst,948,2023-04-19,169854.92
12465,Employee 12465,Finance,Executive,614,2022-03-18,71931.53
12466,Employee 12466,Warehouse,Associate,949,2020-07-13,32965.46
12467,Employee 12467,Sales,Associate,773,2023-09-16,97405.09
12468,Employee 12468,Sales,Manager,191,2017-05-30,94641.35
12469,Employee 12469,Sales,Associate,944,2017-05-14,123922.76
12470,Employee 12470,Warehouse,Manager,292,2016-05-15,70579.58
12471,Employee 12471,Logistics,Executive,443,2016-02-26,61128.43
12472,Employee 12472,Warehouse,Associate,135,2022-12-10,153287.32
12473,Employee 12473,Sales,Analyst,371,2018-12-24,39477.79
12474,Employee 12474,Sales ,Coordinator,819,2021-10-25,74536.16
12475,Employee 12475,Operations,Supervisor,765,2015-10-07,56018.8
12476,Employee 12476,Operations,Coordinator,546,2021-06-04,139130.84
12477,Employee 12477,Logistics,Coordinator,566,2021-11-28,33673.86
12478,Employee 12478,Operations,Associate,140,2021-11-29,155421.68
12479,Employee 12479,Operations,Analyst,187,2021-06-15,94907.59
12480,Employee 12480,Operations,Coordinator,526,2018-10-12,28155.13
12481,Employee 12481,Procurement,Executive,24,2023-05-06,71208.41
12482,Employee 12482,Warehouse,Executive,661,2024-01-26,154982.76
12483,Employee 12483,Sales,Coordinator,876,2020-10-07,178908.96
12484,Employee 12484,Sales,Executive,267,2021-02-24,31464.42
12485,Employee 12485,Sales,Supervisor,191,2022-11-30,168750.54
12486,Employee 12486,Finance,Analyst,213,2020-09-07,144859.69
12487,Employee 12487,Procurement,Manager,564,2021-01-08,158854.54
12488,Employee 12488,Operations,Coordinator,270,2015-08-27,148849.42
12489,Employee 12489,Warehouse,Manager,87,2022-10-17,169322.29
12490,Employee 12490,procurement,Supervisor,695,2022-12-05,158329.47
12491,Employee 12491,Warehouse,Coordinator,234,2020-09-22,169249.42
12492,Employee 12492,Sales,Analyst,88,2019-05-24,41064.81
12493,Employee 12493,Logistics,Coordinator,44,2016-01-06,119297.9
12494,Employee 12494,Finance,Manager,746,2017-08-29,150204.88
12495,Employee 12495,Procurement,Associate,9,2016-03-25,92638.67
12496,Employee 12496,Sales,Analyst,281,2015-03-30,74468.43
12497,Employee 12497,Operations,Associate,206,2017-07-05,30840.13
12498,Employee 12498,Warehouse,Coordinator,784,2023-11-26,167886.38
12499,Employee 12499,logistics,Manager,557,2024-04-06,60109.51
12500,Employee 12500,Finance,Associate,118,2020-10-04,73820.59
12501,Employee 12501,Procurement,Manager,704,2019-07-11,77952.0
12502,Employee 12502,logistics,Manager,643,2019-05-23,173527.89
12503,Employee 12503,Logistics,Supervisor,453,2024-04-05,40997.34
12504,Employee 12504,Warehouse,Analyst,451,2019-07-11,133663.56
12505,Employee 12505,Logistics,Analyst,621,2022-09-27,43908.25
12506,Employee 12506,Procurement,Associate,69,2021-03-20,163315.82
12507,Employee 12507,Operations,Associate,515,2021-07-04,57648.8
12508,Employee 12508,Logistics,Supervisor,843,2017-07-23,19686.74
12509,Employee 12509,Finance,Coordinator,273,2023-12-22,49157.88
12510,Employee 12510,Warehouse,Supervisor,468,2018-03-04,123248.24
12511,Employee 12511,Sales,Analyst,683,2017-05-10,125206.64
12512,Employee 12512,Sales,Manager,713,2015-09-22,97055.51
12513,Employee 12513,Sales,Manager,327,2016-11-14,83275.1
12514,Employee 12514,Logistics,Associate,604,2018-08-03,98086.9
12515,Employee 12515,Logistics,Associate,654,2022-01-29,164240.96
12516,Employee 12516,Warehouse,Analyst,493,2018-11-15,136386.2
12517,Employee 12517,Procurement,Manager,454,2023-03-15,116180.17
12518,Employee 12518,Finance,Coordinator,7,2015-12-02,124206.17
12519,Employee 12519,Operations,Supervisor,753,2022-11-15,72613.83
12520,Employee 12520,Finance,Coordinator,93,2015-05-11,162652.03
12521,Employee 12521,Procurement,Coordinator,90,2020-06-05,141611.95
12522,Employee 12522,Finance,Supervisor,495,2016-11-06,66695.27
12523,Employee 12523,Sales,Executive,981,2023-09-21,170728.21
12524,Employee 12524,Procurement,Supervisor,360,2018-02-15,122812.8
12525,Employee 12525,Procurement,Executive,773,2020-06-06,74199.56
12526,Employee 12526,Logistics,Coordinator,787,2020-10-14,35694.59
12527,Employee 12527,Sales,Supervisor,629,2017-07-04,99134.45
12528,Employee 12528,Procurement,Manager,832,2016-12-30,166661.43
12529,Employee 12529,Sales,Analyst,6,2022-12-23,19746.94
12530,Employee 12530,Sales,Coordinator,818,2015-02-28,79563.96
12531,Employee 12531,Procurement,Associate,421,2019-09-20,87464.67
12532,Employee 12532,Sales,Associate,817,2020-07-09,179747.63
12533,Employee 12533,Warehouse,Manager,60,2017-08-03,170361.17
12534,Employee 12534,Procurement,Analyst,586,2016-09-06,102426.81
12535,Employee 12535,,Supervisor,178,2017-06-02,117676.79
12536,Employee 12536,Warehouse,Executive,423,2023-08-30,130642.45
12537,Employee 12537,Sales,Coordinator,259,2018-08-07,102398.03
12538,Employee 12538,Logistics,Manager,280,2018-06-16,114164.14
12539,Employee 12539,Sales,Executive,578,2020-03-20,175815.83
12540,Employee 12540,Warehouse,Executive,470,2019-01-29,44717.04
12541,Employee 12541,Sales,Associate,527,2016-01-16,23683.46
12542,Employee 12542,Warehouse,Manager,700,2021-11-19,121265.22
12543,Employee 12543,Sales,Coordinator,242,2023-04-22,152175.1
12544,Employee 12544,warehouse,Analyst,453,2017-03-06,40247.6
12545,Employee 12545,Logistics,Manager,776,2015-09-08,34531.19
12546,Employee 12546,Operations,Coordinator,133,2019-03-25,78343.38
12547,Employee 12547,Finance,Manager,500,2018-06-25,72972.77
12548,Employee 12548,Sales,Manager,833,2019-07-29,172872.11
12549,Employee 12549,Operations,Executive,292,2021-04-30,43030.42
12550,Employee 12550,Finance,Associate,828,2022-03-19,45601.38
12551,Employee 12551,Operations,Associate,446,2021-04-24,35844.99
12552,Employee 12552,Procurement,Supervisor,635,2018-08-26,47315.87
12553,Employee 12553,Procurement,Associate,159,2019-11-11,155676.7
12554,Employee 12554,logistics,Associate,665,2020-01-13,162453.37
12555,Employee 12555,Finance,Associate,234,2020-09-16,124475.03
12556,Employee 12556,Logistics,Manager,387,2018-06-03,40280.62
12557,Employee 12557,Sales,Executive,541,2019-12-11,53997.59
12558,Employee 12558,Sales,Manager,5,2017-05-05,128154.17
12559,Employee 12559,Logistics,Associate,260,2021-01-23,143949.38
12560,Employee 12560,Operations ,Coordinator,655,2018-03-15,173318.79
12561,Employee 12561,Warehouse,Coordinator,322,2020-10-26,115456.31
12562,Employee 12562,Procurement,Coordinator,428,2017-11-10,52429.84
12563,Employee 12563,Logistics,Executive,752,2024-07-31,133013.89
12564,Employee 12564,Warehouse,Analyst,295,2017-04-07,65692.95
12565,Employee 12565,Procurement,Associate,234,2018-04-10,146541.99
12566,Employee 12566,Sales,Manager,358,2015-05-01,84576.03
12567,Employee 12567,Operations,Manager,234,2022-11-29,130464.94
12568,Employee 12568,Sales,Executive,380,2016-11-09,145495.23
12569,Employee 12569,Finance,Manager,918,2022-02-27,20500.99
12570,Employee 12570,Warehouse,Associate,593,2021-04-24,97875.05
12571,Employee 12571,Procurement,Associate,670,2023-04-01,178809.27
12572,Employee 12572,Procurement,Supervisor,577,2020-09-01,92579.08
12573,Employee 12573,Warehouse,Supervisor,195,2021-06-13,154876.58
12574,Employee 12574,Operations,Associate,409,2021-05-05,109533.97
12575,Employee 12575,Warehouse,Analyst,972,2021-01-17,89842.08
12576,Employee 12576,Warehouse,Manager,155,2016-05-01,78329.82
12577,Employee 12577,Finance,Coordinator,487,2015-06-25,49960.96
12578,Employee 12578,Operations,Executive,226,2021-08-26,139872.39
12579,Employee 12579,Sales,Coordinator,83,2024-01-22,51094.03
12580,Employee 12580,Logistics,Supervisor,512,2023-11-25,136962.09
12581,Employee 12581,Logistics,Supervisor,413,2017-10-29,160976.69
12582,Employee 12582,Finance,Executive,25,2022-02-16,83199.35
12583,Employee 12583,Operations,Executive,451,2017-12-15,25059.93
12584,Employee 12584,Operations,Manager,282,2018-03-11,78620.83
12585,Employee 12585,Sales,Associate,680,2016-01-25,94558.67
12586,Employee 12586,Sales,Associate,392,2018-12-31,72131.93
12587,Employee 12587,Operations,Associate,998,2022-03-02,107011.88
12588,Employee 12588,Logistics,Executive,841,2023-11-13,75282.01
12589,Employee 12589,Logistics,Executive,744,2016-05-16,116800.85
12590,Employee 12590,Operations,Executive,242,2022-02-07,57477.28
12591,Employee 12591,Finance,Supervisor,452,2018-01-11,63073.79
12592,Employee 12592,,Coordinator,758,2022-07-11,104818.42
12593,Employee 12593,sales,Coordinator,936,2023-10-12,98656.34
12594,Employee 12594,Warehouse,Manager,198,2016-10-09,42494.63
12595,Employee 12595,Warehouse,Executive,648,2023-01-08,75825.3
12596,Employee 12596,Operations,Supervisor,426,2021-10-16,171161.2
12597,Employee 12597,Warehouse,Analyst,142,2016-01-31,30864.36
12598,Employee 12598,Warehouse,Coordinator,886,2019-06-21,66766.16
12599,Employee 12599,Operations,Coordinator,462,2017-10-17,135917.8
12600,Employee 12600,Logistics,Coordinator,769,2017-03-23,32843.84
12601,Employee 12601,Sales,Manager,526,2016-08-28,29843.4
12602,Employee 12602,Procurement,Coordinator,402,2020-02-07,88192.58
12603,Employee 12603,Operations,Analyst,893,2016-01-29,149472.03
12604,Employee 12604,Procurement,Supervisor,18,2019-04-29,125244.48
12605,Employee 12605,Operations,Coordinator,340,2017-08-19,103445.15
12606,Employee 12606,Procurement,Executive,56,2015-10-16,74129.46
12607,Employee 12607,Sales,Manager,148,2020-06-09,138152.26
12608,Employee 12608,Sales,Coordinator,779,2017-01-15,22748.05
12609,Employee 12609,Finance,Associate,590,2018-12-04,131101.9
12610,Employee 12610,Sales,Supervisor,340,2022-11-24,83847.32
12611,Employee 12611,Warehouse,Coordinator,561,2023-10-12,35339.19
12612,Employee 12612,Finance,Manager,362,2023-04-13,170926.53
12613,Employee 12613,Logistics,Supervisor,600,2015-05-03,24579.62
12614,Employee 12614,Sales,Executive,390,2017-08-09,122442.73
12615,Employee 12615,Warehouse,Coordinator,384,2016-04-30,103625.85
12616,Employee 12616,Sales,Manager,558,2016-04-12,117649.01
12617,Employee 12617,Logistics,Associate,846,2023-03-17,103477.57
12618,Employee 12618,Sales,Executive,44,2015-02-07,151145.18
12619,Employee 12619,Procurement,Manager,872,2024-07-27,162173.42
12620,Employee 12620,Logistics,Supervisor,305,2015-07-28,94764.02
12621,Employee 12621,Operations,Associate,668,2018-05-01,130533.9
12622,Employee 12622,Operations,Manager,745,2020-11-11,113836.43
12623,Employee 12623,Operations,Manager,774,2019-01-22,163086.29
12624,Employee 12624,Sales,Associate,445,2021-02-18,102576.56
12625,Employee 12625,Logistics,Manager,70,2018-05-08,115238.68
12626,Employee 12626,Finance,Associate,106,2019-01-24,144585.1
12627,Employee 12627,finance,Analyst,351,2015-07-02,132060.64
12628,Employee 12628,Finance,Associate,413,2017-05-27,35784.5
12629,Employee 12629,Finance,Manager,962,2023-09-10,62664.23
12630,Employee 12630,Warehouse,Executive,847,2021-07-25,84431.38
12631,Employee 12631,Warehouse,Manager,811,2019-05-01,67451.54
12632,Employee 12632,Logistics,Analyst,68,2016-04-20,159219.5
12633,Employee 12633,Finance,Coordinator,602,2017-06-26,118586.75
12634,Employee 12634,Finance,Executive,123,2016-07-23,73925.95
12635,Employee 12635,Operations,Supervisor,731,2018-08-19,37653.04
12636,Employee 12636,Sales,Associate,637,2023-07-19,62339.56
12637,Employee 12637,Operations,Manager,666,2022-09-04,167481.8
12638,Employee 12638,Sales,Coordinator,178,2017-06-22,129753.9
12639,Employee 12639,Warehouse,Executive,102,2016-01-03,116953.14
12640,Employee 12640,Sales,Executive,569,2016-05-22,75408.39
12641,Employee 12641,Operations,Associate,572,2015-04-20,19653.31
12642,Employee 12642,Operations,Coordinator,161,2017-08-17,36423.46
12643,Employee 12643,Sales,Supervisor,976,2022-04-19,140509.03
12644,Employee 12644,Sales,Associate,489,2016-11-20,104122.97
12645,Employee 12645,Finance,Manager,56,2019-09-14,102144.16
12646,Employee 12646,Finance,Manager,193,2021-09-18,95960.41
12647,Employee 12647,Warehouse,Analyst,12,2023-02-15,109905.59
12648,Employee 12648,Sales,Analyst,285,2017-11-01,47099.27
12649,Employee 12649,Warehouse,Executive,721,2024-04-11,137936.65
12650,Employee 12650,Procurement,Manager,62,2017-07-20,139992.0
12651,Employee 12651,Logistics,Coordinator,444,2015-03-19,54103.24
12652,Employee 12652,Finance,Coordinator,797,2016-09-13,175852.08
12653,Employee 12653,Logistics,Associate,504,2017-01-02,47447.04
12654,Employee 12654,Warehouse,Manager,620,2021-05-23,92395.05
12655,Employee 12655,Operations,Associate,14,2017-11-07,139898.46
12656,Employee 12656,Logistics,Executive,167,2021-06-26,149576.88
12657,Employee 12657,Warehouse,Associate,867,2016-03-31,20253.4
12658,Employee 12658,Sales,Manager,586,2018-06-06,175120.33
12659,Employee 12659,Procurement,Coordinator,804,2018-08-03,0.0
12660,Employee 12660,Finance,Supervisor,950,2020-01-14,90004.92
12661,Employee 12661,Finance,Associate,167,2017-10-29,26835.97
12662,Employee 12662,Procurement,Coordinator,146,2019-05-26,147658.42
12663,Employee 12663,Procurement,Associate,74,2018-10-08,177108.27
12664,Employee 12664,Operations ,Supervisor,970,2017-07-26,49308.94
12665,Employee 12665,Sales,Analyst,196,2023-02-09,152002.24
12666,Employee 12666,Procurement,Analyst,861,2016-12-18,74845.37
12667,Employee 12667,Finance,Coordinator,819,2020-09-28,159173.33
12668,Employee 12668,Operations,Executive,114,2020-07-22,117115.14
12669,Employee 12669,logistics,Manager,552,2018-05-16,106459.77
12670,Employee 12670,Logistics,Manager,322,2017-08-21,176558.67
12671,Employee 12671,Warehouse,Executive,519,2024-05-18,178846.69
12672,Employee 12672,Procurement,Coordinator,324,2024-04-22,109909.55
12673,Employee 12673,Finance,Associate,9,2019-10-17,157908.17
12674,Employee 12674,Sales,Associate,822,2016-09-04,117829.69
12675,Employee 12675,Procurement,Executive,704,2017-04-11,29159.36
12676,Employee 12676,Warehouse,Analyst,980,2017-02-24,108820.89
12677,Employee 12677,Sales,Manager,172,2017-12-26,140990.85
12678,Employee 12678,Sales,Analyst,237,2022-04-14,95909.62
12679,Employee 12679,Operations,Manager,241,2023-09-26,42758.55
12680,Employee 12680,Operations,Coordinator,575,2018-09-09,68025.71
12681,Employee 12681,Finance,Coordinator,220,2020-06-27,173198.86
12682,Employee 12682,Sales,Executive,989,2018-11-13,130948.06
12683,Employee 12683,Operations,Supervisor,530,2020-06-27,124153.28
12684,Employee 12684,Procurement,Analyst,361,2019-08-12,69006.12
12685,Employee 12685,Procurement,Associate,114,2023-05-30,113725.86
12686,Employee 12686,Finance,Associate,828,2024-06-20,81039.26
12687,Employee 12687,Procurement,Coordinator,379,2023-08-21,157732.36
12688,Employee 12688,Sales,Analyst,32,2020-06-05,130304.2
12689,Employee 12689,Warehouse,Coordinator,293,2019-07-08,101194.98
12690,Employee 12690,Operations,Supervisor,280,2018-05-21,136787.5
12691,Employee 12691,Finance,Associate,539,2020-04-30,176157.93
12692,Employee 12692,Finance,Supervisor,395,2021-04-07,174269.74
12693,Employee 12693,,Supervisor,109,2022-05-30,55910.62
12694,Employee 12694,Procurement,Manager,321,2016-10-21,166255.47
12695,Employee 12695,Procurement,Manager,659,2022-05-05,123527.58
12696,Employee 12696,Procurement,Analyst,101,2018-01-08,134911.32
12697,Employee 12697,Operations,Supervisor,977,2017-04-20,152742.48
12698,Employee 12698,Sales,Coordinator,533,2015-03-26,132726.47
12699,Employee 12699,Finance,Executive,656,2015-11-14,125856.43
12700,Employee 12700,Procurement,Manager,45,2021-03-10,119517.58
12701,Employee 12701,Procurement,Associate,466,2019-08-11,86331.9
12702,Employee 12702,Warehouse,Analyst,260,2022-01-03,155391.44
12703,Employee 12703,Sales,Analyst,212,2017-06-02,128324.92
12704,Employee 12704,Finance,Coordinator,16,2015-11-09,38330.98
12705,Employee 12705,Operations,Supervisor,531,2017-09-21,27976.68
12706,Employee 12706,Operations,Supervisor,14,2018-08-11,120186.24
12707,Employee 12707,Sales,Analyst,577,2016-07-09,141579.32
12708,Employee 12708,Warehouse,Associate,373,2020-06-14,113274.65
12709,Employee 12709,Warehouse,Supervisor,360,2021-05-26,159967.57
12710,Employee 12710,Finance,Coordinator,110,2017-09-05,126499.94
12711,Employee 12711,Procurement,Associate,857,2016-05-27,146961.68
12712,Employee 12712,Operations,Coordinator,768,2023-03-21,51138.25
12713,Employee 12713,Warehouse,Manager,487,2022-04-10,0.0
12714,Employee 12714,Sales,Associate,40,2016-05-08,136542.06
12715,Employee 12715,finance,Coordinator,276,2016-01-08,34496.49
12716,Employee 12716,Logistics,Analyst,446,2018-02-24,105807.68
12717,Employee 12717,Operations,Coordinator,728,2019-06-10,121404.07
12718,Employee 12718,Sales,Supervisor,150,2017-03-12,164618.5
12719,Employee 12719,Finance,Associate,934,2015-08-18,46499.1
12720,Employee 12720,Logistics,Analyst,689,2020-01-02,108904.2
12721,Employee 12721,Finance,Coordinator,522,2016-04-26,116040.97
12722,Employee 12722,Logistics,Coordinator,32,2016-05-07,168426.49
12723,Employee 12723,Warehouse,Executive,875,2016-07-10,148179.07
12724,Employee 12724,Procurement,Supervisor,428,2018-08-27,149336.84
12725,Employee 12725,Procurement,Supervisor,212,2019-07-25,64051.31
12726,Employee 12726,Logistics,Executive,949,2021-02-04,100834.93
12727,Employee 12727,Logistics,Associate,446,2020-10-08,172142.05
12728,Employee 12728,Procurement,Executive,656,2020-05-03,97782.39
12729,Employee 12729,Sales,Executive,161,2022-10-16,168040.2
12730,Employee 12730,Finance,Associate,508,2022-07-02,60859.08
12731,Employee 12731,operations,Analyst,630,2017-06-09,142133.68
12732,Employee 12732,Sales,Analyst,147,2019-06-17,148282.83
12733,Employee 12733,Finance,Coordinator,476,2019-04-12,173622.54
12734,Employee 12734,Warehouse,Analyst,187,2018-08-02,124001.55
12735,Employee 12735,Finance,Supervisor,604,2018-09-17,119724.48
12736,Employee 12736,Procurement,Analyst,709,2020-10-28,125606.29
12737,Employee 12737,Finance,Coordinator,641,2022-10-27,60243.59
12738,Employee 12738,Logistics,Associate,350,2018-10-18,96655.24
12739,Employee 12739,Sales,Manager,354,2023-05-03,167341.97
12740,Employee 12740,Warehouse,Analyst,529,2019-08-19,30568.36
12741,Employee 12741,Warehouse,Associate,807,2022-03-22,87960.38
12742,Employee 12742,Warehouse,Executive,182,2022-11-17,43379.68
12743,Employee 12743,Operations,Coordinator,803,2019-07-24,83497.79
12744,Employee 12744,Logistics,Supervisor,905,2015-09-16,168508.69
12745,Employee 12745,Operations,Executive,521,2020-05-18,33613.58
12746,Employee 12746,Operations,Associate,918,2019-12-17,145703.01
12747,Employee 12747,Warehouse,Supervisor,502,2017-06-29,67185.6
12748,Employee 12748,Operations,Executive,960,2016-06-14,179746.02
12749,Employee 12749,Procurement,Executive,697,2023-02-13,98098.3
12750,Employee 12750,Sales,Associate,594,2015-05-07,30461.24
12751,Employee 12751,Warehouse,Executive,208,2021-04-15,18800.22
12752,Employee 12752,Procurement,Manager,214,2019-01-03,157890.17
12753,Employee 12753,Finance,Executive,294,2019-03-02,84647.16
12754,Employee 12754,Warehouse,Supervisor,878,2016-11-05,79480.19
12755,Employee 12755,Operations,Supervisor,230,2016-09-17,118433.5
12756,Employee 12756,Logistics,Coordinator,617,2017-01-24,101443.86
12757,Employee 12757,Operations,Supervisor,452,2022-06-14,132908.56
12758,Employee 12758,Sales,Coordinator,991,2020-06-14,27704.02
12759,Employee 12759,Procurement,Coordinator,432,2015-04-28,148001.42
12760,Employee 12760,Logistics,Supervisor,579,2023-01-27,164277.41
12761,Employee 12761,Sales,Analyst,472,2016-11-03,129925.56
12762,Employee 12762,Logistics,Associate,454,2015-11-16,126438.46
12763,Employee 12763,Logistics,Executive,78,2017-02-09,66103.58
12764,Employee 12764,Operations,Supervisor,562,2016-07-08,32537.26
12765,Employee 12765,Sales,Coordinator,972,2016-03-14,79194.98
12766,Employee 12766,Logistics,Associate,403,2015-08-31,69564.68
12767,Employee 12767,Operations,Associate,617,2017-12-16,37448.4
12768,Employee 12768,Sales,Analyst,426,2018-08-08,177279.43
12769,Employee 12769,Warehouse,Analyst,969,2023-09-05,50163.58
12770,Employee 12770,Warehouse,Associate,861,2020-09-14,145480.99
12771,Employee 12771,Procurement,Associate,200,2016-11-06,116094.44
12772,Employee 12772,Sales,Analyst,718,2017-07-03,63015.61
12773,Employee 12773,Sales,Manager,10,2020-09-28,131100.23
12774,Employee 12774,Operations,Executive,143,2021-07-14,153102.66
12775,Employee 12775,Operations,Coordinator,89,2023-12-23,98124.4
12776,Employee 12776,Operations,Analyst,694,2024-04-22,50965.38
12777,Employee 12777,Logistics,Manager,126,2023-11-11,131397.69
12778,Employee 12778,Procurement,Coordinator,402,2015-01-20,116876.82
12779,Employee 12779,Finance,Executive,168,2022-05-30,56796.27
12780,Employee 12780,Finance,Supervisor,23,2020-07-01,177418.1
12781,Employee 12781,Finance,Manager,368,2018-07-01,137321.36
12782,Employee 12782,Operations,Manager,830,2017-03-12,145088.87
12783,Employee 12783,Sales,Analyst,822,2022-04-23,72634.0
12784,Employee 12784,Operations,Supervisor,554,2015-06-30,59973.68
12785,Employee 12785,Logistics,Manager,585,2019-02-05,151451.8
12786,Employee 12786,Logistics,Analyst,290,2021-06-12,147500.4
12787,Employee 12787,Logistics,Associate,578,2018-04-12,176459.85
12788,Employee 12788,Sales,Supervisor,15,2016-12-28,173011.89
12789,Employee 12789,Sales,Analyst,730,2024-02-04,134657.75
12790,Employee 12790,Sales,Executive,166,2022-03-29,22461.11
12791,Employee 12791,Finance,Supervisor,375,2016-04-29,41281.06
12792,Employee 12792,Procurement,Manager,285,2017-09-16,108876.92
12793,Employee 12793,Logistics,Associate,865,2017-02-27,85567.3
12794,Employee 12794,Warehouse,Coordinator,621,2016-05-06,54131.39
12795,Employee 12795,Procurement,Manager,137,2018-09-19,32079.94
12796,Employee 12796,Sales,Executive,289,2015-12-13,62235.5
12797,Employee 12797,Operations,Supervisor,178,2023-07-05,122816.09
12798,Employee 12798,Sales,Supervisor,415,2021-09-25,47011.61
12799,Employee 12799,Sales,Analyst,132,2016-05-23,164719.89
12800,Employee 12800,Finance,Manager,387,2024-07-18,35237.89
12801,Employee 12801,Operations,Supervisor,103,2023-03-12,83115.12
12802,Employee 12802,operations,Associate,689,2024-03-10,145728.66
12803,Employee 12803,Finance,Analyst,2,2021-05-25,64392.84
12804,Employee 12804,Warehouse,Coordinator,134,2016-09-12,165792.47
12805,Employee 12805,Operations,Associate,137,2020-12-17,136543.36
12806,Employee 12806,Warehouse,Supervisor,120,2021-04-04,78609.39
12807,Employee 12807,Operations,Supervisor,720,2018-12-01,57830.99
12808,Employee 12808,Sales ,Analyst,488,2021-09-19,97409.08
12809,Employee 12809,Operations,Manager,161,2024-07-08,73261.23
12810,Employee 12810,Procurement,Executive,365,2020-04-06,115840.09
12811,Employee 12811,finance,Manager,155,2015-11-23,56164.03
12812,Employee 12812,Procurement,Associate,148,2017-07-15,77895.9
12813,Employee 12813,Sales,Coordinator,554,2020-04-03,21867.97
12814,Employee 12814,Logistics,Executive,37,2023-01-12,55708.65
12815,Employee 12815,Operations,Associate,331,2018-05-31,77777.89
12816,Employee 12816,Sales,Associate,198,2015-01-10,166553.47
12817,Employee 12817,Finance,Executive,976,2018-04-23,114141.38
12818,Employee 12818,Warehouse,Executive,947,2020-11-10,91519.23
12819,Employee 12819,Sales,Analyst,277,2021-01-28,94921.51
12820,Employee 12820,Procurement,Analyst,814,2018-12-27,83797.73
12821,Employee 12821,Procurement,Executive,685,2021-12-07,49244.44
12822,Employee 12822,Logistics,Analyst,837,2017-11-24,91400.72
12823,Employee 12823,Procurement,Executive,711,2019-11-29,93244.9
12824,Employee 12824,Sales,Coordinator,551,2018-08-19,170762.85
12825,Employee 12825,Logistics,Manager,366,2017-11-18,128774.89
12826,Employee 12826,Sales,Associate,282,2021-07-02,148734.85
12827,Employee 12827,Finance,Associate,303,2017-01-09,148704.8
12828,Employee 12828,Operations,Executive,632,2017-05-31,176426.7
12829,Employee 12829,Procurement,Analyst,685,2022-08-30,81259.19
12830,Employee 12830,Finance,Executive,260,2017-04-12,106927.26
12831,Employee 12831,Warehouse,Manager,80,2021-05-30,128990.87
12832,Employee 12832,Logistics,Analyst,654,2024-03-15,34036.62
12833,Employee 12833,Finance,Manager,461,2019-10-08,92787.7
12834,Employee 12834,Operations,Executive,710,2016-10-27,154559.37
12835,Employee 12835,Procurement,Manager,86,2017-07-09,125382.23
12836,Employee 12836,Sales,Coordinator,970,2018-03-01,26134.05
12837,Employee 12837,Operations,Coordinator,645,2018-02-20,47055.33
12838,Employee 12838,Operations,Coordinator,597,2019-05-24,135856.96
12839,Employee 12839,Procurement,Coordinator,328,2018-09-11,-10000.0
12840,Employee 12840,Operations,Coordinator,428,2019-01-17,41520.86
12841,Employee 12841,Finance,Analyst,820,2022-04-12,124794.64
12842,Employee 12842,Procurement,Associate,698,2017-07-19,44076.39
12843,Employee 12843,Procurement,Executive,807,2019-02-15,47918.24
12844,Employee 12844,Sales,Coordinator,131,2016-12-19,173479.66
12845,Employee 12845,Logistics,Coordinator,256,2017-12-21,139829.49
12846,Employee 12846,Operations,Executive,997,2017-07-19,69350.87
12847,Employee 12847,Finance,Coordinator,637,2023-02-19,93235.48
12848,Employee 12848,Logistics,Analyst,228,2015-04-17,138008.04
12849,Employee 12849,Finance,Supervisor,44,2021-07-02,70780.08
12850,Employee 12850,Warehouse,Analyst,883,2015-08-20,61371.11
12851,Employee 12851,Finance,Executive,234,2017-10-18,101010.16
12852,Employee 12852,Finance,Executive,324,2021-05-19,101817.03
12853,Employee 12853,Logistics,Supervisor,887,2016-02-23,94161.81
12854,Employee 12854,Warehouse,Supervisor,379,2017-12-01,144132.63
12855,Employee 12855,Finance,Executive,810,2018-08-04,104832.76
12856,Employee 12856,Warehouse,Coordinator,973,2019-06-05,44880.92
12857,Employee 12857,Operations,Analyst,426,2024-05-13,84372.73
12858,Employee 12858,Finance,Executive,158,2024-02-02,42340.09
12859,Employee 12859,Procurement,Coordinator,824,2017-01-27,44929.83
12860,Employee 12860,Warehouse,Associate,613,2015-12-18,141743.35
12861,Employee 12861,Finance,Manager,295,2019-09-02,102836.67
12862,Employee 12862,Warehouse,Manager,286,2015-08-10,168150.99
12863,Employee 12863,Warehouse,Executive,657,2017-03-22,168281.52
12864,Employee 12864,Warehouse,Manager,228,2016-07-09,27295.34
12865,Employee 12865,Logistics,Coordinator,162,2022-03-30,154217.65
12866,Employee 12866,Logistics,Manager,401,2020-11-20,38360.55
12867,Employee 12867,Sales,Coordinator,768,2020-09-01,135564.85
12868,Employee 12868,Operations,Analyst,362,2015-11-02,174576.68
12869,Employee 12869,Operations,Coordinator,786,2019-09-14,59250.87
12870,Employee 12870,Finance,Supervisor,823,2016-03-21,91032.95
12871,Employee 12871,Operations,Executive,436,2017-04-01,53022.34
12872,Employee 12872,Operations,Coordinator,480,2019-06-28,126332.5
12873,Employee 12873,Procurement,Associate,537,2023-04-09,64069.09
12874,Employee 12874,Finance ,Executive,462,2021-09-12,42005.2
12875,Employee 12875,Operations,Manager,903,2019-11-13,176667.29
12876,Employee 12876,finance,Manager,518,2017-08-04,71350.05
12877,Employee 12877,Warehouse,Coordinator,328,2016-10-14,71344.2
12878,Employee 12878,Finance,Associate,927,2015-11-06,49530.89
12879,Employee 12879,Procurement,Supervisor,783,2016-04-22,31635.14
12880,Employee 12880,Operations,Executive,526,2015-02-01,108671.86
12881,Employee 12881,Procurement,Manager,371,2017-04-13,22737.23
12882,Employee 12882,Operations,Executive,206,2024-07-30,125494.85
12883,Employee 12883,Warehouse,Supervisor,556,2018-11-22,54386.6
12884,Employee 12884,Logistics,Supervisor,798,2020-03-30,0.0
12885,Employee 12885,Logistics,Manager,317,2020-05-13,46643.95
12886,Employee 12886,Finance,Coordinator,261,2018-11-10,25667.14
12887,Employee 12887,Logistics,Analyst,972,2016-10-06,92864.13
12888,Employee 12888,Procurement,Executive,740,2023-11-24,69809.28
12889,Employee 12889,Procurement,Analyst,951,2021-09-10,124585.21
12890,Employee 12890,Finance ,Manager,818,2021-11-09,65901.76
12891,Employee 12891,Sales,Supervisor,423,2020-07-31,106305.84
12892,Employee 12892,Procurement,Executive,74,2018-07-05,21032.25
12893,Employee 12893,Finance,Coordinator,410,2020-11-18,143114.53
12894,Employee 12894,Sales,Manager,479,2015-10-25,166788.68
12895,Employee 12895,Sales,Associate,687,2018-04-04,59876.2
12896,Employee 12896,Operations,Executive,122,2024-01-16,49513.62
12897,Employee 12897,Procurement,Executive,696,2018-03-01,170717.77
12898,Employee 12898,Warehouse,Analyst,237,2020-06-01,41557.0
12899,Employee 12899,Logistics,Analyst,607,2023-10-08,113387.16
12900,Employee 12900,Finance,Executive,777,2019-12-12,35497.51
12901,Employee 12901,Operations,Manager,568,2015-06-19,22203.42
12902,Employee 12902,Logistics,Analyst,413,2023-01-05,22887.21
12903,Employee 12903,Operations,Coordinator,710,2017-06-11,82474.67
12904,Employee 12904,Procurement,Coordinator,133,2017-07-25,157880.23
12905,Employee 12905,Logistics,Executive,211,2020-06-16,50264.24
12906,Employee 12906,Warehouse,Manager,447,2019-05-05,149176.82
12907,Employee 12907,Warehouse,Manager,387,2023-05-07,170102.4
12908,Employee 12908,Procurement,Executive,114,2024-05-08,49794.35
12909,Employee 12909,Warehouse,Associate,604,2023-07-09,82557.79
12910,Employee 12910,Procurement,Analyst,215,2021-10-11,106093.91
12911,Employee 12911,Warehouse,Associate,520,2024-04-07,40986.97
12912,Employee 12912,Procurement,Supervisor,438,2022-09-03,26108.56
12913,Employee 12913,Finance,Coordinator,764,2018-09-09,116353.64
12914,Employee 12914,Operations,Supervisor,902,2021-08-05,101297.52
12915,Employee 12915,Logistics,Analyst,656,2022-06-20,174848.47
12916,Employee 12916,Finance,Executive,600,2019-03-26,22567.57
12917,Employee 12917,Logistics,Supervisor,799,2018-10-27,177978.98
12918,Employee 12918,Logistics,Analyst,565,2020-11-01,145613.0
12919,Employee 12919,Sales,Analyst,851,2015-08-04,59666.14
12920,Employee 12920,Operations,Coordinator,654,2022-11-02,155915.04
12921,Employee 12921,Sales,Executive,15,2020-11-09,79394.78
12922,Employee 12922,Logistics,Coordinator,452,2020-08-20,172566.11
12923,Employee 12923,Warehouse,Analyst,88,2021-12-21,56109.69
12924,Employee 12924,Warehouse,Executive,407,2022-09-11,23322.55
12925,Employee 12925,Sales,Analyst,839,2022-07-26,177984.76
12926,Employee 12926,Procurement,Associate,353,2019-07-08,165298.73
12927,Employee 12927,Warehouse,Associate,874,2019-02-28,44134.75
12928,Employee 12928,Warehouse,Supervisor,411,2022-10-12,74205.6
12929,Employee 12929,Logistics,Associate,691,2016-04-23,100871.08
12930,Employee 12930,Warehouse,Manager,626,2015-03-22,89977.49
12931,Employee 12931,,Manager,308,2017-05-23,118062.95
12932,Employee 12932,Sales,Supervisor,982,2024-03-25,18403.06
12933,Employee 12933,Logistics,Associate,736,2019-12-21,158329.95
12934,Employee 12934,procurement,Coordinator,952,2016-10-26,106637.58
12935,Employee 12935,Operations,Coordinator,715,2022-06-07,21678.23
12936,Employee 12936,Sales,Supervisor,428,2017-06-03,92106.3
12937,Employee 12937,Procurement,Supervisor,823,2020-04-02,171111.65
12938,Employee 12938,Warehouse,Analyst,896,2015-02-08,125226.27
12939,Employee 12939,Procurement,Analyst,226,2019-10-10,97399.04
12940,Employee 12940,Warehouse,Associate,759,2018-10-22,60508.96
12941,Employee 12941,Sales,Executive,87,2022-01-17,158419.17
12942,Employee 12942,Logistics,Associate,393,2023-10-29,128781.07
12943,Employee 12943,Operations,Executive,381,2021-03-17,106183.95
12944,Employee 12944,Procurement,Associate,235,2016-10-19,87801.09
12945,Employee 12945,Finance,Associate,160,2018-09-13,82295.53
12946,Employee 12946,Procurement,Executive,434,2022-02-09,98596.13
12947,Employee 12947,Procurement,Supervisor,516,2018-04-27,98148.4
12948,Employee 12948,Procurement,Associate,245,2023-09-23,171935.83
12949,Employee 12949,Procurement,Executive,141,2018-01-31,36436.79
12950,Employee 12950,Sales,Coordinator,348,2015-05-23,104413.25
12951,Employee 12951,Procurement,Executive,687,2021-05-31,38079.97
12952,Employee 12952,Procurement,Manager,729,2015-09-21,18063.83
12953,Employee 12953,Finance,Coordinator,47,2015-01-07,131128.57
12954,Employee 12954,Sales,Coordinator,161,2021-03-05,64165.37
12955,Employee 12955,Finance,Analyst,528,2022-08-22,78774.38
12956,Employee 12956,Procurement,Associate,723,2015-02-19,174777.05
12957,Employee 12957,,Analyst,588,2018-09-30,105273.16
12958,Employee 12958,Operations,Supervisor,330,2018-06-08,58570.86
12959,Employee 12959,warehouse,Manager,95,2015-01-31,39527.06
12960,Employee 12960,Finance ,Executive,626,2015-03-25,135615.78
12961,Employee 12961,,Associate,183,2017-12-15,177264.81
12962,Employee 12962,Warehouse,Manager,627,2015-08-31,71286.28
12963,Employee 12963,Finance,Associate,221,2019-10-09,55948.87
12964,Employee 12964,Logistics,Analyst,25,2019-01-14,65065.12
12965,Employee 12965,Finance,Supervisor,745,2016-09-07,153908.36
12966,Employee 12966,Finance,Executive,28,2019-10-17,134813.13
12967,Employee 12967,Logistics,Associate,8,2019-05-05,159901.68
12968,Employee 12968,Finance,Coordinator,401,2020-02-04,125260.69
12969,Employee 12969,Logistics,Supervisor,172,2017-06-17,166545.28
12970,Employee 12970,Warehouse,Supervisor,153,2019-10-14,118215.67
12971,Employee 12971,Logistics,Analyst,597,2024-01-31,66204.37
12972,Employee 12972,Procurement,Analyst,753,2018-12-06,125093.41
12973,Employee 12973,Sales,Analyst,176,2021-10-31,35120.4
12974,Employee 12974,Finance,Coordinator,629,2024-04-19,52098.03
12975,Employee 12975,Procurement,Manager,9,2016-04-28,152448.46
12976,Employee 12976,Finance,Manager,259,2021-01-14,106349.56
12977,Employee 12977,Procurement,Supervisor,102,2023-09-16,0.0
12978,Employee 12978,Procurement,Supervisor,933,2020-03-08,65293.04
12979,Employee 12979,Sales,Coordinator,14,2019-04-24,107713.13
12980,Employee 12980,Sales,Coordinator,698,2020-01-15,148924.11
12981,Employee 12981,Logistics,Supervisor,325,2017-03-10,143164.77
12982,Employee 12982,Finance,Associate,303,2023-07-18,153000.06
12983,Employee 12983,Finance,Coordinator,710,2018-10-31,61278.29
12984,Employee 12984,Sales,Coordinator,959,2015-11-29,55930.09
12985,Employee 12985,Warehouse,Manager,577,2018-10-13,52628.53
12986,Employee 12986,Procurement,Associate,306,2017-12-14,158727.34
12987,Employee 12987,Procurement,Executive,811,2021-12-14,82391.97
12988,Employee 12988,Finance,Manager,881,2022-08-31,39857.08
12989,Employee 12989,Finance,Analyst,886,2015-12-13,158378.54
12990,Employee 12990,Warehouse,Analyst,385,2018-06-13,135381.52
12991,Employee 12991,Operations,Executive,244,2016-08-30,130015.12
12992,Employee 12992,Finance,Analyst,43,2019-09-20,54684.99
12993,Employee 12993,Logistics,Analyst,998,2020-11-20,69799.67
12994,Employee 12994,Procurement,Associate,392,2017-08-02,88347.35
12995,Employee 12995,Sales,Analyst,663,2020-07-08,138545.18
12996,Employee 12996,Logistics,Executive,724,2015-03-12,92010.2
12997,Employee 12997,Procurement,Coordinator,29,2020-08-09,132963.37
12998,Employee 12998,Sales,Associate,468,2024-05-05,77638.86
12999,Employee 12999,Procurement,Analyst,676,2024-05-07,69844.53
13000,Employee 13000,Warehouse,Coordinator,617,2023-02-16,76303.14
13001,Employee 13001,Operations,Supervisor,811,2020-03-06,23197.89
13002,Employee 13002,Sales,Analyst,68,2024-07-05,161407.29
13003,Employee 13003,Logistics ,Manager,913,2022-12-25,79059.33
13004,Employee 13004,Logistics,Coordinator,357,2017-08-01,58034.05
13005,Employee 13005,Sales,Analyst,799,2021-02-26,154126.99
13006,Employee 13006,Procurement,Analyst,429,2022-07-29,26442.61
13007,Employee 13007,Warehouse,Coordinator,963,2017-04-11,29147.29
13008,Employee 13008,Procurement,Manager,950,2022-06-04,53377.41
13009,Employee 13009,Warehouse,Executive,263,2021-03-24,67310.14
13010,Employee 13010,Sales,Manager,676,2019-10-10,158969.54
13011,Employee 13011,Logistics,Coordinator,626,2023-12-14,63360.26
13012,Employee 13012,Procurement,Coordinator,637,2020-04-06,119730.55
13013,Employee 13013,Logistics,Executive,464,2018-05-21,84503.64
13014,Employee 13014,Sales,Analyst,725,2015-09-20,173851.61
13015,Employee 13015,Finance,Coordinator,918,2017-04-16,152995.32
13016,Employee 13016,Sales,Associate,915,2022-01-17,123538.14
13017,Employee 13017,Procurement,Manager,151,2023-12-30,98134.97
13018,Employee 13018,Warehouse,Supervisor,614,2015-02-11,124936.16
13019,Employee 13019,Operations,Coordinator,699,2020-01-02,107376.37
13020,Employee 13020,Sales,Executive,768,2018-05-04,74960.22
13021,Employee 13021,Warehouse,Analyst,234,2020-09-10,171775.23
13022,Employee 13022,Operations,Coordinator,384,2023-03-04,123686.49
13023,Employee 13023,Operations,Coordinator,215,2015-08-10,157572.18
13024,Employee 13024,Operations,Executive,122,2017-07-09,167644.44
13025,Employee 13025,Operations,Manager,279,2018-03-15,159813.89
13026,Employee 13026,Procurement,Coordinator,804,2016-12-22,69217.15
13027,Employee 13027,Warehouse,Coordinator,241,2022-01-13,140793.08
13028,Employee 13028,Warehouse,Executive,860,2022-10-09,70824.07
13029,Employee 13029,Warehouse,Supervisor,994,2018-02-06,37660.67
13030,Employee 13030,Operations,Analyst,422,2022-07-02,52705.7
13031,Employee 13031,Procurement,Associate,254,2019-05-20,144164.96
13032,Employee 13032,Procurement,Executive,266,2019-11-24,43290.71
13033,Employee 13033,Finance,Supervisor,423,2020-09-22,120789.47
13034,Employee 13034,Procurement,Associate,292,2019-02-07,144193.44
13035,Employee 13035,Finance,Analyst,992,2015-11-05,134382.27
13036,Employee 13036,,Executive,961,2015-09-11,41413.02
13037,Employee 13037,Warehouse,Executive,979,2017-07-03,160427.63
13038,Employee 13038,Finance,Coordinator,23,2018-01-30,60483.08
13039,Employee 13039,Logistics,Manager,197,2024-03-16,75040.0
13040,Employee 13040,Sales,Executive,783,2016-05-28,134681.31
13041,Employee 13041,Warehouse,Coordinator,746,2021-11-14,62125.51
13042,Employee 13042,finance,Analyst,487,2021-01-21,48799.87
13043,Employee 13043,Sales,Manager,724,2019-10-09,31085.64
13044,Employee 13044,operations,Supervisor,969,2020-12-17,98056.47
13045,Employee 13045,Finance,Coordinator,671,2019-06-22,42033.63
13046,Employee 13046,Operations,Supervisor,410,2021-07-23,85830.52
13047,Employee 13047,Warehouse,Supervisor,693,2020-04-19,20004.95
13048,Employee 13048,Logistics,Supervisor,391,2021-02-15,52909.78
13049,Employee 13049,Procurement,Analyst,270,2018-07-28,74967.82
13050,Employee 13050,Sales,Supervisor,212,2016-01-15,133362.28
13051,Employee 13051,Warehouse,Supervisor,503,2021-07-03,41188.48
13052,Employee 13052,Finance,Analyst,714,2016-02-07,123031.02
13053,Employee 13053,Finance,Executive,641,2015-09-20,37560.59
13054,Employee 13054,Logistics,Coordinator,475,2023-07-21,138236.22
13055,Employee 13055,Logistics,Analyst,207,2017-04-19,61797.55
13056,Employee 13056,Warehouse,Analyst,1,2016-04-20,102230.56
13057,Employee 13057,Finance,Manager,543,2019-12-26,52094.82
13058,Employee 13058,Procurement,Manager,661,2023-06-06,157441.54
13059,Employee 13059,Finance,Executive,421,2020-08-18,26177.4
13060,Employee 13060,Logistics,Analyst,904,2017-10-11,23542.57
13061,Employee 13061,Operations,Analyst,256,2023-06-18,149068.08
13062,Employee 13062,Operations,Analyst,696,2017-10-22,42098.29
13063,Employee 13063,Sales,Coordinator,528,2020-02-01,126841.81
13064,Employee 13064,Finance,Manager,153,2020-11-24,177045.84
13065,Employee 13065,Warehouse,Associate,324,2021-09-26,39532.39
13066,Employee 13066,Finance,Associate,419,2019-11-26,151493.99
13067,Employee 13067,Logistics,Coordinator,756,2020-09-25,177416.06
13068,Employee 13068,Procurement,Analyst,66,2023-07-23,28101.36
13069,Employee 13069,Operations,Analyst,547,2018-08-19,154679.22
13070,Employee 13070,Procurement,Executive,695,2022-02-12,21290.82
13071,Employee 13071,Operations,Executive,737,2021-01-03,60201.43
13072,Employee 13072,Warehouse,Coordinator,685,2015-08-01,115356.7
13073,Employee 13073,Operations,Executive,979,2018-07-22,110273.46
13074,Employee 13074,Warehouse,Executive,333,2016-05-15,136380.75
13075,Employee 13075,Logistics,Manager,342,2024-05-26,22967.68
13076,Employee 13076,Sales,Manager,843,2017-01-01,96321.43
13077,Employee 13077,Sales,Analyst,107,2023-12-29,58653.8
13078,Employee 13078,Finance,Supervisor,271,2024-07-14,97008.41
13079,Employee 13079,Warehouse,Supervisor,925,2021-10-13,123447.69
13080,Employee 13080,Sales,Analyst,566,2022-03-15,112862.65
13081,Employee 13081,Operations,Associate,942,2017-10-04,120972.57
13082,Employee 13082,Procurement,Coordinator,439,2018-08-15,144737.13
13083,Employee 13083,Operations ,Coordinator,577,2020-08-12,132524.84
13084,Employee 13084,Procurement,Supervisor,822,2022-03-27,28955.39
13085,Employee 13085,Warehouse,Manager,873,2016-01-24,79655.48
13086,Employee 13086,Warehouse,Analyst,367,2022-09-24,116280.07
13087,Employee 13087,Procurement,Supervisor,149,2023-01-21,163412.45
13088,Employee 13088,Logistics,Manager,960,2021-08-04,165862.02
13089,Employee 13089,Warehouse,Analyst,119,2021-03-01,51354.36
13090,Employee 13090,Logistics,Associate,459,2019-02-11,129676.59
13091,Employee 13091,Warehouse ,Associate,989,2016-05-15,137737.54
13092,Employee 13092,Operations,Executive,944,2023-11-05,55458.83
13093,Employee 13093,Warehouse,Associate,467,2015-09-06,32154.46
13094,Employee 13094,Warehouse,Coordinator,145,2017-09-11,57790.67
13095,Employee 13095,,Associate,316,2016-04-07,32894.38
13096,Employee 13096,Sales,Coordinator,954,2019-06-29,24774.08
13097,Employee 13097,Finance,Associate,523,2021-01-05,125969.01
13098,Employee 13098,Logistics,Executive,881,2016-10-21,96602.91
13099,Employee 13099,Procurement,Analyst,929,2018-04-02,90907.09
13100,Employee 13100,Procurement,Coordinator,491,2016-02-15,120853.18
13101,Employee 13101,Sales,Supervisor,813,2022-08-01,146060.48
13102,Employee 13102,Procurement,Manager,916,2018-05-29,125014.16
13103,Employee 13103,Operations,Executive,7,2018-10-20,147778.48
13104,Employee 13104,Operations,Supervisor,391,2022-11-13,38600.59
13105,Employee 13105,Operations,Supervisor,168,2018-10-17,162366.14
13106,Employee 13106,Sales,Associate,368,2020-02-13,84213.48
13107,Employee 13107,Procurement,Analyst,249,2018-12-01,84591.93
13108,Employee 13108,Finance,Manager,657,2015-06-06,102319.7
13109,Employee 13109,Logistics,Supervisor,308,2024-05-27,148749.33
13110,Employee 13110,operations,Analyst,562,2022-05-07,57052.09
13111,Employee 13111,Finance,Supervisor,43,2018-06-25,163411.83
13112,Employee 13112,Procurement,Coordinator,683,2020-06-30,85238.49
13113,Employee 13113,Logistics,Coordinator,797,2015-01-11,46454.82
13114,Employee 13114,Finance,Analyst,643,2019-08-08,97990.44
13115,Employee 13115,Logistics,Supervisor,428,2017-11-19,84844.29
13116,Employee 13116,Finance,Associate,848,2020-06-09,66126.01
13117,Employee 13117,Finance,Executive,999,2024-05-25,160365.75
13118,Employee 13118,Sales,Coordinator,718,2015-02-16,39164.51
13119,Employee 13119,Operations,Executive,729,2024-06-16,58208.41
13120,Employee 13120,Finance,Manager,458,2019-03-10,145409.33
13121,Employee 13121,Finance,Executive,209,2015-01-08,93302.15
13122,Employee 13122,Sales,Supervisor,444,2022-03-24,74125.01
13123,Employee 13123,Procurement,Associate,741,2024-02-10,32258.22
13124,Employee 13124,Logistics,Associate,561,2023-07-29,153498.65
13125,Employee 13125,Procurement,Analyst,782,2023-06-08,47818.43
13126,Employee 13126,Procurement,Manager,118,2019-07-28,113651.27
13127,Employee 13127,Sales,Manager,697,2023-07-19,58560.65
13128,Employee 13128,Sales,Executive,459,2018-09-30,92038.34
13129,Employee 13129,Sales,Analyst,238,2021-11-17,103755.19
13130,Employee 13130,Logistics,Coordinator,341,2020-06-17,91378.53
13131,Employee 13131,Operations,Executive,776,2019-09-16,87227.28
13132,Employee 13132,Sales,Coordinator,724,2024-05-27,48700.63
13133,Employee 13133,Procurement,Manager,366,2022-02-24,168600.73
13134,Employee 13134,Sales,Coordinator,826,2018-02-25,27264.49
13135,Employee 13135,Sales,Supervisor,841,2024-03-07,50507.9
13136,Employee 13136,Finance,Coordinator,808,2019-02-15,50198.58
13137,Employee 13137,Operations,Executive,231,2015-09-27,160068.31
13138,Employee 13138,Procurement,Coordinator,913,2021-12-02,116434.38
13139,Employee 13139,Sales,Manager,720,2018-01-27,150522.33
13140,Employee 13140,Operations,Manager,234,2021-04-17,131658.98
13141,Employee 13141,Finance,Analyst,499,2017-11-10,57463.31
13142,Employee 13142,Warehouse,Associate,370,2024-03-05,97478.53
13143,Employee 13143,Warehouse,Executive,662,2023-07-14,145907.33
13144,Employee 13144,Logistics,Associate,902,2020-08-06,39458.2
13145,Employee 13145,Procurement,Supervisor,625,2019-08-06,155715.14
13146,Employee 13146,Finance,Associate,410,2019-01-13,38457.9
13147,Employee 13147,Operations,Supervisor,932,2019-05-03,64947.91
13148,Employee 13148,Finance,Analyst,334,2022-04-29,115092.94
13149,Employee 13149,Finance,Associate,299,2017-11-28,91532.12
13150,Employee 13150,Procurement,Executive,602,2020-06-27,129454.46
13151,Employee 13151,Sales,Analyst,846,2018-04-14,169840.82
13152,Employee 13152,Operations,Supervisor,339,2022-04-03,96944.51
13153,Employee 13153,Sales,Executive,380,2018-09-27,91582.6
13154,Employee 13154,Finance,Supervisor,327,2020-08-21,81911.07
13155,Employee 13155,Operations,Executive,923,2021-08-14,77281.25
13156,Employee 13156,Procurement,Manager,595,2023-05-12,85618.34
13157,Employee 13157,Procurement,Manager,601,2021-11-22,50547.3
13158,Employee 13158,Warehouse ,Executive,714,2019-08-21,66006.21
13159,Employee 13159,Operations,Manager,674,2019-11-20,160189.37
13160,Employee 13160,Operations,Analyst,90,2022-03-08,68743.21
13161,Employee 13161,Procurement,Supervisor,630,2020-12-05,165463.61
13162,Employee 13162,Logistics,Associate,893,2022-09-24,83125.35
13163,Employee 13163,Warehouse,Supervisor,170,2022-11-09,51217.31
13164,Employee 13164,Procurement,Coordinator,841,2017-06-18,54179.78
13165,Employee 13165,Warehouse,Supervisor,941,2020-06-13,60154.25
13166,Employee 13166,Warehouse,Manager,787,2016-12-28,41597.66
13167,Employee 13167,Finance,Associate,94,2015-04-29,164385.22
13168,Employee 13168,Finance,Executive,140,2019-10-28,49975.29
13169,Employee 13169,Procurement,Associate,228,2015-01-11,61450.93
13170,Employee 13170,Procurement,Supervisor,185,2024-06-20,52627.27
13171,Employee 13171,Procurement,Manager,486,2023-09-04,80571.31
13172,Employee 13172,Procurement,Coordinator,447,2019-07-30,100620.06
13173,Employee 13173,Operations,Associate,547,2017-05-04,134552.08
13174,Employee 13174,Sales,Supervisor,454,2020-09-27,83130.66
13175,Employee 13175,Finance,Analyst,613,2021-08-28,39303.47
13176,Employee 13176,Finance,Supervisor,575,2020-07-16,25737.76
13177,Employee 13177,Finance,Executive,842,2015-05-16,62903.33
13178,Employee 13178,Warehouse,Manager,259,2020-01-28,57799.3
13179,Employee 13179,Procurement,Associate,387,2021-05-14,77831.58
13180,Employee 13180,Logistics,Supervisor,991,2021-04-25,159679.24
13181,Employee 13181,Operations,Manager,213,2015-10-18,26163.77
13182,Employee 13182,Logistics ,Executive,837,2018-07-06,19615.59
13183,Employee 13183,Operations,Manager,632,2017-02-20,118522.45
13184,Employee 13184,Procurement,Executive,395,2023-06-15,165734.4
13185,Employee 13185,Warehouse,Executive,865,2015-06-19,94130.01
13186,Employee 13186,Procurement,Supervisor,336,2020-09-15,160670.49
13187,Employee 13187,Warehouse,Analyst,925,2020-11-16,73115.25
13188,Employee 13188,Operations,Analyst,277,2019-01-02,33957.99
13189,Employee 13189,Procurement,Coordinator,19,2018-07-12,153694.3
13190,Employee 13190,Finance,Associate,449,2019-08-28,73973.6
13191,Employee 13191,Logistics,Supervisor,81,2016-11-22,119056.59
13192,Employee 13192,Finance,Associate,271,2023-03-02,86935.66
13193,Employee 13193,Sales,Analyst,989,2018-07-12,156816.06
13194,Employee 13194,Warehouse,Analyst,119,2023-08-04,77588.21
13195,Employee 13195,Operations,Associate,37,2015-05-22,135762.6
13196,Employee 13196,Procurement,Coordinator,790,2017-11-25,126659.54
13197,Employee 13197,Sales,Executive,863,2019-03-21,97980.68
13198,Employee 13198,Sales,Supervisor,574,2017-04-24,108255.05
13199,Employee 13199,Finance,Coordinator,735,2015-05-20,105660.95
13200,Employee 13200,Finance,Supervisor,861,2020-03-18,175541.19
13201,Employee 13201,Procurement,Executive,792,2018-09-02,135736.99
13202,Employee 13202,Procurement,Coordinator,285,2024-05-01,130873.41
13203,Employee 13203,Warehouse,Coordinator,379,2015-05-26,46996.94
13204,Employee 13204,Finance,Analyst,967,2017-06-22,174908.54
13205,Employee 13205,Operations,Associate,51,2017-12-28,57602.72
13206,Employee 13206,Finance,Coordinator,852,2015-02-17,80594.66
13207,Employee 13207,Operations,Executive,55,2015-04-28,141457.92
13208,Employee 13208,Warehouse,Coordinator,14,2020-12-25,43999.6
13209,Employee 13209,Operations,Manager,340,2017-11-12,88288.63
13210,Employee 13210,Procurement,Supervisor,332,2017-06-02,57913.74
13211,Employee 13211,Logistics,Executive,713,2020-07-21,26718.49
13212,Employee 13212,Logistics,Supervisor,977,2018-02-05,62965.17
13213,Employee 13213,Procurement,Associate,431,2022-03-24,156175.19
13214,Employee 13214,,Associate,394,2015-10-15,85259.5
13215,Employee 13215,Finance,Supervisor,755,2020-04-10,19480.46
13216,Employee 13216,Warehouse ,Supervisor,499,2016-10-08,153066.89
13217,Employee 13217,Procurement,Supervisor,462,2022-07-02,175186.73
13218,Employee 13218,Warehouse,Coordinator,563,2023-12-25,74674.27
13219,Employee 13219,Procurement,Executive,208,2017-06-29,87427.5
13220,Employee 13220,Logistics,Associate,241,2021-02-15,140147.85
13221,Employee 13221,Sales,Manager,431,2017-03-24,111515.92
13222,Employee 13222,Logistics,Supervisor,589,2020-10-03,25201.68
13223,Employee 13223,Procurement,Associate,488,2022-11-28,79543.46
13224,Employee 13224,Sales,Coordinator,359,2021-04-14,104008.46
13225,Employee 13225,Procurement,Associate,296,2019-06-30,168756.06
13226,Employee 13226,Warehouse,Manager,440,2020-10-02,146011.78
13227,Employee 13227,Finance,Supervisor,275,2016-06-24,48717.71
13228,Employee 13228,Sales,Manager,329,2015-04-02,137971.4
13229,Employee 13229,Sales,Associate,672,2023-09-19,81713.94
13230,Employee 13230,Finance,Supervisor,886,2020-09-27,56888.94
13231,Employee 13231,Procurement,Supervisor,433,2015-12-25,98044.77
13232,Employee 13232,Finance,Analyst,794,2017-02-01,167905.23
13233,Employee 13233,Warehouse,Supervisor,279,2018-06-04,144412.6
13234,Employee 13234,Finance,Associate,813,2019-05-03,177765.48
13235,Employee 13235,Procurement,Coordinator,327,2017-02-08,39474.07
13236,Employee 13236,Operations,Supervisor,106,2016-05-20,76238.32
13237,Employee 13237,Warehouse,Coordinator,333,2021-06-04,33161.63
13238,Employee 13238,Logistics,Analyst,853,2021-08-14,71223.65
13239,Employee 13239,Logistics,Manager,616,2019-03-20,169732.04
13240,Employee 13240,Sales,Supervisor,241,2019-07-13,109543.84
13241,Employee 13241,Operations,Manager,455,2021-03-14,19121.47
13242,Employee 13242,Finance,Supervisor,370,2019-01-18,40358.17
13243,Employee 13243,,Analyst,222,2016-03-11,93423.52
13244,Employee 13244,Finance,Coordinator,619,2023-07-09,36410.12
13245,Employee 13245,Sales,Associate,713,2016-06-07,99282.79
13246,Employee 13246,Operations,Supervisor,835,2015-03-01,128039.92
13247,Employee 13247,Operations,Executive,250,2018-01-18,169615.77
13248,Employee 13248,warehouse,Supervisor,55,2022-09-11,58838.61
13249,Employee 13249,Finance,Manager,155,2016-01-14,125377.68
13250,Employee 13250,Procurement,Executive,274,2021-06-20,23940.03
13251,Employee 13251,Warehouse,Supervisor,700,2020-12-08,116916.01
13252,Employee 13252,Finance,Supervisor,366,2024-06-20,110853.45
13253,Employee 13253,Operations,Supervisor,665,2018-03-31,150065.12
13254,Employee 13254,Procurement,Coordinator,138,2020-06-07,145093.27
13255,Employee 13255,Procurement,Executive,690,2023-08-04,33653.24
13256,Employee 13256,Warehouse,Supervisor,331,2020-02-29,40922.37
13257,Employee 13257,Procurement,Executive,545,2021-11-30,60803.03
13258,Employee 13258,Operations,Manager,915,2018-05-20,62963.09
13259,Employee 13259,Warehouse,Coordinator,29,2021-12-27,60083.94
13260,Employee 13260,Operations,Associate,673,2019-12-24,130902.58
13261,Employee 13261,Operations,Manager,70,2018-06-10,72248.89
13262,Employee 13262,Logistics,Associate,756,2020-02-09,141652.45
13263,Employee 13263,Warehouse,Supervisor,593,2019-02-05,95081.55
13264,Employee 13264,Operations,Coordinator,495,2019-10-16,148455.02
13265,Employee 13265,Warehouse,Executive,575,2019-06-22,157952.97
13266,Employee 13266,Operations,Associate,444,2019-08-29,134530.85
13267,Employee 13267,Logistics,Supervisor,574,2021-11-07,18893.19
13268,Employee 13268,Sales,Executive,52,2019-11-04,75765.22
13269,Employee 13269,Sales,Supervisor,241,2016-06-20,109276.86
13270,Employee 13270,Finance,Supervisor,340,2019-01-20,114154.97
13271,Employee 13271,Procurement,Associate,664,2015-01-17,37924.78
13272,Employee 13272,Warehouse,Supervisor,429,2020-03-18,26990.8
13273,Employee 13273,Operations,Manager,358,2023-07-26,75560.52
13274,Employee 13274,Sales,Analyst,899,2023-10-29,100876.95
13275,Employee 13275,Finance,Associate,987,2015-07-14,29416.46
13276,Employee 13276,Sales,Manager,527,2017-04-20,19515.6
13277,Employee 13277,Logistics,Executive,873,2015-01-20,19489.86
13278,Employee 13278,Logistics,Associate,230,2023-08-25,45500.36
13279,Employee 13279,finance,Associate,819,2018-04-23,169692.32
13280,Employee 13280,Warehouse,Coordinator,64,2017-08-03,92636.89
13281,Employee 13281,Sales,Executive,829,2017-09-28,52555.25
13282,Employee 13282,Procurement,Supervisor,740,2022-11-04,89099.35
13283,Employee 13283,Procurement,Associate,824,2023-10-24,31197.25
13284,Employee 13284,Procurement,Coordinator,839,2015-04-15,84502.19
13285,Employee 13285,Sales,Coordinator,335,2016-09-20,179184.21
13286,Employee 13286,Finance,Manager,831,2019-05-26,86503.62
13287,Employee 13287,Sales,Manager,392,2016-02-10,24867.17
13288,Employee 13288,Operations,Supervisor,616,2023-05-03,162225.15
13289,Employee 13289,Procurement,Executive,940,2018-06-08,108124.9
13290,Employee 13290,Procurement,Analyst,290,2021-12-10,75750.24
13291,Employee 13291,Sales,Analyst,917,2016-11-20,129295.65
13292,Employee 13292,Operations,Associate,352,2023-12-22,82186.34
13293,Employee 13293,Finance,Supervisor,430,2016-05-10,34702.36
13294,Employee 13294,Finance,Associate,236,2024-06-12,146668.49
13295,Employee 13295,Operations,Executive,913,2016-06-02,172193.18
13296,Employee 13296,Procurement,Analyst,914,2020-11-07,133587.12
13297,Employee 13297,Logistics,Analyst,254,2019-06-07,39779.14
13298,Employee 13298,warehouse,Supervisor,890,2019-08-01,95520.66
13299,Employee 13299,Warehouse,Supervisor,334,2023-04-04,64716.85
13300,Employee 13300,Operations,Associate,438,2016-12-14,136581.95
13301,Employee 13301,Operations,Manager,187,2022-09-24,168398.42
13302,Employee 13302,Warehouse ,Supervisor,81,2017-03-16,160214.31
13303,Employee 13303,Procurement,Supervisor,214,2018-08-02,134715.41
13304,Employee 13304,Logistics,Coordinator,956,2021-03-26,51370.42
13305,Employee 13305,Procurement ,Supervisor,504,2020-11-23,167696.43
13306,Employee 13306,Finance,Coordinator,526,2015-09-12,178927.08
13307,Employee 13307,Operations,Analyst,216,2021-04-08,131435.56
13308,Employee 13308,Finance,Associate,256,2017-09-05,154439.29
13309,Employee 13309,Procurement,Executive,660,2023-02-28,152817.15
13310,Employee 13310,Finance,Manager,5,2019-03-03,24475.48
13311,Employee 13311,Logistics,Manager,298,2016-04-03,114942.44
13312,Employee 13312,Sales,Analyst,32,2024-01-14,44419.93
13313,Employee 13313,Operations,Analyst,557,2023-11-08,93802.63
13314,Employee 13314,Operations,Associate,43,2015-06-13,23762.57
13315,Employee 13315,Operations,Supervisor,368,2023-07-16,30881.15
13316,Employee 13316,Procurement ,Associate,457,2019-03-11,18673.18
13317,Employee 13317,Warehouse,Executive,180,2021-01-04,130470.42
13318,Employee 13318,Warehouse,Supervisor,642,2017-02-09,47023.82
13319,Employee 13319,Operations,Associate,420,2019-08-23,82152.1
13320,Employee 13320,Operations,Coordinator,640,2022-06-28,32444.42
13321,Employee 13321,Logistics,Executive,498,2017-03-24,168108.98
13322,Employee 13322,Logistics,Coordinator,192,2015-11-14,29805.92
13323,Employee 13323,Sales,Supervisor,847,2016-07-12,108104.39
13324,Employee 13324,Logistics,Analyst,696,2023-10-05,152474.92
13325,Employee 13325,Warehouse,Associate,585,2022-10-30,25549.58
13326,Employee 13326,Sales,Executive,541,2018-03-07,91805.21
13327,Employee 13327,Warehouse,Executive,930,2015-05-18,54575.33
13328,Employee 13328,Operations,Supervisor,276,2022-07-22,126700.22
13329,Employee 13329,Operations,Manager,400,2015-01-15,96543.39
13330,Employee 13330,Logistics,Associate,764,2017-02-01,33238.6
13331,Employee 13331,Warehouse,Coordinator,78,2017-11-16,24147.12
13332,Employee 13332,Operations,Associate,675,2019-12-05,62589.8
13333,Employee 13333,Logistics,Associate,989,2024-05-16,41938.58
13334,Employee 13334,Procurement,Executive,105,2021-05-15,100874.82
13335,Employee 13335,Warehouse,Associate,382,2024-04-25,95657.19
13336,Employee 13336,Warehouse,Executive,972,2020-06-01,157131.7
13337,Employee 13337,Sales,Analyst,860,2023-05-01,132115.96
13338,Employee 13338,Warehouse,Supervisor,853,2017-12-27,20029.93
13339,Employee 13339,,Analyst,509,2020-09-12,18067.14
13340,Employee 13340,Finance,Supervisor,322,2016-10-07,171438.67
13341,Employee 13341,Finance,Executive,955,2018-12-15,35246.06
13342,Employee 13342,Sales,Associate,128,2018-12-09,126130.43
13343,Employee 13343,Logistics,Associate,406,2022-02-24,58906.23
13344,Employee 13344,Logistics,Associate,762,2023-08-14,38685.12
13345,Employee 13345,Logistics,Analyst,937,2023-09-19,53105.24
13346,Employee 13346,Operations,Supervisor,940,2024-07-20,23704.3
13347,Employee 13347,Warehouse,Associate,343,2022-05-11,113582.74
13348,Employee 13348,Finance,Manager,270,2021-01-06,27341.84
13349,Employee 13349,Procurement,Executive,493,2020-06-02,29844.62
13350,Employee 13350,Warehouse,Associate,189,2017-03-09,164251.65
13351,Employee 13351,Operations,Supervisor,525,2020-11-05,38907.97
13352,Employee 13352,Logistics,Associate,580,2020-11-08,101098.85
13353,Employee 13353,Finance,Coordinator,361,2017-04-26,144532.65
13354,Employee 13354,Finance,Analyst,533,2021-02-09,23729.05
13355,Employee 13355,Warehouse,Coordinator,883,2017-10-13,75845.99
13356,Employee 13356,Procurement,Analyst,733,2016-10-19,90777.82
13357,Employee 13357,Warehouse,Supervisor,592,2022-11-28,176076.39
13358,Employee 13358,Procurement,Associate,834,2017-07-27,103033.7
13359,Employee 13359,Finance,Associate,490,2018-03-05,76483.28
13360,Employee 13360,Procurement,Coordinator,802,2020-03-01,150689.9
13361,Employee 13361,Procurement,Analyst,457,2015-04-06,46256.03
13362,Employee 13362,Operations,Executive,975,2022-01-17,27224.72
13363,Employee 13363,Logistics,Analyst,820,2021-06-28,70073.08
13364,Employee 13364,Warehouse,Analyst,571,2020-12-09,119514.52
13365,Employee 13365,Procurement,Associate,402,2023-06-15,29257.4
13366,Employee 13366,Sales,Coordinator,244,2018-11-24,178617.07
13367,Employee 13367,Sales,Supervisor,120,2023-04-24,88813.67
13368,Employee 13368,Logistics,Executive,88,2023-07-29,178446.76
13369,Employee 13369,Sales,Manager,648,2016-04-21,-10000.0
13370,Employee 13370,Operations,Executive,441,2023-02-20,121848.75
13371,Employee 13371,Sales,Associate,811,2021-09-25,62805.85
13372,Employee 13372,Finance,Coordinator,186,2017-09-02,171645.49
13373,Employee 13373,Sales,Supervisor,109,2017-05-11,133806.91
13374,Employee 13374,Logistics,Supervisor,50,2022-02-18,90849.7
13375,Employee 13375,Procurement,Coordinator,680,2015-01-09,150776.53
13376,Employee 13376,Sales,Supervisor,389,2017-02-13,161454.72
13377,Employee 13377,Operations,Manager,166,2015-07-10,111409.14
13378,Employee 13378,Procurement,Executive,852,2022-09-26,124940.1
13379,Employee 13379,Operations,Executive,219,2018-12-07,67679.1
13380,Employee 13380,Operations,Supervisor,225,2016-04-19,104257.88
13381,Employee 13381,Operations,Manager,728,2023-08-24,127977.25
13382,Employee 13382,Logistics,Associate,996,2022-09-25,178880.96
13383,Employee 13383,Warehouse,Manager,433,2022-07-09,20984.05
13384,Employee 13384,Logistics,Coordinator,782,2020-09-04,118453.22
13385,Employee 13385,Warehouse,Executive,721,2022-04-27,43979.27
13386,Employee 13386,Procurement,Supervisor,703,2023-06-10,63639.12
13387,Employee 13387,Sales,Coordinator,888,2023-11-05,97524.6
13388,Employee 13388,Warehouse,Manager,203,2021-02-07,175895.79
13389,Employee 13389,Warehouse,Supervisor,172,2020-02-10,24695.7
13390,Employee 13390,Sales,Executive,152,2019-07-04,155617.74
13391,Employee 13391,Operations,Analyst,34,2018-08-24,145401.03
13392,Employee 13392,Sales,Coordinator,358,2018-08-17,21729.79
13393,Employee 13393,Warehouse,Analyst,769,2020-06-10,78262.77
13394,Employee 13394,logistics,Coordinator,207,2018-04-08,129081.22
13395,Employee 13395,Finance,Executive,353,2020-01-05,75350.23
13396,Employee 13396,Procurement,Manager,826,2019-02-22,179006.03
13397,Employee 13397,Warehouse,Coordinator,40,2015-10-28,82313.32
13398,Employee 13398,Operations,Manager,905,2023-11-12,107227.67
13399,Employee 13399,Procurement,Associate,273,2021-09-17,103409.43
13400,Employee 13400,Warehouse,Associate,619,2021-11-22,54523.89
13401,Employee 13401,Finance,Analyst,724,2023-10-01,95848.53
13402,Employee 13402,Sales,Coordinator,58,2022-01-30,39707.2
13403,Employee 13403,Sales,Supervisor,566,2022-09-13,40367.91
13404,Employee 13404,Sales,Executive,916,2024-05-04,128775.85
13405,Employee 13405,Logistics,Supervisor,736,2015-06-07,30900.94
13406,Employee 13406,Finance,Analyst,775,2024-02-09,155075.74
13407,Employee 13407,Finance,Analyst,762,2018-10-19,175073.35
13408,Employee 13408,Warehouse,Executive,414,2018-10-10,35397.83
13409,Employee 13409,Logistics,Coordinator,143,2020-08-03,24743.63
13410,Employee 13410,Sales,Associate,51,2021-07-21,159085.69
13411,Employee 13411,Logistics,Analyst,565,2018-10-06,95853.33
13412,Employee 13412,Operations,Manager,311,2023-06-25,163522.7
13413,Employee 13413,Procurement,Manager,852,2015-08-04,51744.27
13414,Employee 13414,Logistics,Manager,230,2019-06-30,166171.57
13415,Employee 13415,Finance,Executive,121,2020-08-27,89661.82
13416,Employee 13416,Sales,Associate,758,2020-04-24,127673.33
13417,Employee 13417,Finance,Coordinator,982,2024-01-06,131109.41
13418,Employee 13418,Warehouse,Analyst,390,2020-09-18,37301.85
13419,Employee 13419,Warehouse,Analyst,555,2018-08-22,75410.55
13420,Employee 13420,Warehouse,Supervisor,663,2017-03-30,137070.31
13421,Employee 13421,Operations,Coordinator,990,2023-12-05,102954.62
13422,Employee 13422,Warehouse,Supervisor,855,2022-04-29,26121.04
13423,Employee 13423,Warehouse,Associate,328,2015-12-25,25357.63
13424,Employee 13424,Procurement,Executive,55,2015-11-02,20823.57
13425,Employee 13425,Sales,Manager,343,2023-12-17,110136.43
13426,Employee 13426,Operations,Analyst,95,2020-05-20,88793.96
13427,Employee 13427,Sales,Analyst,857,2022-06-30,81635.61
13428,Employee 13428,Finance,Coordinator,501,2022-06-23,152680.0
13429,Employee 13429,Finance,Supervisor,557,2020-09-29,29337.64
13430,Employee 13430,Finance,Coordinator,429,2024-07-15,124666.82
13431,Employee 13431,Operations,Analyst,367,2015-08-11,57737.11
13432,Employee 13432,Operations,Manager,97,2020-06-05,135381.17
13433,Employee 13433,Warehouse,Associate,326,2015-10-03,177161.21
13434,Employee 13434,Warehouse,Associate,57,2017-03-10,146456.28
13435,Employee 13435,Operations,Manager,72,2019-04-16,21848.0
13436,Employee 13436,Finance,Analyst,747,2022-04-21,167450.62
13437,Employee 13437,Warehouse,Associate,635,2020-01-15,100284.36
13438,Employee 13438,Procurement,Associate,484,2023-03-01,160836.26
13439,Employee 13439,Finance,Associate,509,2022-07-24,48228.12
13440,Employee 13440,Sales,Analyst,287,2017-05-10,144050.1
13441,Employee 13441,Procurement,Analyst,259,2024-06-23,141257.47
13442,Employee 13442,Logistics,Associate,557,2022-01-26,143971.83
13443,Employee 13443,Operations,Analyst,99,2022-04-25,125255.41
13444,Employee 13444,Sales,Executive,278,2015-05-11,126545.73
13445,Employee 13445,Finance,Manager,837,2021-04-06,112482.39
13446,Employee 13446,Procurement,Executive,755,2020-08-23,66025.69
13447,Employee 13447,Operations,Manager,439,2015-06-20,176520.03
13448,Employee 13448,Operations,Executive,952,2023-06-12,57537.29
13449,Employee 13449,Sales,Supervisor,728,2022-03-11,114594.53
13450,Employee 13450,warehouse,Executive,694,2022-11-25,105324.32
13451,Employee 13451,Procurement,Supervisor,472,2021-04-24,22414.87
13452,Employee 13452,Finance,Manager,578,2022-06-15,153071.71
13453,Employee 13453,Warehouse,Associate,131,2020-09-22,177205.11
13454,Employee 13454,Warehouse,Supervisor,159,2019-03-23,29366.83
13455,Employee 13455,Sales,Executive,149,2016-10-21,0.0
13456,Employee 13456,Operations,Supervisor,630,2017-06-30,33262.0
13457,Employee 13457,Procurement,Analyst,411,2019-12-12,32796.9
13458,Employee 13458,Procurement,Manager,243,2019-03-22,178131.14
13459,Employee 13459,Sales,Executive,271,2019-05-22,18741.52
13460,Employee 13460,Procurement,Executive,783,2024-03-30,87668.83
13461,Employee 13461,Warehouse,Analyst,625,2023-06-03,138954.3
13462,Employee 13462,Finance,Manager,45,2021-01-05,43419.88
13463,Employee 13463,Operations,Associate,24,2017-06-16,51353.27
13464,Employee 13464,Finance,Coordinator,464,2022-08-06,69079.84
13465,Employee 13465,Logistics,Analyst,878,2023-04-04,115245.77
13466,Employee 13466,Finance,Executive,354,2019-01-20,130230.83
13467,Employee 13467,Operations,Executive,932,2021-09-30,165860.68
13468,Employee 13468,Procurement,Coordinator,367,2022-03-26,158221.08
13469,Employee 13469,Sales,Associate,864,2019-11-24,112658.74
13470,Employee 13470,Sales,Executive,320,2015-07-28,152542.35
13471,Employee 13471,Logistics,Coordinator,138,2022-07-07,-10000.0
13472,Employee 13472,Sales,Coordinator,628,2020-09-16,67791.45
13473,Employee 13473,Operations,Supervisor,934,2019-09-30,172656.28
13474,Employee 13474,Warehouse,Executive,114,2017-01-28,112087.33
13475,Employee 13475,Finance,Manager,401,2023-11-06,73032.9
13476,Employee 13476,Logistics,Associate,433,2015-11-26,82691.29
13477,Employee 13477,Warehouse,Associate,534,2017-07-27,24400.79
13478,Employee 13478,Finance,Manager,96,2018-01-07,124908.38
13479,Employee 13479,Logistics,Coordinator,218,2021-02-04,124387.57
13480,Employee 13480,Operations,Supervisor,257,2016-04-13,170487.84
13481,Employee 13481,Finance,Coordinator,89,2018-09-28,44653.96
13482,Employee 13482,Finance,Associate,965,2017-04-25,161984.15
13483,Employee 13483,Operations,Supervisor,512,2018-06-10,42884.19
13484,Employee 13484,Procurement,Supervisor,992,2016-11-15,101361.81
13485,Employee 13485,Warehouse,Executive,476,2016-07-02,82418.72
13486,Employee 13486,Warehouse,Associate,992,2018-06-08,61555.16
13487,Employee 13487,Finance,Executive,108,2020-04-16,20501.89
13488,Employee 13488,Operations,Analyst,70,2023-03-16,42239.96
13489,Employee 13489,Sales,Analyst,482,2016-11-12,31622.59
13490,Employee 13490,Operations,Supervisor,445,2018-01-02,61778.72
13491,Employee 13491,Operations,Associate,738,2018-10-25,48360.5
13492,Employee 13492,Operations,Manager,238,2021-01-13,170458.05
13493,Employee 13493,Procurement,Manager,188,2022-07-19,24464.19
13494,Employee 13494,Logistics,Manager,290,2022-08-30,105055.17
13495,Employee 13495,Procurement,Executive,781,2022-01-16,122028.5
13496,Employee 13496,Sales,Supervisor,756,2018-11-07,157354.91
13497,Employee 13497,Sales,Analyst,210,2017-01-06,64512.93
13498,Employee 13498,Logistics,Coordinator,623,2020-11-06,119951.78
13499,Employee 13499,Operations,Coordinator,677,2017-11-23,131137.99
13500,Employee 13500,Operations,Supervisor,731,2023-04-15,72897.77
13501,Employee 13501,Operations,Coordinator,33,2020-06-15,45754.38
13502,Employee 13502,Warehouse,Associate,278,2022-01-04,104311.34
13503,Employee 13503,Procurement,Manager,129,2016-05-08,164103.86
13504,Employee 13504,Logistics,Coordinator,183,2023-12-05,97917.84
13505,Employee 13505,Finance,Executive,310,2019-06-15,138155.31
13506,Employee 13506,Procurement,Executive,233,2016-12-31,108665.6
13507,Employee 13507,Warehouse,Analyst,406,2015-08-28,116894.4
13508,Employee 13508,Operations,Associate,241,2019-08-25,24609.94
13509,Employee 13509,Operations,Coordinator,292,2022-10-16,69558.96
13510,Employee 13510,Warehouse,Supervisor,16,2019-11-18,37987.04
13511,Employee 13511,Procurement,Analyst,67,2015-04-27,176510.22
13512,Employee 13512,Finance,Associate,230,2017-01-04,84290.46
13513,Employee 13513,Finance,Executive,892,2018-01-22,91964.37
13514,Employee 13514,Warehouse,Executive,805,2015-09-30,163078.05
13515,Employee 13515,Warehouse,Coordinator,47,2019-07-17,102604.9
13516,Employee 13516,Finance,Analyst,774,2023-11-15,153284.11
13517,Employee 13517,Operations,Supervisor,823,2024-04-13,106605.17
13518,Employee 13518,Finance,Executive,539,2020-06-21,121256.86
13519,Employee 13519,Finance,Coordinator,674,2019-02-15,64112.48
13520,Employee 13520,Logistics,Manager,576,2024-03-12,155923.06
13521,Employee 13521,Logistics,Associate,296,2019-05-23,125725.66
13522,Employee 13522,Warehouse,Executive,315,2019-08-12,63241.64
13523,Employee 13523,Logistics,Supervisor,996,2016-04-30,103040.11
13524,Employee 13524,Logistics,Coordinator,895,2022-06-17,130629.82
13525,Employee 13525,Sales ,Associate,946,2016-12-12,29405.91
13526,Employee 13526,Procurement,Manager,425,2015-04-05,100300.11
13527,Employee 13527,Operations,Manager,92,2021-04-16,153803.12
13528,Employee 13528,Finance,Executive,236,2023-01-13,68041.79
13529,Employee 13529,Operations,Supervisor,419,2021-09-27,112363.89
13530,Employee 13530,finance,Supervisor,563,2020-01-01,134042.37
13531,Employee 13531,Finance,Coordinator,211,2018-03-04,59410.92
13532,Employee 13532,Finance,Analyst,854,2023-11-19,108131.24
13533,Employee 13533,Logistics,Associate,955,2023-03-24,64835.34
13534,Employee 13534,Procurement,Associate,814,2021-01-24,124934.09
13535,Employee 13535,Sales,Supervisor,116,2023-05-08,39043.91
13536,Employee 13536,Warehouse,Analyst,359,2017-12-31,69534.17
13537,Employee 13537,Finance,Manager,29,2023-01-09,124935.43
13538,Employee 13538,Warehouse,Manager,147,2021-12-29,58797.82
13539,Employee 13539,Procurement,Supervisor,27,2021-01-06,90476.79
13540,Employee 13540,Warehouse,Coordinator,157,2019-11-15,42491.43
13541,Employee 13541,Sales,Executive,428,2015-04-06,144826.95
13542,Employee 13542,Operations,Supervisor,910,2020-02-26,52364.1
13543,Employee 13543,Warehouse ,Coordinator,155,2021-02-03,24484.85
13544,Employee 13544,Logistics,Analyst,516,2020-12-29,21318.77
13545,Employee 13545,Logistics,Analyst,664,2022-10-09,0.0
13546,Employee 13546,Warehouse,Supervisor,79,2019-05-17,49010.83
13547,Employee 13547,Operations,Executive,374,2018-10-19,79337.1
13548,Employee 13548,Procurement,Associate,804,2020-01-01,92370.2
13549,Employee 13549,Procurement,Associate,468,2019-03-24,36075.75
13550,Employee 13550,Finance,Manager,838,2019-10-03,162368.5
13551,Employee 13551,Sales,Executive,889,2021-10-14,27933.06
13552,Employee 13552,Sales,Associate,826,2017-12-10,40309.01
13553,Employee 13553,,Supervisor,469,2015-06-07,72419.47
13554,Employee 13554,Sales,Supervisor,447,2023-10-09,162649.11
13555,Employee 13555,Logistics,Associate,620,2019-01-13,171115.45
13556,Employee 13556,Warehouse,Executive,180,2016-12-07,101421.03
13557,Employee 13557,Logistics,Executive,984,2020-10-31,59095.13
13558,Employee 13558,Sales,Analyst,608,2021-05-24,19288.97
13559,Employee 13559,Finance,Analyst,438,2020-03-11,48239.46
13560,Employee 13560,Logistics ,Executive,370,2017-06-27,38910.51
13561,Employee 13561,Warehouse,Associate,788,2023-07-17,34497.17
13562,Employee 13562,Sales,Associate,474,2019-04-23,50533.87
13563,Employee 13563,Warehouse,Manager,330,2022-08-11,112406.51
13564,Employee 13564,Procurement,Supervisor,193,2019-04-29,101732.22
13565,Employee 13565,Logistics,Associate,251,2023-10-04,54494.09
13566,Employee 13566,Sales,Manager,404,2021-01-28,49679.63
13567,Employee 13567,Sales,Supervisor,938,2016-01-17,112555.29
13568,Employee 13568,Warehouse,Coordinator,415,2018-08-23,131182.54
13569,Employee 13569,Warehouse,Associate,549,2017-04-24,141725.21
13570,Employee 13570,Logistics,Supervisor,626,2016-03-04,133639.56
13571,Employee 13571,Finance,Manager,494,2023-11-15,35084.46
13572,Employee 13572,Logistics,Coordinator,785,2018-07-07,177072.17
13573,Employee 13573,Sales,Coordinator,725,2024-06-19,110511.65
13574,Employee 13574,Procurement,Coordinator,548,2021-07-18,156521.19
13575,Employee 13575,Warehouse,Supervisor,26,2024-04-03,151735.79
13576,Employee 13576,Operations,Manager,354,2021-01-27,85294.08
13577,Employee 13577,Warehouse,Manager,561,2022-02-27,42139.84
13578,Employee 13578,Sales,Executive,930,2021-07-04,86453.5
13579,Employee 13579,Logistics,Supervisor,408,2020-04-02,113116.27
13580,Employee 13580,Logistics,Analyst,404,2016-01-06,67225.62
13581,Employee 13581,Sales,Manager,912,2015-04-27,150807.8
13582,Employee 13582,Procurement,Associate,121,2023-11-27,101941.1
13583,Employee 13583,Operations,Executive,392,2017-09-16,76848.77
13584,Employee 13584,Procurement,Supervisor,55,2022-02-06,78044.47
13585,Employee 13585,Finance,Associate,567,2021-05-30,60972.39
13586,Employee 13586,Finance,Associate,662,2020-04-11,129875.61
13587,Employee 13587,Sales,Associate,472,2022-04-25,148620.85
13588,Employee 13588,Operations,Analyst,123,2019-02-18,137250.42
13589,Employee 13589,Warehouse,Manager,159,2021-02-23,120067.44
13590,Employee 13590,Logistics,Supervisor,321,2024-05-06,149647.84
13591,Employee 13591,Warehouse,Executive,27,2023-05-25,92272.73
13592,Employee 13592,Finance,Supervisor,856,2020-08-11,73393.97
13593,Employee 13593,Operations,Analyst,249,2022-07-30,72107.33
13594,Employee 13594,Logistics,Manager,514,2018-05-15,66202.88
13595,Employee 13595,Sales,Manager,602,2018-03-31,146629.8
13596,Employee 13596,Operations,Associate,21,2016-06-12,32132.29
13597,Employee 13597,Finance,Supervisor,377,2018-07-11,136957.97
13598,Employee 13598,Procurement,Coordinator,978,2019-10-08,89009.09
13599,Employee 13599,Finance,Associate,881,2022-08-07,83275.11
13600,Employee 13600,Sales,Analyst,736,2020-02-03,76198.56
13601,Employee 13601,Procurement ,Manager,11,2015-12-30,48209.54
13602,Employee 13602,Finance,Supervisor,390,2018-01-22,63393.24
13603,Employee 13603,Sales,Manager,877,2018-09-17,150828.12
13604,Employee 13604,Procurement,Executive,349,2023-04-14,76741.53
13605,Employee 13605,Finance,Analyst,862,2022-08-20,72261.28
13606,Employee 13606,Procurement,Executive,123,2023-12-26,83577.07
13607,Employee 13607,Logistics,Manager,657,2022-10-21,106016.44
13608,Employee 13608,Finance,Analyst,44,2024-01-14,146130.25
13609,Employee 13609,Finance,Supervisor,14,2021-04-09,125596.14
13610,Employee 13610,Procurement,Coordinator,295,2016-03-18,54012.36
13611,Employee 13611,Finance,Associate,97,2022-06-17,44628.47
13612,Employee 13612,Warehouse,Associate,497,2021-01-27,134239.25
13613,Employee 13613,Warehouse,Executive,227,2016-11-13,143232.63
13614,Employee 13614,Procurement,Executive,102,2017-02-21,39999.71
13615,Employee 13615,Operations,Manager,673,2021-01-24,50869.71
13616,Employee 13616,Warehouse,Coordinator,741,2019-12-14,66354.63
13617,Employee 13617,Logistics,Supervisor,944,2015-08-03,166918.13
13618,Employee 13618,Logistics,Supervisor,300,2023-05-24,72709.94
13619,Employee 13619,Warehouse,Manager,238,2016-11-26,30908.17
13620,Employee 13620,Operations,Analyst,758,2016-11-03,59577.26
13621,Employee 13621,Logistics,Executive,14,2015-05-20,51876.78
13622,Employee 13622,Warehouse,Analyst,677,2019-02-06,32216.94
13623,Employee 13623,Procurement,Executive,162,2020-10-10,102593.27
13624,Employee 13624,Procurement,Executive,730,2016-11-03,47212.07
13625,Employee 13625,Finance ,Analyst,513,2017-12-30,141182.9
13626,Employee 13626,Procurement,Coordinator,162,2015-11-13,145225.41
13627,Employee 13627,Finance,Executive,936,2021-09-20,65639.1
13628,Employee 13628,Logistics,Coordinator,248,2024-03-20,78907.6
13629,Employee 13629,Operations,Manager,646,2016-04-28,129824.19
13630,Employee 13630,Warehouse,Analyst,482,2022-10-16,103916.64
13631,Employee 13631,Sales,Supervisor,717,2020-02-26,95807.94
13632,Employee 13632,Operations,Coordinator,367,2023-01-19,108436.33
13633,Employee 13633,Warehouse,Supervisor,490,2015-03-19,41038.6
13634,Employee 13634,Logistics,Coordinator,309,2024-01-22,32477.39
13635,Employee 13635,Procurement,Analyst,69,2022-07-16,117441.9
13636,Employee 13636,Warehouse,Associate,562,2022-11-02,98360.98
13637,Employee 13637,Sales,Associate,475,2023-12-22,131081.85
13638,Employee 13638,Operations,Coordinator,876,2016-01-31,97504.79
13639,Employee 13639,Logistics,Supervisor,491,2018-05-17,149476.97
13640,Employee 13640,Procurement,Manager,629,2023-01-20,82271.95
13641,Employee 13641,Procurement,Coordinator,993,2016-02-19,97415.9
13642,Employee 13642,Procurement,Analyst,986,2017-11-27,162303.43
13643,Employee 13643,Sales,Associate,207,2019-05-04,53865.95
13644,Employee 13644,Finance,Executive,400,2015-09-26,179632.24
13645,Employee 13645,Sales,Associate,954,2021-05-21,111443.17
13646,Employee 13646,Logistics,Supervisor,97,2019-02-19,129711.29
13647,Employee 13647,Sales ,Executive,385,2019-05-22,118248.7
13648,Employee 13648,Procurement,Executive,115,2018-08-04,53677.38
13649,Employee 13649,Procurement,Coordinator,29,2016-10-26,165190.89
13650,Employee 13650,Finance,Supervisor,52,2016-04-22,24792.4
13651,Employee 13651,Finance,Associate,609,2016-12-06,158011.14
13652,Employee 13652,Logistics,Coordinator,829,2019-06-14,51928.66
13653,Employee 13653,Procurement,Analyst,546,2023-05-07,48064.31
13654,Employee 13654,Procurement,Executive,75,2022-09-13,65554.74
13655,Employee 13655,Finance,Manager,433,2021-09-17,106508.88
13656,Employee 13656,Warehouse,Analyst,775,2024-06-26,122954.01
13657,Employee 13657,Sales ,Supervisor,828,2023-03-26,78098.95
13658,Employee 13658,Finance,Executive,556,2023-11-14,36493.13
13659,Employee 13659,Logistics,Associate,383,2022-04-16,91501.85
13660,Employee 13660,Logistics,Supervisor,225,2023-08-08,55307.75
13661,Employee 13661,Finance,Executive,699,2018-06-24,170307.79
13662,Employee 13662,Sales,Executive,145,2024-01-29,149986.43
13663,Employee 13663,Finance,Analyst,730,2016-07-28,37025.41
13664,Employee 13664,Operations,Analyst,474,2022-11-13,56928.38
13665,Employee 13665,Sales,Manager,343,2017-09-03,66140.68
13666,Employee 13666,Logistics,Coordinator,135,2020-07-02,78112.68
13667,Employee 13667,Procurement,Associate,592,2019-08-08,126697.47
13668,Employee 13668,Logistics,Coordinator,320,2021-03-19,118937.1
13669,Employee 13669,Logistics,Analyst,393,2015-02-11,81538.6
13670,Employee 13670,,Supervisor,728,2022-11-25,149794.22
13671,Employee 13671,Sales,Coordinator,382,2017-05-16,110918.12
13672,Employee 13672,Finance,Associate,862,2017-09-13,68704.24
13673,Employee 13673,Finance,Supervisor,139,2015-10-30,30787.47
13674,Employee 13674,Procurement,Associate,762,2020-07-25,54824.64
13675,Employee 13675,logistics,Executive,166,2018-09-21,104706.42
13676,Employee 13676,Warehouse,Supervisor,20,2023-10-12,152072.47
13677,Employee 13677,Procurement,Associate,647,2019-12-28,35918.3
13678,Employee 13678,Sales,Analyst,520,2019-12-12,50856.26
13679,Employee 13679,Logistics,Associate,563,2019-11-04,29664.24
13680,Employee 13680,Finance,Coordinator,453,2015-09-15,170450.83
13681,Employee 13681,Operations,Supervisor,741,2020-03-04,127767.99
13682,Employee 13682,Logistics,Associate,890,2016-08-04,156906.71
13683,Employee 13683,finance,Analyst,757,2018-03-04,110684.76
13684,Employee 13684,Sales,Supervisor,99,2018-01-20,158931.47
13685,Employee 13685,Procurement,Manager,434,2019-01-16,66833.62
13686,Employee 13686,Logistics,Analyst,320,2022-04-20,0.0
13687,Employee 13687,Sales,Analyst,150,2022-03-18,75082.45
13688,Employee 13688,Logistics,Executive,429,2022-06-03,39640.67
13689,Employee 13689,Sales,Analyst,253,2021-06-11,113807.05
13690,Employee 13690,operations,Coordinator,622,2023-01-04,115661.04
13691,Employee 13691,Logistics,Associate,738,2021-11-01,55598.38
13692,Employee 13692,Procurement,Supervisor,241,2018-07-13,143931.24
13693,Employee 13693,Logistics,Coordinator,243,2016-12-06,114527.2
13694,Employee 13694,Logistics,Executive,209,2017-12-07,111162.44
13695,Employee 13695,Logistics,Associate,836,2017-03-16,167317.97
13696,Employee 13696,Operations,Manager,873,2021-09-07,22848.06
13697,Employee 13697,Logistics,Supervisor,878,2019-12-14,155119.35
13698,Employee 13698,Finance,Executive,328,2015-10-01,54150.97
13699,Employee 13699,Operations,Manager,460,2015-05-18,106505.75
13700,Employee 13700,Finance,Manager,614,2015-07-01,171502.28
13701,Employee 13701,Warehouse,Manager,301,2021-04-23,119977.94
13702,Employee 13702,Sales,Analyst,864,2022-04-09,142988.61
13703,Employee 13703,Finance,Supervisor,754,2024-02-02,73621.48
13704,Employee 13704,Sales,Executive,959,2016-04-09,141039.24
13705,Employee 13705,Operations,Manager,61,2022-03-13,66497.17
13706,Employee 13706,Sales,Executive,251,2015-02-14,25680.77
13707,Employee 13707,Warehouse,Executive,365,2017-03-11,0.0
13708,Employee 13708,Finance,Coordinator,662,2017-12-05,158712.25
13709,Employee 13709,Warehouse,Supervisor,664,2015-09-08,55137.03
13710,Employee 13710,Warehouse,Analyst,168,2015-08-20,139551.42
13711,Employee 13711,Finance ,Associate,299,2015-12-06,131322.69
13712,Employee 13712,Warehouse,Coordinator,94,2022-09-06,150327.03
13713,Employee 13713,Finance,Analyst,748,2022-04-02,124744.91
13714,Employee 13714,Finance,Supervisor,206,2022-07-06,158537.66
13715,Employee 13715,Procurement,Coordinator,327,2015-11-30,142250.29
13716,Employee 13716,Finance,Manager,337,2024-05-28,164767.08
13717,Employee 13717,Procurement,Coordinator,725,2020-02-12,36754.27
13718,Employee 13718,Sales,Executive,153,2020-02-04,86419.69
13719,Employee 13719,Procurement,Associate,86,2023-02-04,169176.19
13720,Employee 13720,Sales,Executive,380,2019-01-11,80139.23
13721,Employee 13721,Operations,Executive,1,2015-02-18,55820.64
13722,Employee 13722,Finance,Supervisor,777,2015-03-25,122201.3
13723,Employee 13723,Logistics,Executive,148,2019-02-23,119910.81
13724,Employee 13724,Finance,Analyst,515,2015-06-21,88723.09
13725,Employee 13725,Procurement,Analyst,692,2020-02-29,74112.69
13726,Employee 13726,Operations,Analyst,284,2015-06-12,108008.43
13727,Employee 13727,Sales,Manager,858,2021-06-05,179174.74
13728,Employee 13728,Procurement,Analyst,594,2023-06-01,52768.55
13729,Employee 13729,warehouse,Coordinator,136,2021-07-20,35648.48
13730,Employee 13730,Procurement,Manager,518,2023-02-15,154035.44
13731,Employee 13731,Operations,Supervisor,505,2015-04-29,93160.02
13732,Employee 13732,Procurement,Coordinator,871,2015-06-21,77774.96
13733,Employee 13733,Warehouse ,Manager,342,2020-09-23,34756.15
13734,Employee 13734,Sales,Executive,973,2018-07-14,156196.9
13735,Employee 13735,Sales,Coordinator,221,2023-03-02,60059.53
13736,Employee 13736,Finance,Coordinator,938,2016-09-02,155000.4
13737,Employee 13737,Warehouse,Analyst,864,2015-01-23,28995.25
13738,Employee 13738,Finance,Supervisor,442,2015-05-31,117245.6
13739,Employee 13739,Operations,Coordinator,951,2023-08-24,170007.47
13740,Employee 13740,Warehouse,Manager,483,2017-11-30,175319.51
13741,Employee 13741,Logistics,Analyst,26,2015-09-03,39825.84
13742,Employee 13742,Warehouse,Coordinator,190,2018-06-22,85315.61
13743,Employee 13743,Warehouse,Manager,174,2018-01-14,64535.3
13744,Employee 13744,Sales,Associate,22,2022-05-25,162271.6
13745,Employee 13745,Finance,Coordinator,684,2015-09-22,88438.79
13746,Employee 13746,Sales,Coordinator,664,2023-05-05,74195.8
13747,Employee 13747,Logistics,Associate,210,2022-12-19,118269.78
13748,Employee 13748,Procurement,Manager,134,2015-10-12,30547.79
13749,Employee 13749,Operations,Supervisor,962,2020-03-03,135192.38
13750,Employee 13750,Procurement,Manager,931,2024-01-21,101092.07
13751,Employee 13751,Logistics,Coordinator,353,2022-08-14,162471.46
13752,Employee 13752,Finance,Supervisor,485,2024-07-29,136384.93
13753,Employee 13753,Finance,Executive,962,2021-04-21,42843.39
13754,Employee 13754,Logistics,Supervisor,955,2017-09-12,52765.07
13755,Employee 13755,Warehouse,Manager,996,2020-07-10,109634.48
13756,Employee 13756,Sales,Analyst,685,2015-08-14,118559.19
13757,Employee 13757,Logistics,Manager,78,2016-09-27,89674.75
13758,Employee 13758,Warehouse,Associate,832,2015-11-16,30320.71
13759,Employee 13759,Sales,Analyst,397,2020-06-05,124820.19
13760,Employee 13760,Operations,Executive,334,2015-10-13,20600.78
13761,Employee 13761,Procurement,Supervisor,934,2018-04-13,109213.19
13762,Employee 13762,Sales,Associate,679,2020-05-10,44549.22
13763,Employee 13763,Warehouse,Coordinator,637,2022-05-24,50401.06
13764,Employee 13764,Procurement,Supervisor,600,2015-05-10,146242.75
13765,Employee 13765,Procurement,Coordinator,432,2020-02-11,154830.86
13766,Employee 13766,Sales,Executive,280,2021-08-22,76811.56
13767,Employee 13767,Operations,Supervisor,53,2022-07-06,129268.61
13768,Employee 13768,Finance,Manager,893,2020-04-27,58609.05
13769,Employee 13769,Warehouse,Supervisor,439,2015-01-03,171009.84
13770,Employee 13770,Sales,Manager,611,2020-05-29,65367.3
13771,Employee 13771,Logistics,Analyst,632,2022-04-04,50165.77
13772,Employee 13772,Finance,Executive,797,2022-11-04,53058.96
13773,Employee 13773,Logistics,Associate,25,2021-01-14,121316.25
13774,Employee 13774,Sales,Executive,548,2020-02-03,152240.41
13775,Employee 13775,Sales,Associate,268,2019-02-09,173846.35
13776,Employee 13776,Sales,Supervisor,788,2015-03-01,165432.64
13777,Employee 13777,Procurement,Executive,317,2018-04-23,80370.11
13778,Employee 13778,Procurement,Manager,539,2023-02-07,136727.07
13779,Employee 13779,Logistics,Supervisor,267,2016-10-29,139130.85
13780,Employee 13780,Logistics,Executive,410,2016-12-09,23435.94
13781,Employee 13781,Logistics,Analyst,741,2019-10-19,124483.3
13782,Employee 13782,Procurement,Supervisor,958,2016-09-16,45282.84
13783,Employee 13783,Operations,Coordinator,992,2017-12-10,45136.4
13784,Employee 13784,Warehouse,Analyst,791,2018-08-20,113019.69
13785,Employee 13785,Finance,Executive,169,2024-06-21,56517.71
13786,Employee 13786,Logistics,Associate,964,2018-07-06,57809.61
13787,Employee 13787,Logistics,Coordinator,709,2016-03-27,38561.34
13788,Employee 13788,Operations,Coordinator,806,2020-05-14,117164.29
13789,Employee 13789,Finance,Associate,647,2015-05-30,162911.26
13790,Employee 13790,Sales,Associate,918,2016-08-14,166996.23
13791,Employee 13791,Sales,Coordinator,367,2022-08-24,28609.49
13792,Employee 13792,,Associate,668,2022-05-06,38853.54
13793,Employee 13793,Logistics,Analyst,269,2015-10-27,77988.87
13794,Employee 13794,Sales,Analyst,799,2021-03-05,77856.61
13795,Employee 13795,Finance,Executive,848,2019-03-11,94863.76
13796,Employee 13796,Finance,Manager,714,2017-09-19,125801.86
13797,Employee 13797,Warehouse,Manager,196,2015-02-05,66711.43
13798,Employee 13798,Finance ,Coordinator,377,2023-11-01,90130.97
13799,Employee 13799,Procurement,Coordinator,288,2018-02-04,57941.47
13800,Employee 13800,Operations,Associate,13,2019-02-28,108065.21
13801,Employee 13801,Operations,Manager,122,2022-10-14,38852.45
13802,Employee 13802,Sales,Manager,416,2022-11-05,22366.77
13803,Employee 13803,operations,Manager,446,2023-04-03,173847.16
13804,Employee 13804,Warehouse,Analyst,190,2017-03-21,147157.83
13805,Employee 13805,Warehouse,Supervisor,844,2016-11-29,72830.68
13806,Employee 13806,Warehouse,Associate,618,2022-11-11,125834.88
13807,Employee 13807,Operations,Coordinator,48,2024-03-11,20789.08
13808,Employee 13808,Logistics,Associate,524,2015-04-08,53637.65
13809,Employee 13809,Warehouse,Supervisor,27,2022-06-11,38875.2
13810,Employee 13810,Warehouse,Executive,573,2023-07-07,127253.97
13811,Employee 13811,Sales,Supervisor,306,2018-08-14,158672.04
13812,Employee 13812,Operations,Analyst,408,2022-12-19,140326.29
13813,Employee 13813,Logistics,Manager,939,2015-12-16,171590.05
13814,Employee 13814,Warehouse ,Executive,340,2018-04-27,133126.3
13815,Employee 13815,Operations,Supervisor,594,2023-06-06,166991.22
13816,Employee 13816,Operations,Manager,951,2016-08-11,34598.41
13817,Employee 13817,Warehouse,Manager,895,2015-08-02,59235.2
13818,Employee 13818,Warehouse,Manager,746,2022-06-11,116919.99
13819,Employee 13819,Warehouse,Executive,772,2023-12-31,33902.57
13820,Employee 13820,Procurement,Associate,443,2016-08-06,89094.66
13821,Employee 13821,Operations,Supervisor,142,2016-07-28,78520.06
13822,Employee 13822,Finance,Supervisor,140,2018-01-14,30406.01
13823,Employee 13823,Procurement,Coordinator,263,2019-11-20,144631.01
13824,Employee 13824,Operations,Supervisor,577,2022-01-09,143993.66
13825,Employee 13825,Sales,Supervisor,898,2016-04-21,135382.53
13826,Employee 13826,Operations,Supervisor,635,2023-02-21,43633.71
13827,Employee 13827,Warehouse,Executive,882,2015-01-23,151896.59
13828,Employee 13828,Finance,Associate,391,2017-03-26,118816.92
13829,Employee 13829,Operations,Manager,97,2019-12-12,152723.96
13830,Employee 13830,Logistics,Associate,836,2022-04-14,171354.54
13831,Employee 13831,Logistics,Executive,229,2016-05-27,0.0
13832,Employee 13832,Operations,Analyst,560,2018-01-20,86600.03
13833,Employee 13833,Sales,Analyst,824,2016-11-07,110905.67
13834,Employee 13834,Finance,Associate,265,2022-08-15,178662.03
13835,Employee 13835,Finance,Associate,943,2021-11-01,38114.0
13836,Employee 13836,Sales,Analyst,814,2016-06-21,87283.29
13837,Employee 13837,Warehouse,Executive,737,2021-04-29,147779.92
13838,Employee 13838,Logistics,Supervisor,593,2021-11-08,124743.32
13839,Employee 13839,Procurement,Manager,185,2024-06-13,64295.62
13840,Employee 13840,Sales,Supervisor,306,2023-03-10,101928.9
13841,Employee 13841,Warehouse,Manager,926,2020-01-17,102323.68
13842,Employee 13842,Procurement,Associate,562,2021-02-07,67742.45
13843,Employee 13843,Finance,Manager,384,2018-12-22,151794.3
13844,Employee 13844,Warehouse,Associate,340,2018-04-04,120255.43
13845,Employee 13845,Logistics,Analyst,413,2022-08-09,18295.43
13846,Employee 13846,Procurement,Manager,658,2018-07-31,123231.07
13847,Employee 13847,Sales ,Coordinator,1,2022-03-30,93028.55
13848,Employee 13848,Operations,Analyst,28,2022-09-02,86844.3
13849,Employee 13849,Finance,Coordinator,147,2021-09-24,47445.58
13850,Employee 13850,Procurement,Coordinator,551,2020-12-26,70119.94
13851,Employee 13851,Logistics,Executive,605,2023-06-29,0.0
13852,Employee 13852,Logistics,Supervisor,959,2021-10-05,127896.49
13853,Employee 13853,Operations,Supervisor,403,2018-08-01,32860.33
13854,Employee 13854,Procurement,Supervisor,592,2018-01-30,24169.95
13855,Employee 13855,Logistics,Manager,27,2018-10-05,41816.69
13856,Employee 13856,Logistics,Supervisor,377,2018-05-14,20010.46
13857,Employee 13857,Procurement,Executive,44,2022-10-18,88790.36
13858,Employee 13858,Warehouse,Associate,913,2020-02-29,44656.9
13859,Employee 13859,Procurement,Analyst,439,2018-03-18,148124.96
13860,Employee 13860,Logistics,Executive,668,2023-09-08,42291.07
13861,Employee 13861,Logistics,Associate,744,2023-02-06,123602.18
13862,Employee 13862,Logistics,Supervisor,627,2016-03-28,176115.49
13863,Employee 13863,Procurement,Manager,622,2023-04-09,143232.82
13864,Employee 13864,Warehouse,Supervisor,421,2023-09-20,96427.67
13865,Employee 13865,Finance,Manager,643,2018-03-17,176248.61
13866,Employee 13866,Logistics,Associate,102,2017-12-16,107368.66
13867,Employee 13867,Sales,Coordinator,698,2016-07-20,68555.25
13868,Employee 13868,Logistics,Executive,107,2020-10-08,150241.35
13869,Employee 13869,Sales,Analyst,870,2021-11-08,86014.68
13870,Employee 13870,Operations,Coordinator,242,2015-01-13,49251.04
13871,Employee 13871,Procurement,Manager,843,2015-06-10,177819.28
13872,Employee 13872,Finance,Executive,907,2020-06-06,56228.83
13873,Employee 13873,Procurement,Manager,220,2015-01-20,20326.06
13874,Employee 13874,Operations,Analyst,438,2015-10-23,92599.74
13875,Employee 13875,Operations,Executive,910,2019-09-19,141846.32
13876,Employee 13876,Procurement,Coordinator,376,2019-07-14,177389.42
13877,Employee 13877,Operations,Analyst,58,2020-07-16,27610.58
13878,Employee 13878,Procurement,Executive,352,2021-02-22,73947.47
13879,Employee 13879,Warehouse,Manager,888,2015-12-09,36175.27
13880,Employee 13880,Operations,Executive,990,2016-05-01,177701.35
13881,Employee 13881,Sales,Supervisor,846,2019-06-23,91427.82
13882,Employee 13882,Logistics,Manager,480,2015-08-23,142534.64
13883,Employee 13883,Finance,Manager,38,2021-01-29,130428.36
13884,Employee 13884,Procurement,Executive,24,2021-07-19,114527.23
13885,Employee 13885,Finance,Analyst,179,2015-09-10,40300.28
13886,Employee 13886,Warehouse,Coordinator,442,2024-05-21,87141.9
13887,Employee 13887,Logistics,Manager,179,2019-01-23,84125.26
13888,Employee 13888,Finance,Analyst,914,2022-03-14,74435.84
13889,Employee 13889,Operations,Manager,368,2022-12-30,55771.64
13890,Employee 13890,Sales,Executive,435,2020-01-17,83168.75
13891,Employee 13891,Warehouse,Associate,319,2022-11-08,61171.26
13892,Employee 13892,Sales,Coordinator,17,2017-05-26,120358.28
13893,Employee 13893,Warehouse,Supervisor,28,2018-11-12,106132.54
13894,Employee 13894,Finance,Supervisor,740,2015-02-03,30979.41
13895,Employee 13895,Procurement,Manager,89,2020-07-14,55056.15
13896,Employee 13896,Sales,Coordinator,276,2019-10-14,132552.51
13897,Employee 13897,Procurement,Executive,869,2021-01-06,111075.9
13898,Employee 13898,Logistics,Executive,967,2023-01-11,61788.3
13899,Employee 13899,Finance,Executive,749,2019-06-23,111632.57
13900,Employee 13900,Operations,Coordinator,645,2022-12-05,46118.98
13901,Employee 13901,Finance,Manager,807,2018-10-08,163294.69
13902,Employee 13902,Logistics,Manager,317,2020-02-08,106131.7
13903,Employee 13903,Warehouse,Coordinator,824,2019-10-24,122130.56
13904,Employee 13904,Warehouse,Executive,394,2018-10-22,122550.58
13905,Employee 13905,Sales,Manager,486,2017-09-07,151374.95
13906,Employee 13906,Logistics,Supervisor,466,2021-02-19,100596.83
13907,Employee 13907,Procurement,Supervisor,682,2019-12-13,167404.44
13908,Employee 13908,Finance,Analyst,979,2021-10-27,116849.34
13909,Employee 13909,Sales,Manager,203,2022-05-08,64484.87
13910,Employee 13910,Sales,Associate,641,2020-07-01,26060.78
13911,Employee 13911,Finance,Manager,674,2020-08-27,177160.27
13912,Employee 13912,Sales,Executive,279,2023-03-30,25839.11
13913,Employee 13913,Sales,Manager,83,2018-03-24,173652.15
13914,Employee 13914,Sales ,Associate,35,2021-04-11,90855.88
13915,Employee 13915,Warehouse,Executive,630,2021-02-27,148205.23
13916,Employee 13916,Procurement,Executive,707,2016-05-18,79430.03
13917,Employee 13917,Warehouse,Coordinator,338,2020-11-22,80939.06
13918,Employee 13918,Warehouse,Executive,890,2023-10-01,47757.91
13919,Employee 13919,Warehouse,Coordinator,719,2024-01-19,38806.14
13920,Employee 13920,Logistics,Executive,15,2020-05-25,86756.14
13921,Employee 13921,Sales,Supervisor,589,2021-06-11,118632.04
13922,Employee 13922,Sales,Executive,423,2018-09-07,74229.92
13923,Employee 13923,Warehouse,Manager,815,2015-12-19,83639.4
13924,Employee 13924,Sales,Executive,440,2022-03-12,155007.37
13925,Employee 13925,Finance,Executive,734,2016-08-14,111479.46
13926,Employee 13926,Sales,Analyst,357,2024-05-18,63589.79
13927,Employee 13927,warehouse,Coordinator,60,2023-08-13,50215.59
13928,Employee 13928,Warehouse,Executive,560,2022-05-16,162520.12
13929,Employee 13929,Procurement,Executive,211,2023-10-25,-10000.0
13930,Employee 13930,Warehouse,Coordinator,712,2018-12-17,35813.61
13931,Employee 13931,Finance,Executive,415,2023-01-18,62006.15
13932,Employee 13932,Operations,Manager,759,2019-05-01,134285.81
13933,Employee 13933,Logistics,Supervisor,226,2022-12-12,63850.33
13934,Employee 13934,Logistics,Supervisor,150,2024-04-06,67731.73
13935,Employee 13935,Operations,Associate,999,2018-02-01,63249.77
13936,Employee 13936,Warehouse,Coordinator,61,2022-02-24,114005.11
13937,Employee 13937,Sales,Supervisor,339,2019-02-19,154819.75
13938,Employee 13938,Sales,Supervisor,782,2022-08-21,172986.66
13939,Employee 13939,Sales,Executive,189,2021-07-03,154069.81
13940,Employee 13940,Finance,Coordinator,179,2022-03-24,109827.37
13941,Employee 13941,Warehouse,Manager,418,2018-03-31,61096.28
13942,Employee 13942,Logistics,Associate,366,2021-10-11,102074.68
13943,Employee 13943,Finance,Manager,954,2020-01-16,19770.35
13944,Employee 13944,Warehouse,Analyst,351,2022-12-13,172476.08
13945,Employee 13945,Logistics,Coordinator,394,2021-08-09,95194.66
13946,Employee 13946,Procurement,Associate,747,2022-07-28,93462.38
13947,Employee 13947,Operations,Supervisor,65,2022-01-26,128197.0
13948,Employee 13948,Operations,Coordinator,976,2023-03-07,148375.27
13949,Employee 13949,procurement,Manager,189,2023-09-30,96946.48
13950,Employee 13950,Operations,Analyst,759,2017-01-18,177305.64
13951,Employee 13951,Logistics,Analyst,189,2024-07-07,38479.79
13952,Employee 13952,Finance,Supervisor,359,2020-09-07,31333.42
13953,Employee 13953,Sales,Coordinator,681,2020-01-12,166121.92
13954,Employee 13954,Operations,Manager,89,2020-08-06,94607.77
13955,Employee 13955,Finance,Coordinator,73,2020-06-20,129763.82
13956,Employee 13956,Warehouse,Associate,821,2020-04-28,68151.75
13957,Employee 13957,Finance,Coordinator,971,2020-02-04,34281.88
13958,Employee 13958,Procurement,Coordinator,865,2020-07-03,155121.94
13959,Employee 13959,Operations,Executive,895,2018-03-13,51262.56
13960,Employee 13960,Logistics,Coordinator,974,2020-04-14,95260.52
13961,Employee 13961,warehouse,Analyst,579,2022-05-30,122324.8
13962,Employee 13962,Procurement,Coordinator,877,2018-09-16,-10000.0
13963,Employee 13963,Finance,Coordinator,228,2023-12-15,166717.72
13964,Employee 13964,Finance,Associate,949,2023-05-18,117642.32
13965,Employee 13965,Operations,Associate,544,2021-12-18,33229.38
13966,Employee 13966,,Coordinator,774,2022-09-28,104288.09
13967,Employee 13967,Finance,Associate,970,2019-06-06,57424.92
13968,Employee 13968,Finance,Executive,937,2015-05-09,135489.6
13969,Employee 13969,Sales,Coordinator,440,2022-07-27,43559.87
13970,Employee 13970,Finance,Manager,451,2016-09-03,33744.77
13971,Employee 13971,Warehouse,Coordinator,518,2018-04-13,43692.22
13972,Employee 13972,Warehouse,Manager,841,2018-05-28,63815.71
13973,Employee 13973,Procurement,Associate,66,2019-05-01,62803.66
13974,Employee 13974,Finance,Coordinator,20,2018-10-07,61049.19
13975,Employee 13975,finance,Manager,401,2024-06-11,178304.93
13976,Employee 13976,Procurement,Supervisor,124,2021-02-19,86648.01
13977,Employee 13977,Logistics,Executive,859,2022-04-19,75448.41
13978,Employee 13978,Operations,Coordinator,737,2017-07-02,147079.79
13979,Employee 13979,Procurement,Manager,299,2024-01-30,80956.24
13980,Employee 13980,Sales,Executive,60,2021-07-07,25995.18
13981,Employee 13981,Finance,Supervisor,753,2019-01-03,131885.24
13982,Employee 13982,Finance ,Coordinator,305,2019-11-19,35580.53
13983,Employee 13983,Logistics,Supervisor,765,2022-08-14,81331.9
13984,Employee 13984,Finance,Coordinator,68,2021-01-23,171559.12
13985,Employee 13985,Procurement,Manager,71,2021-03-30,125260.49
13986,Employee 13986,Sales,Analyst,62,2015-06-20,65748.97
13987,Employee 13987,Sales,Supervisor,445,2022-06-08,24164.26
13988,Employee 13988,Sales,Supervisor,368,2015-03-14,35758.05
13989,Employee 13989,Procurement,Associate,541,2015-08-13,82142.66
13990,Employee 13990,Logistics,Executive,483,2020-08-05,67363.68
13991,Employee 13991,Finance,Coordinator,178,2020-03-20,24910.2
13992,Employee 13992,Operations,Coordinator,276,2021-06-30,80651.01
13993,Employee 13993,Procurement,Analyst,283,2017-03-19,135303.21
13994,Employee 13994,Logistics ,Coordinator,954,2018-03-31,166273.62
13995,Employee 13995,Sales,Executive,435,2023-03-21,61010.99
13996,Employee 13996,Warehouse,Manager,670,2015-12-04,129457.92
13997,Employee 13997,Operations,Manager,216,2021-06-05,133481.51
13998,Employee 13998,Logistics,Supervisor,272,2020-05-28,116313.33
13999,Employee 13999,Procurement,Analyst,815,2020-10-30,30312.05
14000,Employee 14000,Operations,Associate,822,2015-09-09,-10000.0
14001,Employee 14001,Logistics,Manager,258,2023-08-29,164479.33
14002,Employee 14002,Sales,Coordinator,874,2015-12-11,81427.57
14003,Employee 14003,Warehouse,Associate,237,2017-12-31,77726.87
14004,Employee 14004,Operations,Executive,652,2019-12-19,38818.19
14005,Employee 14005,Logistics,Executive,7,2023-01-22,167368.76
14006,Employee 14006,Warehouse,Manager,370,2022-08-25,81729.48
14007,Employee 14007,Sales,Supervisor,925,2023-07-23,51180.54
14008,Employee 14008,Logistics,Analyst,595,2022-08-23,93707.98
14009,Employee 14009,Sales,Supervisor,485,2017-05-15,125564.15
14010,Employee 14010,Logistics,Manager,755,2022-11-21,96589.51
14011,Employee 14011,Operations,Coordinator,461,2023-08-14,151610.76
14012,Employee 14012,Finance,Executive,931,2020-03-25,172003.12
14013,Employee 14013,Warehouse,Coordinator,717,2021-04-02,67050.85
14014,Employee 14014,Sales,Coordinator,183,2015-07-14,79886.28
14015,Employee 14015,Sales,Executive,599,2018-12-13,120038.0
14016,Employee 14016,Logistics,Supervisor,615,2021-02-21,21677.77
14017,Employee 14017,Finance,Coordinator,237,2015-11-30,60671.78
14018,Employee 14018,Procurement,Supervisor,293,2021-01-22,124297.01
14019,Employee 14019,Logistics,Analyst,924,2020-12-22,94865.65
14020,Employee 14020,Operations,Associate,307,2022-05-03,51277.37
14021,Employee 14021,Logistics,Associate,41,2020-10-10,127254.18
14022,Employee 14022,Sales,Manager,872,2023-12-07,77743.37
14023,Employee 14023,Operations,Supervisor,705,2019-10-20,36345.38
14024,Employee 14024,Warehouse,Supervisor,702,2017-06-19,65768.01
14025,Employee 14025,Operations,Supervisor,776,2015-01-20,124040.14
14026,Employee 14026,Operations,Executive,648,2024-07-31,149510.11
14027,Employee 14027,Sales,Supervisor,568,2022-03-01,179467.11
14028,Employee 14028,Operations,Analyst,948,2016-04-06,111369.64
14029,Employee 14029,Operations,Executive,506,2022-04-03,93417.79
14030,Employee 14030,Logistics,Manager,317,2016-09-09,38272.59
14031,Employee 14031,,Coordinator,664,2017-12-07,23263.56
14032,Employee 14032,Warehouse,Executive,598,2015-12-17,142611.91
14033,Employee 14033,Procurement,Supervisor,151,2021-05-29,61214.62
14034,Employee 14034,Operations,Supervisor,450,2015-03-20,105078.27
14035,Employee 14035,Sales,Coordinator,464,2018-07-02,150173.32
14036,Employee 14036,Procurement,Manager,354,2023-04-18,154088.03
14037,Employee 14037,Logistics,Supervisor,835,2017-11-18,102833.43
14038,Employee 14038,Procurement,Analyst,959,2024-01-16,115130.15
14039,Employee 14039,Operations,Manager,580,2020-06-26,43076.01
14040,Employee 14040,operations,Analyst,478,2021-08-05,162465.85
14041,Employee 14041,Logistics,Associate,41,2023-04-22,65689.99
14042,Employee 14042,Sales,Manager,950,2017-02-05,145807.42
14043,Employee 14043,Warehouse,Executive,178,2016-05-29,179469.56
14044,Employee 14044,Procurement,Coordinator,460,2016-11-23,150451.05
14045,Employee 14045,Logistics,Analyst,798,2024-04-24,60930.66
14046,Employee 14046,Logistics,Executive,607,2018-01-19,48118.88
14047,Employee 14047,Finance,Coordinator,167,2022-11-03,97846.04
14048,Employee 14048,Logistics,Supervisor,831,2020-01-23,111467.2
14049,Employee 14049,Logistics,Supervisor,598,2022-08-07,56114.73
14050,Employee 14050,Logistics,Coordinator,386,2016-12-01,143964.8
14051,Employee 14051,Warehouse,Executive,987,2016-07-24,173754.41
14052,Employee 14052,Logistics,Coordinator,618,2022-09-09,171306.2
14053,Employee 14053,Operations,Associate,632,2021-02-21,160407.1
14054,Employee 14054,Warehouse,Analyst,129,2016-04-09,50749.96
14055,Employee 14055,Finance,Analyst,802,2019-08-14,132978.68
14056,Employee 14056,Operations,Executive,173,2018-06-17,164072.62
14057,Employee 14057,Finance,Executive,740,2015-12-05,154111.63
14058,Employee 14058,Finance,Supervisor,581,2022-06-25,160987.76
14059,Employee 14059,Finance,Manager,202,2021-06-16,138136.13
14060,Employee 14060,Procurement,Manager,191,2016-03-26,75361.18
14061,Employee 14061,Operations,Associate,322,2020-11-08,19889.64
14062,Employee 14062,Finance,Associate,453,2017-08-01,18696.8
14063,Employee 14063,Finance,Associate,307,2021-11-13,152940.82
14064,Employee 14064,Logistics,Supervisor,870,2015-06-27,68885.09
14065,Employee 14065,Operations,Supervisor,589,2021-03-23,117345.01
14066,Employee 14066,Sales,Executive,1000,2022-01-12,130342.37
14067,Employee 14067,Finance,Supervisor,743,2020-05-30,22698.32
14068,Employee 14068,Operations,Executive,360,2021-04-12,130999.9
14069,Employee 14069,Sales,Analyst,737,2017-07-29,23671.16
14070,Employee 14070,Warehouse,Associate,96,2021-01-27,20851.83
14071,Employee 14071,Procurement,Analyst,998,2016-04-15,127605.6
14072,Employee 14072,sales,Coordinator,214,2017-06-21,30350.99
14073,Employee 14073,Procurement,Associate,560,2016-09-26,123455.37
14074,Employee 14074,Sales,Analyst,90,2023-05-03,42739.03
14075,Employee 14075,Finance,Executive,314,2017-03-27,55301.75
14076,Employee 14076,Sales,Analyst,692,2023-07-18,33016.19
14077,Employee 14077,Finance,Coordinator,245,2023-01-20,116164.66
14078,Employee 14078,Procurement,Analyst,717,2017-06-30,62877.68
14079,Employee 14079,Procurement,Supervisor,858,2017-10-18,21950.84
14080,Employee 14080,Operations,Coordinator,585,2022-01-06,37489.73
14081,Employee 14081,Logistics,Associate,964,2021-07-19,54928.74
14082,Employee 14082,Logistics,Analyst,815,2019-01-09,171156.72
14083,Employee 14083,Operations,Analyst,897,2022-08-27,103131.76
14084,Employee 14084,Warehouse,Executive,827,2016-08-21,171951.47
14085,Employee 14085,Operations,Analyst,608,2024-06-21,35173.97
14086,Employee 14086,Procurement,Manager,149,2022-10-26,132931.54
14087,Employee 14087,Warehouse,Manager,45,2017-07-09,170040.81
14088,Employee 14088,Procurement,Analyst,813,2016-02-08,44600.81
14089,Employee 14089,Finance,Supervisor,400,2015-10-08,82157.35
14090,Employee 14090,Finance,Analyst,489,2022-07-21,86196.23
14091,Employee 14091,Procurement,Executive,413,2015-05-04,32435.48
14092,Employee 14092,Sales,Manager,765,2016-03-08,114519.52
14093,Employee 14093,Operations,Associate,26,2019-05-02,67124.97
14094,Employee 14094,Finance,Associate,982,2022-02-27,117056.2
14095,Employee 14095,Procurement,Manager,802,2019-01-22,-10000.0
14096,Employee 14096,Warehouse ,Manager,865,2018-09-02,117865.09
14097,Employee 14097,Operations,Executive,34,2015-03-04,90051.11
14098,Employee 14098,Procurement,Executive,312,2019-03-12,24430.42
14099,Employee 14099,Logistics,Supervisor,70,2016-03-29,40701.28
14100,Employee 14100,Sales,Executive,952,2020-08-23,78873.55
14101,Employee 14101,Procurement,Analyst,844,2017-02-09,50492.01
14102,Employee 14102,Procurement,Executive,946,2018-05-29,93926.39
14103,Employee 14103,Logistics ,Coordinator,551,2024-04-11,66524.68
14104,Employee 14104,Procurement,Analyst,465,2020-06-07,35765.68
14105,Employee 14105,Procurement ,Supervisor,867,2015-11-18,31991.1
14106,Employee 14106,Procurement,Coordinator,860,2016-03-10,98283.53
14107,Employee 14107,Sales,Supervisor,652,2024-05-06,114389.34
14108,Employee 14108,Operations,Associate,926,2024-02-15,132982.58
14109,Employee 14109,Operations,Analyst,171,2019-07-30,99469.49
14110,Employee 14110,Procurement,Executive,594,2021-09-23,178037.42
14111,Employee 14111,Finance,Executive,744,2023-09-06,179305.33
14112,Employee 14112,Finance,Manager,834,2022-11-18,18615.1
14113,Employee 14113,Procurement,Executive,340,2023-03-28,179167.8
14114,Employee 14114,Logistics,Manager,160,2019-09-23,67455.76
14115,Employee 14115,Sales,Executive,966,2020-06-28,72236.25
14116,Employee 14116,Logistics,Manager,243,2021-02-17,153538.16
14117,Employee 14117,Operations,Associate,299,2021-12-02,102099.12
14118,Employee 14118,Logistics,Supervisor,387,2016-02-26,94515.58
14119,Employee 14119,Procurement,Analyst,3,2022-10-03,176794.82
14120,Employee 14120,Operations,Analyst,803,2017-12-22,122358.21
14121,Employee 14121,Procurement,Associate,491,2018-12-27,20067.39
14122,Employee 14122,Logistics,Supervisor,319,2018-03-07,179585.39
14123,Employee 14123,Operations,Analyst,908,2016-04-09,155770.95
14124,Employee 14124,Procurement,Executive,516,2015-08-13,89798.67
14125,Employee 14125,Warehouse,Manager,129,2019-12-16,81598.99
14126,Employee 14126,Warehouse,Supervisor,293,2020-07-29,83933.32
14127,Employee 14127,Logistics,Associate,852,2020-12-19,110855.51
14128,Employee 14128,Sales,Manager,666,2024-03-04,76528.76
14129,Employee 14129,Warehouse,Executive,618,2021-08-24,93331.71
14130,Employee 14130,Finance,Coordinator,893,2020-02-15,32540.01
14131,Employee 14131,Logistics,Associate,614,2022-11-08,162863.13
14132,Employee 14132,Logistics,Manager,732,2020-09-19,99252.22
14133,Employee 14133,Sales,Supervisor,754,2019-06-22,135145.76
14134,Employee 14134,Warehouse,Supervisor,631,2024-01-20,140950.22
14135,Employee 14135,Warehouse,Analyst,713,2021-06-19,175911.56
14136,Employee 14136,Operations,Associate,596,2022-08-01,64113.88
14137,Employee 14137,Warehouse,Manager,514,2023-03-10,123655.59
14138,Employee 14138,Finance,Coordinator,663,2021-12-23,103617.57
14139,Employee 14139,Operations,Manager,341,2024-04-05,93472.9
14140,Employee 14140,Procurement,Analyst,85,2020-03-20,61847.66
14141,Employee 14141,Finance,Executive,545,2015-05-20,20374.15
14142,Employee 14142,Operations,Analyst,929,2018-02-10,65137.62
14143,Employee 14143,Finance,Associate,304,2019-06-11,23087.37
14144,Employee 14144,Finance ,Coordinator,27,2015-09-24,142392.43
14145,Employee 14145,Procurement,Supervisor,112,2024-04-17,43898.05
14146,Employee 14146,Logistics,Analyst,653,2020-04-16,51066.49
14147,Employee 14147,Operations,Associate,274,2020-04-05,29608.9
14148,Employee 14148,Warehouse,Manager,444,2020-03-25,171349.61
14149,Employee 14149,Finance,Supervisor,783,2016-02-22,171690.59
14150,Employee 14150,Warehouse,Analyst,253,2024-05-18,176615.28
14151,Employee 14151,Warehouse,Manager,561,2018-12-27,124347.72
14152,Employee 14152,Logistics,Associate,413,2016-09-22,75923.28
14153,Employee 14153,Operations,Analyst,904,2015-11-13,99307.05
14154,Employee 14154,Finance,Manager,776,2018-07-15,134166.42
14155,Employee 14155,Logistics,Executive,530,2023-10-10,68820.52
14156,Employee 14156,Operations,Analyst,11,2015-11-07,35685.07
14157,Employee 14157,Finance,Supervisor,899,2018-07-04,32538.31
14158,Employee 14158,Warehouse,Supervisor,992,2017-02-07,112175.41
14159,Employee 14159,Procurement,Supervisor,283,2016-03-11,129740.09
14160,Employee 14160,Sales,Coordinator,392,2016-05-29,23327.59
14161,Employee 14161,Finance,Executive,886,2022-10-20,123175.96
14162,Employee 14162,Warehouse,Associate,199,2020-07-20,72217.15
14163,Employee 14163,Sales,Executive,926,2015-07-17,114959.35
14164,Employee 14164,Procurement,Associate,959,2020-09-20,104470.82
14165,Employee 14165,Logistics,Supervisor,892,2017-05-15,28708.94
14166,Employee 14166,Procurement,Associate,438,2020-04-23,171604.18
14167,Employee 14167,Operations,Manager,990,2019-08-15,110066.2
14168,Employee 14168,Warehouse,Coordinator,87,2017-01-07,33711.28
14169,Employee 14169,Warehouse,Supervisor,247,2023-07-20,29178.37
14170,Employee 14170,Operations,Associate,390,2018-06-27,67548.1
14171,Employee 14171,Sales,Coordinator,367,2017-04-14,117311.69
14172,Employee 14172,Procurement,Analyst,120,2018-01-22,109051.6
14173,Employee 14173,Logistics,Coordinator,752,2023-05-28,112221.7
14174,Employee 14174,Warehouse,Executive,268,2024-03-14,165802.98
14175,Employee 14175,Finance,Supervisor,579,2016-08-14,112268.39
14176,Employee 14176,Procurement,Associate,96,2022-02-19,177050.21
14177,Employee 14177,Warehouse,Analyst,559,2016-10-11,126020.87
14178,Employee 14178,,Analyst,477,2019-08-25,73540.2
14179,Employee 14179,Warehouse,Associate,31,2018-08-14,92654.11
14180,Employee 14180,Sales,Analyst,944,2017-04-25,151753.57
14181,Employee 14181,Procurement,Executive,357,2022-09-25,42277.19
14182,Employee 14182,Operations,Manager,652,2021-06-05,174092.46
14183,Employee 14183,Finance,Supervisor,6,2024-05-26,166597.3
14184,Employee 14184,Warehouse,Executive,840,2024-07-24,146305.76
14185,Employee 14185,Logistics,Manager,218,2016-07-12,114711.78
14186,Employee 14186,Sales,Supervisor,234,2020-05-05,73185.75
14187,Employee 14187,Warehouse,Manager,23,2017-03-21,51757.92
14188,Employee 14188,Sales,Supervisor,427,2019-05-13,143239.22
14189,Employee 14189,Warehouse,Executive,33,2015-08-23,170153.46
14190,Employee 14190,Warehouse,Manager,132,2023-12-25,71860.94
14191,Employee 14191,Sales,Coordinator,891,2017-02-06,20773.56
14192,Employee 14192,Sales,Manager,50,2015-11-23,123407.05
14193,Employee 14193,Operations,Manager,528,2015-08-19,165532.37
14194,Employee 14194,Sales,Associate,746,2020-04-06,67529.92
14195,Employee 14195,Sales,Coordinator,528,2023-07-07,52090.29
14196,Employee 14196,Warehouse,Associate,786,2016-09-21,131454.62
14197,Employee 14197,Sales,Executive,337,2023-07-15,111019.51
14198,Employee 14198,Finance,Supervisor,434,2016-03-13,27346.31
14199,Employee 14199,Finance,Supervisor,897,2019-05-05,108131.41
14200,Employee 14200,Operations,Supervisor,110,2018-03-12,69935.6
14201,Employee 14201,Operations,Manager,507,2017-07-19,170603.34
14202,Employee 14202,sales,Analyst,146,2016-12-21,162944.96
14203,Employee 14203,Procurement,Associate,286,2018-12-02,46210.36
14204,Employee 14204,Operations,Executive,173,2024-01-30,32470.77
14205,Employee 14205,Procurement,Analyst,287,2021-01-27,78975.79
14206,Employee 14206,Finance,Executive,142,2020-03-15,122898.51
14207,Employee 14207,Logistics,Analyst,17,2015-06-24,168320.32
14208,Employee 14208,Sales,Associate,393,2015-06-09,97779.77
14209,Employee 14209,Finance,Executive,232,2023-01-30,37374.73
14210,Employee 14210,operations,Associate,130,2022-04-12,89679.06
14211,Employee 14211,Procurement,Manager,385,2015-10-28,153175.23
14212,Employee 14212,Warehouse,Coordinator,216,2022-03-27,37531.78
14213,Employee 14213,Procurement,Supervisor,135,2015-01-25,126803.2
14214,Employee 14214,Operations,Associate,473,2021-04-01,154824.44
14215,Employee 14215,Operations,Coordinator,919,2019-05-30,70191.22
14216,Employee 14216,Operations,Executive,800,2017-05-02,68510.45
14217,Employee 14217,Finance,Associate,879,2023-01-02,58112.01
14218,Employee 14218,Finance,Supervisor,150,2019-01-15,64018.64
14219,Employee 14219,Logistics,Coordinator,95,2016-01-19,168616.37
14220,Employee 14220,Finance,Analyst,772,2017-07-03,175468.62
14221,Employee 14221,Finance,Executive,483,2017-07-28,144394.32
14222,Employee 14222,Sales,Executive,493,2016-08-27,18912.92
14223,Employee 14223,Sales,Analyst,438,2021-02-08,165821.81
14224,Employee 14224,Warehouse ,Associate,996,2015-01-13,68929.35
14225,Employee 14225,Logistics,Analyst,876,2021-05-17,71240.67
14226,Employee 14226,Warehouse,Analyst,426,2017-08-05,37245.29
14227,Employee 14227,Logistics,Manager,398,2022-04-07,26116.58
14228,Employee 14228,Warehouse,Executive,895,2023-12-16,118371.64
14229,Employee 14229,Operations,Coordinator,972,2020-03-05,174279.77
14230,Employee 14230,Procurement,Coordinator,295,2016-10-04,49506.51
14231,Employee 14231,Finance,Associate,885,2020-06-01,83397.48
14232,Employee 14232,Sales,Executive,864,2020-04-18,125322.37
14233,Employee 14233,Logistics,Associate,677,2018-03-01,74635.81
14234,Employee 14234,Sales,Analyst,997,2024-06-13,54535.09
14235,Employee 14235,Finance,Manager,27,2015-06-19,55764.15
14236,Employee 14236,Logistics,Manager,254,2018-05-17,170006.88
14237,Employee 14237,Finance,Coordinator,488,2023-01-05,28400.45
14238,Employee 14238,Warehouse,Associate,233,2023-09-04,0.0
14239,Employee 14239,Finance,Manager,941,2015-11-19,173865.44
14240,Employee 14240,Finance,Analyst,648,2019-08-03,43054.19
14241,Employee 14241,Operations,Supervisor,68,2015-01-05,140457.54
14242,Employee 14242,Finance,Analyst,185,2023-02-13,36397.74
14243,Employee 14243,Finance,Analyst,923,2015-10-07,158836.32
14244,Employee 14244,Sales,Associate,149,2022-03-17,131310.61
14245,Employee 14245,Logistics,Manager,193,2015-09-06,102268.81
14246,Employee 14246,Procurement,Manager,967,2018-05-20,178892.82
14247,Employee 14247,Operations,Analyst,51,2018-09-15,52923.63
14248,Employee 14248,Procurement,Supervisor,450,2019-05-04,131466.11
14249,Employee 14249,Sales,Executive,98,2020-11-23,25254.8
14250,Employee 14250,Operations,Manager,720,2017-04-03,105470.39
14251,Employee 14251,Logistics,Supervisor,414,2022-04-29,108185.14
14252,Employee 14252,Procurement,Manager,741,2020-05-22,144086.47
14253,Employee 14253,,Associate,107,2018-12-11,125869.46
14254,Employee 14254,Operations,Supervisor,53,2019-09-29,109784.67
14255,Employee 14255,Logistics,Associate,164,2023-03-20,113892.34
14256,Employee 14256,Logistics,Manager,37,2022-06-30,82231.42
14257,Employee 14257,Warehouse,Analyst,766,2024-07-22,114663.26
14258,Employee 14258,Sales,Manager,99,2015-06-24,72596.27
14259,Employee 14259,Finance,Associate,815,2019-12-24,84466.71
14260,Employee 14260,Operations,Analyst,335,2017-10-03,52288.02
14261,Employee 14261,Procurement,Supervisor,569,2023-11-05,24171.95
14262,Employee 14262,Finance ,Manager,180,2024-03-12,80226.0
14263,Employee 14263,Warehouse,Manager,466,2018-12-30,162936.18
14264,Employee 14264,Warehouse,Analyst,441,2022-07-08,108074.24
14265,Employee 14265,Finance,Coordinator,953,2023-12-20,65785.43
14266,Employee 14266,Logistics,Analyst,207,2016-06-12,54985.88
14267,Employee 14267,Warehouse,Manager,209,2019-07-07,119398.43
14268,Employee 14268,Logistics,Coordinator,446,2016-01-08,28941.71
14269,Employee 14269,Finance,Associate,998,2017-01-06,25452.66
14270,Employee 14270,Operations,Coordinator,268,2018-12-27,71181.06
14271,Employee 14271,Warehouse,Supervisor,392,2020-02-07,153922.51
14272,Employee 14272,,Analyst,103,2017-05-02,150885.01
14273,Employee 14273,Finance,Supervisor,849,2016-09-19,163339.32
14274,Employee 14274,procurement,Analyst,553,2015-06-10,24366.35
14275,Employee 14275,Sales,Associate,535,2017-07-22,123156.33
14276,Employee 14276,Warehouse,Analyst,942,2024-07-07,158215.93
14277,Employee 14277,Procurement,Associate,97,2015-10-11,86306.25
14278,Employee 14278,Operations,Supervisor,763,2019-02-06,115598.52
14279,Employee 14279,Warehouse,Coordinator,68,2016-10-10,127484.58
14280,Employee 14280,Finance,Manager,633,2018-12-01,40718.2
14281,Employee 14281,Sales,Executive,310,2022-03-05,167039.47
14282,Employee 14282,Warehouse,Supervisor,791,2015-06-09,144169.18
14283,Employee 14283,Sales,Coordinator,853,2017-10-09,25968.76
14284,Employee 14284,Procurement,Associate,311,2016-01-08,110916.08
14285,Employee 14285,Logistics,Analyst,505,2017-10-06,52614.92
14286,Employee 14286,Logistics,Associate,224,2016-01-15,149062.56
14287,Employee 14287,Operations,Manager,662,2018-03-03,152758.66
14288,Employee 14288,Procurement,Analyst,771,2019-12-13,179241.64
14289,Employee 14289,Operations,Associate,603,2021-12-07,169056.18
14290,Employee 14290,warehouse,Executive,838,2018-12-11,58549.99
14291,Employee 14291,Operations,Executive,512,2019-03-27,102848.25
14292,Employee 14292,Procurement,Coordinator,204,2017-03-28,84367.21
14293,Employee 14293,Logistics,Coordinator,633,2021-06-08,75586.0
14294,Employee 14294,Finance,Coordinator,75,2016-03-22,38924.4
14295,Employee 14295,,Manager,990,2024-03-06,88148.51
14296,Employee 14296,Operations,Analyst,588,2017-05-14,148754.68
14297,Employee 14297,Sales,Associate,667,2019-07-16,118042.53
14298,Employee 14298,Finance,Coordinator,339,2018-06-08,37163.71
14299,Employee 14299,Logistics,Associate,875,2019-06-27,98989.38
14300,Employee 14300,Finance,Coordinator,498,2024-04-12,81955.87
14301,Employee 14301,Sales,Coordinator,798,2016-03-16,97081.07
14302,Employee 14302,Operations,Coordinator,756,2021-09-18,160901.23
14303,Employee 14303,Logistics,Manager,999,2016-10-22,119081.87
14304,Employee 14304,Logistics,Supervisor,500,2022-01-18,117018.5
14305,Employee 14305,Logistics,Analyst,726,2020-11-07,155464.55
14306,Employee 14306,Operations,Analyst,212,2022-05-21,78400.8
14307,Employee 14307,Operations,Analyst,566,2016-01-22,79972.97
14308,Employee 14308,Operations,Associate,718,2024-06-21,174937.15
14309,Employee 14309,Logistics ,Coordinator,886,2019-09-18,85801.14
14310,Employee 14310,logistics,Manager,693,2017-05-31,116350.27
14311,Employee 14311,Logistics,Coordinator,998,2022-08-30,134490.81
14312,Employee 14312,Finance,Manager,536,2022-04-21,176186.48
14313,Employee 14313,Warehouse,Supervisor,311,2024-07-25,128754.7
14314,Employee 14314,Procurement,Manager,20,2017-03-18,120004.77
14315,Employee 14315,Logistics,Manager,127,2016-05-10,120298.88
14316,Employee 14316,,Manager,651,2016-08-15,58307.33
14317,Employee 14317,Finance,Supervisor,422,2023-10-02,58998.72
14318,Employee 14318,Finance,Manager,979,2015-07-23,45509.43
14319,Employee 14319,Sales,Coordinator,931,2022-10-03,84853.16
14320,Employee 14320,Sales,Associate,106,2021-12-09,106030.71
14321,Employee 14321,Procurement,Executive,859,2018-07-18,24452.33
14322,Employee 14322,Warehouse,Analyst,216,2015-10-23,78494.36
14323,Employee 14323,Operations,Associate,810,2020-11-16,103776.4
14324,Employee 14324,Logistics,Associate,86,2023-05-13,122824.21
14325,Employee 14325,Logistics,Manager,285,2023-03-01,57725.1
14326,Employee 14326,Sales,Coordinator,73,2017-02-02,30295.06
14327,Employee 14327,Sales,Executive,837,2019-01-05,130305.53
14328,Employee 14328,Procurement,Executive,87,2022-10-14,117608.49
14329,Employee 14329,Logistics,Supervisor,402,2020-11-20,116372.14
14330,Employee 14330,Logistics,Associate,735,2022-11-08,128692.17
14331,Employee 14331,Logistics,Associate,421,2019-01-25,119638.38
14332,Employee 14332,Sales,Coordinator,894,2020-12-20,65326.82
14333,Employee 14333,Warehouse,Manager,403,2018-05-24,143030.59
14334,Employee 14334,Procurement,Associate,656,2020-11-18,35778.84
14335,Employee 14335,Warehouse ,Analyst,418,2016-05-02,53702.85
14336,Employee 14336,Sales,Executive,972,2022-02-04,133713.1
14337,Employee 14337,Warehouse,Associate,871,2016-07-01,148191.93
14338,Employee 14338,Procurement,Manager,728,2022-07-08,112634.8
14339,Employee 14339,Logistics,Analyst,410,2024-03-07,143794.04
14340,Employee 14340,Warehouse,Coordinator,625,2017-05-06,50268.71
14341,Employee 14341,Procurement,Analyst,204,2022-08-27,159514.38
14342,Employee 14342,Logistics,Coordinator,33,2021-08-29,137238.31
14343,Employee 14343,Operations,Executive,771,2021-06-24,94852.88
14344,Employee 14344,Logistics,Supervisor,580,2024-01-15,37252.14
14345,Employee 14345,Finance,Analyst,929,2016-11-25,63185.96
14346,Employee 14346,Procurement,Executive,828,2023-10-26,128440.48
14347,Employee 14347,Finance,Coordinator,946,2016-07-27,73314.99
14348,Employee 14348,Finance,Associate,685,2016-09-04,149458.54
14349,Employee 14349,Operations,Associate,122,2020-11-04,168443.57
14350,Employee 14350,Warehouse,Coordinator,562,2016-04-14,77881.49
14351,Employee 14351,Procurement,Coordinator,649,2022-07-17,136700.59
14352,Employee 14352,Procurement,Manager,85,2018-07-13,173162.99
14353,Employee 14353,Sales,Supervisor,600,2019-03-30,75402.47
14354,Employee 14354,Logistics ,Associate,176,2022-01-05,73571.27
14355,Employee 14355,Finance,Coordinator,303,2017-10-27,38035.18
14356,Employee 14356,Warehouse,Supervisor,933,2015-11-02,37231.11
14357,Employee 14357,Sales,Manager,992,2021-04-09,80979.75
14358,Employee 14358,Warehouse,Coordinator,699,2023-10-16,129822.29
14359,Employee 14359,Procurement,Associate,438,2023-12-09,114475.8
14360,Employee 14360,Logistics,Analyst,797,2017-06-15,100090.52
14361,Employee 14361,Operations,Supervisor,281,2016-07-29,67979.88
14362,Employee 14362,Operations,Supervisor,164,2022-01-17,19561.88
14363,Employee 14363,Procurement,Supervisor,92,2019-11-06,36034.54
14364,Employee 14364,Operations,Manager,746,2022-04-09,117572.07
14365,Employee 14365,Finance,Executive,788,2024-05-24,40204.56
14366,Employee 14366,Operations,Analyst,651,2021-09-18,22688.01
14367,Employee 14367,Logistics,Analyst,522,2016-01-10,107098.97
14368,Employee 14368,Warehouse,Coordinator,96,2016-03-23,105366.9
14369,Employee 14369,Logistics,Manager,727,2023-09-09,103125.76
14370,Employee 14370,Warehouse ,Manager,424,2021-01-07,37509.23
14371,Employee 14371,Sales,Associate,109,2016-07-05,171855.8
14372,Employee 14372,Operations,Analyst,957,2024-01-24,170232.02
14373,Employee 14373,Logistics,Coordinator,303,2015-12-28,106673.31
14374,Employee 14374,Warehouse,Analyst,881,2020-12-25,81913.98
14375,Employee 14375,Logistics,Associate,483,2022-03-13,144949.49
14376,Employee 14376,Logistics,Executive,850,2022-05-17,155859.06
14377,Employee 14377,Sales,Manager,580,2016-08-31,101745.4
14378,Employee 14378,Operations,Coordinator,826,2019-10-22,32307.07
14379,Employee 14379,Logistics,Coordinator,909,2021-02-13,39188.05
14380,Employee 14380,Operations,Manager,29,2019-06-30,120212.06
14381,Employee 14381,Logistics,Supervisor,487,2015-10-02,104965.76
14382,Employee 14382,Finance,Executive,603,2023-02-22,30573.39
14383,Employee 14383,Sales,Coordinator,225,2020-03-03,45961.78
14384,Employee 14384,Logistics,Associate,431,2019-09-18,117186.09
14385,Employee 14385,Warehouse,Supervisor,153,2021-12-25,78119.06
14386,Employee 14386,Warehouse,Supervisor,90,2022-09-17,92089.85
14387,Employee 14387,,Executive,883,2024-06-06,40807.48
14388,Employee 14388,Procurement,Coordinator,245,2020-05-06,122630.24
14389,Employee 14389,Operations,Supervisor,48,2022-11-28,25655.19
14390,Employee 14390,Logistics ,Executive,768,2021-04-20,92770.94
14391,Employee 14391,Operations,Associate,828,2022-05-11,103519.22
14392,Employee 14392,Finance,Analyst,264,2021-10-13,33899.76
14393,Employee 14393,Warehouse,Analyst,704,2017-08-13,168286.19
14394,Employee 14394,Operations,Manager,433,2018-04-20,169550.21
14395,Employee 14395,Procurement,Executive,724,2016-09-02,84686.24
14396,Employee 14396,Warehouse,Associate,275,2021-06-14,60988.21
14397,Employee 14397,Logistics,Associate,693,2023-12-02,23336.04
14398,Employee 14398,Finance,Coordinator,206,2020-02-17,145300.3
14399,Employee 14399,Sales,Analyst,386,2016-05-05,19374.73
14400,Employee 14400,Operations,Coordinator,241,2017-01-05,61043.65
14401,Employee 14401,Warehouse,Manager,496,2015-05-20,70316.68
14402,Employee 14402,Warehouse,Analyst,56,2019-11-19,66442.43
14403,Employee 14403,Logistics,Associate,224,2021-02-10,73531.25
14404,Employee 14404,Logistics,Analyst,654,2016-08-24,95640.06
14405,Employee 14405,Sales,Analyst,767,2016-03-07,155711.08
14406,Employee 14406,Finance,Executive,1000,2023-11-11,26640.55
14407,Employee 14407,Logistics,Manager,222,2015-10-25,131194.13
14408,Employee 14408,Sales,Supervisor,1000,2018-06-06,96412.73
14409,Employee 14409,Finance,Manager,34,2023-11-13,18286.62
14410,Employee 14410,Sales,Manager,135,2015-07-26,99607.11
14411,Employee 14411,Warehouse,Analyst,436,2021-05-06,22619.01
14412,Employee 14412,Operations,Analyst,436,2022-04-06,81017.28
14413,Employee 14413,Procurement,Supervisor,232,2023-11-25,29402.8
14414,Employee 14414,Sales,Supervisor,268,2024-07-01,104840.81
14415,Employee 14415,Finance,Analyst,97,2018-06-21,179639.26
14416,Employee 14416,Finance,Manager,825,2015-11-19,65906.17
14417,Employee 14417,Operations,Supervisor,471,2021-01-29,173960.34
14418,Employee 14418,Sales,Coordinator,196,2018-10-17,111796.78
14419,Employee 14419,Finance,Analyst,538,2019-12-23,104357.94
14420,Employee 14420,Logistics,Coordinator,334,2019-01-31,141656.15
14421,Employee 14421,Finance,Analyst,842,2017-03-22,57907.56
14422,Employee 14422,Logistics,Manager,678,2021-11-03,28866.74
14423,Employee 14423,Procurement,Supervisor,638,2018-01-09,112514.17
14424,Employee 14424,Warehouse,Executive,622,2016-11-24,149134.44
14425,Employee 14425,Operations,Analyst,615,2022-05-06,125113.04
14426,Employee 14426,Warehouse,Manager,226,2024-04-12,46903.42
14427,Employee 14427,Warehouse,Associate,323,2021-06-16,76445.8
14428,Employee 14428,Operations,Associate,29,2021-10-28,0.0
14429,Employee 14429,Sales,Executive,947,2016-03-22,34166.82
14430,Employee 14430,Operations,Analyst,896,2018-12-14,140350.22
14431,Employee 14431,Logistics,Manager,590,2017-09-15,110554.46
14432,Employee 14432,Procurement,Associate,863,2021-04-30,121965.96
14433,Employee 14433,Warehouse,Analyst,883,2022-11-17,103492.84
14434,Employee 14434,Sales,Coordinator,889,2016-10-27,96439.3
14435,Employee 14435,Operations,Coordinator,903,2017-11-17,128260.65
14436,Employee 14436,sales,Associate,150,2015-07-20,137486.56
14437,Employee 14437,Sales,Analyst,156,2022-07-10,97260.35
14438,Employee 14438,Finance,Analyst,483,2019-07-21,37670.57
14439,Employee 14439,Sales,Supervisor,674,2016-01-31,40260.87
14440,Employee 14440,Procurement,Executive,460,2017-01-30,164448.15
14441,Employee 14441,Logistics,Coordinator,583,2023-01-19,61559.56
14442,Employee 14442,Warehouse,Associate,809,2015-04-17,144445.06
14443,Employee 14443,Logistics,Analyst,238,2020-09-25,134316.87
14444,Employee 14444,Finance,Analyst,484,2021-11-28,97578.15
14445,Employee 14445,Finance,Analyst,634,2021-10-09,58189.72
14446,Employee 14446,operations,Manager,402,2024-05-26,81243.97
14447,Employee 14447,Procurement,Coordinator,733,2017-08-23,69218.49
14448,Employee 14448,Finance,Executive,634,2019-08-19,103374.45
14449,Employee 14449,Sales,Coordinator,311,2020-05-14,110266.2
14450,Employee 14450,Logistics,Supervisor,432,2016-02-25,37551.78
14451,Employee 14451,Warehouse,Supervisor,857,2015-02-22,173229.35
14452,Employee 14452,Logistics,Associate,752,2016-07-27,179478.09
14453,Employee 14453,Warehouse,Manager,285,2018-03-23,34162.53
14454,Employee 14454,Warehouse,Analyst,88,2016-12-08,123305.7
14455,Employee 14455,Finance,Supervisor,265,2016-02-10,62282.44
14456,Employee 14456,Logistics,Manager,830,2018-08-28,148584.39
14457,Employee 14457,Procurement,Supervisor,785,2015-10-29,47642.45
14458,Employee 14458,Procurement,Coordinator,330,2015-09-16,52192.49
14459,Employee 14459,Warehouse,Coordinator,310,2015-12-22,23205.65
14460,Employee 14460,Warehouse,Executive,888,2016-09-08,80689.82
14461,Employee 14461,Logistics,Associate,131,2020-10-25,27224.02
14462,Employee 14462,Procurement,Coordinator,716,2022-11-16,136534.01
14463,Employee 14463,Procurement,Executive,805,2022-01-05,53424.44
14464,Employee 14464,Logistics,Manager,675,2020-12-11,121744.81
14465,Employee 14465,Sales,Associate,362,2016-06-29,154550.54
14466,Employee 14466,Procurement,Coordinator,496,2017-06-13,140432.98
14467,Employee 14467,Finance,Supervisor,958,2015-10-01,99639.39
14468,Employee 14468,Finance,Supervisor,594,2018-08-13,67945.17
14469,Employee 14469,Warehouse,Coordinator,232,2020-01-10,93758.9
14470,Employee 14470,Procurement,Manager,255,2023-05-11,80821.2
14471,Employee 14471,Finance,Analyst,546,2022-12-07,179128.64
14472,Employee 14472,Logistics,Analyst,220,2018-10-16,151299.07
14473,Employee 14473,Sales,Analyst,770,2022-12-31,93230.67
14474,Employee 14474,Sales,Executive,379,2022-03-23,72282.82
14475,Employee 14475,Warehouse,Analyst,818,2016-03-12,79836.35
14476,Employee 14476,Warehouse,Analyst,430,2017-11-19,30416.93
14477,Employee 14477,Sales,Executive,697,2017-08-15,121871.97
14478,Employee 14478,Warehouse,Analyst,510,2023-12-19,103886.7
14479,Employee 14479,Finance,Coordinator,114,2015-09-02,75416.64
14480,Employee 14480,Warehouse,Supervisor,714,2022-08-05,85295.64
14481,Employee 14481,Warehouse,Associate,138,2024-07-12,19138.75
14482,Employee 14482,Procurement,Supervisor,437,2021-05-24,179330.95
14483,Employee 14483,Warehouse,Manager,211,2022-06-19,46252.79
14484,Employee 14484,Warehouse,Analyst,140,2016-05-28,67658.54
14485,Employee 14485,Sales,Executive,900,2019-07-07,145168.24
14486,Employee 14486,Sales,Analyst,595,2024-06-05,23638.2
14487,Employee 14487,Sales,Manager,826,2022-03-26,113387.39
14488,Employee 14488,Warehouse,Supervisor,355,2019-08-21,97984.74
14489,Employee 14489,Procurement,Coordinator,210,2019-06-04,88662.13
14490,Employee 14490,Logistics,Associate,259,2023-09-13,0.0
14491,Employee 14491,Sales,Supervisor,217,2021-12-11,57917.19
14492,Employee 14492,Logistics,Executive,231,2021-01-19,71260.42
14493,Employee 14493,Warehouse,Coordinator,873,2023-11-22,124518.84
14494,Employee 14494,,Analyst,746,2018-10-20,130434.31
14495,Employee 14495,Procurement,Manager,725,2022-05-02,65221.36
14496,Employee 14496,Logistics,Associate,517,2022-09-03,39914.49
14497,Employee 14497,Sales,Analyst,774,2018-11-25,67521.82
14498,Employee 14498,Operations,Executive,534,2023-04-10,165508.74
14499,Employee 14499,Operations,Analyst,79,2018-06-17,139598.02
14500,Employee 14500,Operations,Associate,194,2015-03-06,18778.02
14501,Employee 14501,Operations,Associate,455,2023-01-27,69901.8
14502,Employee 14502,Sales,Executive,43,2022-08-26,135919.24
14503,Employee 14503,Operations,Executive,713,2021-06-13,104597.95
14504,Employee 14504,Warehouse,Supervisor,703,2023-06-17,156151.27
14505,Employee 14505,Finance,Supervisor,98,2018-06-10,52722.92
14506,Employee 14506,Operations,Analyst,651,2024-03-29,56655.56
14507,Employee 14507,Finance,Manager,683,2024-04-10,146891.17
14508,Employee 14508,Logistics,Executive,959,2020-11-10,163222.08
14509,Employee 14509,Warehouse,Executive,642,2017-07-15,31556.1
14510,Employee 14510,Logistics,Supervisor,646,2018-06-07,32590.07
14511,Employee 14511,Logistics,Analyst,773,2023-11-11,146109.82
14512,Employee 14512,Procurement,Coordinator,72,2015-06-15,106307.39
14513,Employee 14513,Logistics,Supervisor,742,2021-03-24,18563.53
14514,Employee 14514,Finance,Supervisor,637,2020-11-14,150272.4
14515,Employee 14515,Logistics,Associate,334,2019-05-21,73804.37
14516,Employee 14516,Sales,Manager,500,2017-02-15,177336.03
14517,Employee 14517,Finance,Supervisor,386,2015-05-09,87081.57
14518,Employee 14518,Sales,Executive,957,2016-10-27,110710.84
14519,Employee 14519,Procurement,Coordinator,229,2017-06-01,39084.61
14520,Employee 14520,Sales,Coordinator,657,2015-07-20,27663.38
14521,Employee 14521,Operations,Supervisor,225,2022-05-24,71676.81
14522,Employee 14522,Warehouse,Coordinator,57,2017-01-28,42300.1
14523,Employee 14523,Logistics,Associate,521,2018-01-18,152490.92
14524,Employee 14524,Finance,Executive,298,2015-05-16,132011.65
14525,Employee 14525,Procurement,Supervisor,920,2017-10-26,91338.26
14526,Employee 14526,Logistics,Coordinator,607,2023-02-22,72436.17
14527,Employee 14527,Logistics,Supervisor,911,2023-04-13,164646.76
14528,Employee 14528,,Coordinator,196,2019-09-16,179325.19
14529,Employee 14529,Logistics,Coordinator,719,2015-07-04,101640.51
14530,Employee 14530,Procurement,Associate,283,2023-11-24,47383.05
14531,Employee 14531,Warehouse,Analyst,360,2019-09-16,164765.74
14532,Employee 14532,Procurement,Supervisor,114,2018-12-26,122072.67
14533,Employee 14533,Procurement,Associate,122,2023-05-03,75910.83
14534,Employee 14534,Finance,Associate,227,2021-08-27,168376.98
14535,Employee 14535,Finance,Associate,979,2017-12-26,166252.69
14536,Employee 14536,Warehouse,Analyst,10,2024-01-15,62393.35
14537,Employee 14537,Procurement,Supervisor,436,2016-07-18,154375.55
14538,Employee 14538,Finance,Analyst,670,2024-03-27,91274.81
14539,Employee 14539,Operations,Associate,418,2016-08-29,18579.63
14540,Employee 14540,Warehouse,Associate,305,2023-08-20,31590.24
14541,Employee 14541,Operations,Supervisor,624,2016-05-30,147563.02
14542,Employee 14542,Logistics,Analyst,297,2022-02-23,86591.12
14543,Employee 14543,Logistics,Analyst,49,2022-03-19,41253.56
14544,Employee 14544,Operations,Associate,863,2016-07-27,175419.08
14545,Employee 14545,Warehouse,Analyst,663,2016-08-25,72847.71
14546,Employee 14546,Procurement,Analyst,72,2024-07-13,55491.26
14547,Employee 14547,Warehouse ,Analyst,277,2024-07-20,56877.76
14548,Employee 14548,Logistics,Manager,716,2022-12-01,66235.98
14549,Employee 14549,Logistics,Coordinator,592,2022-06-04,94135.38
14550,Employee 14550,Logistics,Executive,249,2023-05-04,53277.71
14551,Employee 14551,Sales,Associate,377,2018-01-21,36494.7
14552,Employee 14552,Procurement,Manager,284,2022-03-18,53675.64
14553,Employee 14553,Logistics,Coordinator,91,2024-07-06,92163.37
14554,Employee 14554,Logistics,Coordinator,450,2021-05-04,70015.54
14555,Employee 14555,operations,Analyst,837,2022-05-21,71501.23
14556,Employee 14556,Sales,Analyst,456,2016-06-06,179259.35
14557,Employee 14557,Sales,Manager,970,2021-12-27,178664.75
14558,Employee 14558,Warehouse,Associate,367,2016-09-16,118552.56
14559,Employee 14559,Operations,Associate,39,2016-03-30,104126.01
14560,Employee 14560,Sales,Executive,264,2015-08-10,90575.88
14561,Employee 14561,Procurement,Executive,778,2015-04-04,21490.46
14562,Employee 14562,Operations,Executive,419,2019-11-28,157487.64
14563,Employee 14563,Logistics,Coordinator,262,2021-10-01,20363.6
14564,Employee 14564,Operations,Coordinator,651,2019-06-08,170724.98
14565,Employee 14565,Operations,Analyst,428,2017-02-12,25053.95
14566,Employee 14566,Warehouse,Analyst,799,2022-05-18,46001.13
14567,Employee 14567,Logistics,Executive,511,2020-06-28,88838.58
14568,Employee 14568,Sales,Coordinator,434,2016-11-23,142654.03
14569,Employee 14569,Logistics,Associate,672,2016-09-22,37721.33
14570,Employee 14570,Warehouse,Analyst,40,2015-12-05,72931.34
14571,Employee 14571,Sales,Manager,407,2020-07-01,123155.67
14572,Employee 14572,Procurement,Executive,364,2020-11-25,60801.84
14573,Employee 14573,Procurement,Associate,411,2018-04-11,84262.87
14574,Employee 14574,Procurement,Associate,951,2018-02-25,122818.09
14575,Employee 14575,Logistics,Coordinator,231,2024-01-09,81527.22
14576,Employee 14576,Sales,Associate,401,2016-02-17,82632.78
14577,Employee 14577,Procurement,Coordinator,250,2018-08-27,59918.55
14578,Employee 14578,Sales,Coordinator,42,2020-11-08,116693.87
14579,Employee 14579,Operations,Executive,802,2016-06-20,143970.22
14580,Employee 14580,Finance,Manager,247,2018-01-05,141256.01
14581,Employee 14581,Logistics,Associate,432,2022-06-25,57869.57
14582,Employee 14582,Finance,Associate,342,2019-02-14,22767.07
14583,Employee 14583,Procurement,Associate,281,2020-12-30,32755.06
14584,Employee 14584,Operations,Associate,44,2021-11-03,38366.88
14585,Employee 14585,Procurement,Supervisor,134,2017-04-27,125323.2
14586,Employee 14586,Finance,Analyst,195,2023-10-04,170824.35
14587,Employee 14587,Finance,Supervisor,669,2024-02-07,71802.97
14588,Employee 14588,Finance,Coordinator,881,2020-12-24,108676.0
14589,Employee 14589,Logistics,Analyst,455,2023-08-23,147613.2
14590,Employee 14590,Warehouse,Manager,162,2021-09-11,149307.59
14591,Employee 14591,Operations,Analyst,108,2015-05-22,71599.25
14592,Employee 14592,Sales,Executive,308,2021-06-01,153561.37
14593,Employee 14593,Operations,Coordinator,385,2018-11-01,83055.8
14594,Employee 14594,operations,Manager,505,2024-01-22,59580.08
14595,Employee 14595,Procurement,Associate,381,2015-03-09,166007.17
14596,Employee 14596,Sales,Executive,281,2024-02-19,64803.71
14597,Employee 14597,Operations,Coordinator,324,2017-05-27,48108.71
14598,Employee 14598,Warehouse,Executive,241,2015-10-07,129593.09
14599,Employee 14599,Warehouse,Executive,60,2019-03-29,88512.56
14600,Employee 14600,Logistics,Supervisor,248,2022-05-26,21811.76
14601,Employee 14601,Operations,Executive,151,2021-05-27,140059.12
14602,Employee 14602,Sales ,Associate,212,2019-03-13,105895.02
14603,Employee 14603,Procurement,Supervisor,200,2023-04-26,110770.11
14604,Employee 14604,Procurement,Associate,92,2022-02-22,38911.69
14605,Employee 14605,Warehouse,Coordinator,995,2019-09-01,174779.59
14606,Employee 14606,Warehouse,Manager,828,2017-07-12,57170.03
14607,Employee 14607,Warehouse,Supervisor,473,2020-09-05,36921.55
14608,Employee 14608,Logistics,Manager,769,2018-05-31,61547.23
14609,Employee 14609,Operations,Supervisor,936,2018-01-10,106676.39
14610,Employee 14610,Operations,Associate,210,2020-09-27,62696.56
14611,Employee 14611,Sales,Supervisor,189,2015-07-16,90784.44
14612,Employee 14612,Logistics,Manager,790,2022-06-07,119949.38
14613,Employee 14613,,Analyst,149,2015-01-19,94237.54
14614,Employee 14614,Logistics,Manager,620,2018-11-05,114365.41
14615,Employee 14615,Operations,Manager,907,2017-10-06,146814.54
14616,Employee 14616,Warehouse,Analyst,967,2018-05-03,161167.67
14617,Employee 14617,Warehouse,Supervisor,190,2016-05-29,43841.89
14618,Employee 14618,Sales,Analyst,401,2023-10-10,70054.63
14619,Employee 14619,Procurement,Executive,113,2020-05-25,138329.02
14620,Employee 14620,Operations,Coordinator,607,2016-05-26,24018.0
14621,Employee 14621,Procurement,Coordinator,482,2019-09-08,47285.24
14622,Employee 14622,Sales,Associate,433,2016-07-03,175228.94
14623,Employee 14623,Logistics,Coordinator,614,2023-01-28,113435.93
14624,Employee 14624,Logistics,Supervisor,740,2023-04-12,126791.56
14625,Employee 14625,Finance,Executive,279,2023-03-16,74108.41
14626,Employee 14626,Finance,Associate,105,2015-04-17,158452.0
14627,Employee 14627,Operations,Coordinator,627,2015-04-15,65440.0
14628,Employee 14628,Procurement,Analyst,487,2017-11-13,69915.12
14629,Employee 14629,Warehouse,Supervisor,716,2019-01-17,29656.82
14630,Employee 14630,Finance,Associate,614,2019-08-02,86788.72
14631,Employee 14631,Warehouse ,Analyst,263,2018-07-02,57401.03
14632,Employee 14632,Warehouse,Executive,48,2015-03-28,41202.05
14633,Employee 14633,Procurement,Associate,652,2016-10-09,173363.09
14634,Employee 14634,Warehouse,Manager,550,2015-04-25,61651.6
14635,Employee 14635,Operations,Coordinator,492,2016-03-16,26827.81
14636,Employee 14636,Warehouse,Supervisor,972,2019-07-06,91605.39
14637,Employee 14637,Procurement,Manager,974,2021-12-31,106843.53
14638,Employee 14638,Logistics,Coordinator,795,2020-07-29,97522.15
14639,Employee 14639,Operations,Associate,157,2023-03-30,148845.62
14640,Employee 14640,Finance,Analyst,166,2016-09-17,31116.53
14641,Employee 14641,Sales,Coordinator,392,2016-09-21,157859.05
14642,Employee 14642,Warehouse,Associate,438,2022-09-04,0.0
14643,Employee 14643,Finance,Manager,319,2015-12-28,23307.37
14644,Employee 14644,Operations ,Manager,223,2021-05-28,67576.35
14645,Employee 14645,Procurement,Executive,868,2019-10-26,36077.67
14646,Employee 14646,Sales,Executive,829,2018-03-25,46327.89
14647,Employee 14647,Logistics,Manager,87,2023-01-01,177771.89
14648,Employee 14648,Sales,Executive,615,2016-08-01,34502.84
14649,Employee 14649,Warehouse,Associate,781,2018-03-12,73945.66
14650,Employee 14650,Warehouse,Associate,32,2022-11-24,124716.29
14651,Employee 14651,Operations,Analyst,356,2022-09-23,30645.93
14652,Employee 14652,Warehouse,Associate,569,2024-05-11,144728.19
14653,Employee 14653,Sales,Associate,533,2023-03-11,47492.32
14654,Employee 14654,Logistics,Analyst,764,2018-01-22,125942.72
14655,Employee 14655,Procurement,Analyst,1000,2024-01-27,37570.54
14656,Employee 14656,Sales,Analyst,434,2022-05-19,44836.93
14657,Employee 14657,Operations,Coordinator,706,2024-05-16,141909.25
14658,Employee 14658,Warehouse,Associate,515,2016-12-03,44111.27
14659,Employee 14659,Operations,Manager,384,2024-05-17,0.0
14660,Employee 14660,,Analyst,467,2023-09-17,129198.59
14661,Employee 14661,Sales,Associate,310,2017-08-24,141848.6
14662,Employee 14662,Logistics,Supervisor,265,2020-07-13,69999.4
14663,Employee 14663,Sales,Executive,256,2021-02-20,59316.39
14664,Employee 14664,Sales,Associate,531,2022-07-26,86476.25
14665,Employee 14665,Sales,Associate,635,2017-12-13,97938.47
14666,Employee 14666,Sales,Associate,144,2016-08-16,102964.49
14667,Employee 14667,Procurement,Analyst,676,2021-02-17,95723.02
14668,Employee 14668,Logistics,Analyst,341,2021-09-03,26980.72
14669,Employee 14669,Procurement,Associate,549,2024-03-08,137744.84
14670,Employee 14670,Sales,Manager,246,2017-05-13,172539.85
14671,Employee 14671,sales,Coordinator,564,2016-05-23,163867.62
14672,Employee 14672,Sales,Supervisor,835,2022-01-23,140173.81
14673,Employee 14673,Sales,Associate,736,2018-02-10,43107.12
14674,Employee 14674,Logistics,Coordinator,634,2022-03-23,46205.04
14675,Employee 14675,Procurement,Analyst,567,2023-12-08,33777.76
14676,Employee 14676,Finance,Analyst,809,2024-02-03,173671.38
14677,Employee 14677,Warehouse,Associate,331,2015-06-18,106634.54
14678,Employee 14678,Logistics,Coordinator,194,2023-07-01,122838.84
14679,Employee 14679,Warehouse ,Supervisor,362,2019-03-16,170466.39
14680,Employee 14680,logistics,Coordinator,501,2022-06-28,173523.81
14681,Employee 14681,Finance,Analyst,476,2017-09-12,81242.72
14682,Employee 14682,Procurement,Analyst,114,2015-06-29,23816.4
14683,Employee 14683,Operations,Manager,586,2015-10-19,62927.31
14684,Employee 14684,Finance,Analyst,940,2016-02-07,37998.79
14685,Employee 14685,Procurement,Executive,551,2020-04-25,138366.51
14686,Employee 14686,Warehouse,Coordinator,634,2024-04-01,126497.59
14687,Employee 14687,Operations,Manager,742,2023-12-29,62152.46
14688,Employee 14688,Finance,Analyst,106,2020-02-13,77406.69
14689,Employee 14689,Finance,Associate,255,2015-03-20,101493.2
14690,Employee 14690,Operations,Analyst,526,2022-12-30,161331.97
14691,Employee 14691,Operations,Supervisor,742,2016-06-07,170830.8
14692,Employee 14692,Warehouse,Associate,306,2015-01-01,167655.22
14693,Employee 14693,Logistics,Supervisor,978,2024-07-20,102380.88
14694,Employee 14694,Operations,Coordinator,282,2020-09-10,91966.38
14695,Employee 14695,Warehouse,Executive,421,2022-12-25,170459.92
14696,Employee 14696,Finance,Coordinator,837,2019-10-30,154043.48
14697,Employee 14697,Operations,Analyst,326,2021-12-09,74355.21
14698,Employee 14698,Procurement,Analyst,775,2018-08-08,147369.79
14699,Employee 14699,Logistics,Analyst,512,2023-08-25,0.0
14700,Employee 14700,Sales,Manager,984,2019-02-07,155009.03
14701,Employee 14701,Warehouse,Manager,925,2020-05-01,90837.22
14702,Employee 14702,Sales,Manager,920,2020-07-23,58346.59
14703,Employee 14703,Logistics,Coordinator,940,2021-05-25,154921.17
14704,Employee 14704,sales,Coordinator,271,2020-04-27,33286.1
14705,Employee 14705,Finance,Executive,414,2015-03-16,24380.06
14706,Employee 14706,Warehouse,Analyst,833,2023-08-03,138327.37
14707,Employee 14707,Finance,Manager,583,2023-06-17,163141.09
14708,Employee 14708,Logistics,Supervisor,832,2015-11-04,91046.92
14709,Employee 14709,Finance,Associate,504,2019-10-28,41593.73
14710,Employee 14710,Finance,Associate,754,2024-03-05,172325.19
14711,Employee 14711,Procurement,Supervisor,70,2021-12-21,96229.92
14712,Employee 14712,Procurement,Coordinator,935,2015-08-20,36358.39
14713,Employee 14713,Procurement,Analyst,169,2015-04-18,85284.55
14714,Employee 14714,Finance,Executive,882,2017-10-06,165152.36
14715,Employee 14715,Warehouse,Manager,113,2024-02-10,129881.85
14716,Employee 14716,Warehouse,Coordinator,552,2021-01-26,86315.98
14717,Employee 14717,Warehouse,Associate,378,2019-08-25,141512.33
14718,Employee 14718,Sales,Analyst,61,2018-05-23,27080.11
14719,Employee 14719,Warehouse,Executive,278,2017-10-09,60606.88
14720,Employee 14720,Logistics,Analyst,980,2021-06-22,158456.24
14721,Employee 14721,Operations,Coordinator,892,2021-02-14,29489.03
14722,Employee 14722,Operations,Associate,450,2023-01-09,97738.2
14723,Employee 14723,Finance,Supervisor,955,2021-01-22,97889.12
14724,Employee 14724,Warehouse,Associate,564,2021-11-13,137741.61
14725,Employee 14725,Operations,Coordinator,174,2020-10-29,108215.91
14726,Employee 14726,Sales,Coordinator,420,2023-08-07,161660.85
14727,Employee 14727,Warehouse,Supervisor,994,2018-03-27,31528.66
14728,Employee 14728,Warehouse,Associate,282,2016-03-01,124071.15
14729,Employee 14729,Sales,Associate,500,2019-04-28,172227.04
14730,Employee 14730,Logistics,Supervisor,983,2017-04-27,22919.31
14731,Employee 14731,Sales,Associate,57,2024-07-17,-10000.0
14732,Employee 14732,Operations,Manager,582,2017-01-25,64447.8
14733,Employee 14733,Sales,Coordinator,203,2020-01-27,171109.75
14734,Employee 14734,Sales,Executive,490,2018-04-12,38281.3
14735,Employee 14735,Operations,Executive,94,2017-02-26,109296.96
14736,Employee 14736,Operations,Supervisor,353,2020-07-23,49675.24
14737,Employee 14737,Sales,Analyst,793,2022-03-07,21833.14
14738,Employee 14738,Warehouse,Analyst,817,2017-04-10,23178.27
14739,Employee 14739,Sales,Associate,944,2020-09-03,106629.44
14740,Employee 14740,Operations,Analyst,574,2018-12-15,29485.82
14741,Employee 14741,Warehouse,Executive,37,2019-04-25,172539.32
14742,Employee 14742,Finance,Associate,449,2021-02-05,30799.45
14743,Employee 14743,Warehouse,Manager,643,2017-10-05,128511.71
14744,Employee 14744,Warehouse,Analyst,428,2018-08-21,99467.73
14745,Employee 14745,Warehouse,Associate,543,2022-11-07,50403.67
14746,Employee 14746,Procurement,Executive,892,2020-02-18,83034.11
14747,Employee 14747,Operations,Associate,130,2024-05-10,120133.36
14748,Employee 14748,Procurement,Executive,615,2016-08-01,50184.97
14749,Employee 14749,Sales,Supervisor,17,2022-01-21,38492.65
14750,Employee 14750,Sales,Supervisor,312,2021-05-27,87880.39
14751,Employee 14751,warehouse,Associate,573,2023-12-10,34090.35
14752,Employee 14752,Procurement ,Coordinator,701,2019-01-16,167078.8
14753,Employee 14753,Operations,Associate,439,2022-07-31,112446.77
14754,Employee 14754,Warehouse,Analyst,565,2016-04-21,89608.97
14755,Employee 14755,Procurement,Associate,507,2022-08-07,170868.77
14756,Employee 14756,Logistics,Analyst,753,2023-06-21,113691.0
14757,Employee 14757,Warehouse,Manager,94,2019-06-07,163565.82
14758,Employee 14758,Logistics,Coordinator,955,2016-08-09,80491.77
14759,Employee 14759,Finance,Associate,880,2019-10-24,71767.38
14760,Employee 14760,Logistics,Analyst,251,2022-12-06,115196.5
14761,Employee 14761,Finance,Supervisor,929,2018-12-12,102022.53
14762,Employee 14762,Logistics,Associate,982,2016-11-12,38824.98
14763,Employee 14763,Sales,Associate,395,2020-10-06,177845.07
14764,Employee 14764,Procurement,Supervisor,671,2017-12-10,115074.93
14765,Employee 14765,Sales,Supervisor,665,2020-10-12,90597.63
14766,Employee 14766,Procurement,Analyst,532,2016-03-11,127305.19
14767,Employee 14767,Procurement,Manager,247,2019-12-24,42291.81
14768,Employee 14768,Operations,Manager,666,2018-11-15,151366.42
14769,Employee 14769,Finance,Coordinator,569,2022-04-05,172647.8
14770,Employee 14770,Sales,Analyst,52,2018-09-10,136193.37
14771,Employee 14771,Sales,Associate,620,2023-06-30,118764.65
14772,Employee 14772,Operations,Associate,607,2021-02-14,101352.35
14773,Employee 14773,Finance,Associate,119,2021-01-19,163457.3
14774,Employee 14774,Warehouse,Supervisor,510,2017-05-14,40001.31
14775,Employee 14775,Warehouse,Coordinator,984,2023-03-16,168503.47
14776,Employee 14776,Operations,Analyst,724,2016-03-17,120932.19
14777,Employee 14777,Procurement,Manager,271,2024-02-25,51853.97
14778,Employee 14778,Warehouse,Supervisor,529,2017-02-01,172391.28
14779,Employee 14779,logistics,Coordinator,63,2019-08-25,90753.22
14780,Employee 14780,Sales,Executive,819,2024-07-18,136024.82
14781,Employee 14781,Warehouse,Executive,859,2018-08-23,107891.13
14782,Employee 14782,Warehouse ,Executive,477,2021-12-14,28908.33
14783,Employee 14783,Warehouse,Analyst,609,2019-08-22,100506.81
14784,Employee 14784,Warehouse,Supervisor,689,2019-12-30,161050.78
14785,Employee 14785,Operations,Analyst,214,2018-12-26,147930.11
14786,Employee 14786,Procurement,Manager,705,2023-07-12,177799.1
14787,Employee 14787,Finance,Manager,626,2020-12-03,155760.02
14788,Employee 14788,Sales,Manager,623,2021-05-23,93421.84
14789,Employee 14789,Operations,Coordinator,455,2023-04-01,97686.64
14790,Employee 14790,Sales,Supervisor,432,2023-08-12,170978.9
14791,Employee 14791,Procurement,Executive,681,2024-04-24,157413.79
14792,Employee 14792,Sales,Supervisor,597,2021-09-28,117602.1
14793,Employee 14793,Sales,Executive,730,2021-12-01,32624.01
14794,Employee 14794,Procurement,Manager,444,2023-08-20,68451.63
14795,Employee 14795,Sales,Coordinator,767,2021-11-08,71066.72
14796,Employee 14796,Warehouse,Supervisor,84,2022-01-14,39566.49
14797,Employee 14797,Logistics,Associate,849,2017-12-12,68841.91
14798,Employee 14798,Sales,Coordinator,699,2019-12-04,20714.68
14799,Employee 14799,Warehouse,Manager,78,2020-11-02,162140.98
14800,Employee 14800,Warehouse,Supervisor,517,2020-08-20,21295.64
14801,Employee 14801,Logistics,Manager,563,2017-03-31,82304.57
14802,Employee 14802,Procurement,Executive,494,2023-03-02,62097.61
14803,Employee 14803,Warehouse,Executive,606,2023-03-21,38594.24
14804,Employee 14804,Finance,Supervisor,240,2016-06-13,123783.12
14805,Employee 14805,Procurement,Coordinator,791,2024-05-08,137819.69
14806,Employee 14806,Logistics,Associate,170,2015-06-14,93520.07
14807,Employee 14807,Warehouse,Analyst,570,2017-11-01,73456.22
14808,Employee 14808,Warehouse,Coordinator,967,2019-01-28,73023.07
14809,Employee 14809,Sales,Associate,709,2020-02-21,158996.11
14810,Employee 14810,Warehouse,Coordinator,811,2016-08-06,99048.14
14811,Employee 14811,Procurement,Manager,907,2022-02-23,136895.98
14812,Employee 14812,Logistics,Coordinator,21,2023-10-23,56972.35
14813,Employee 14813,Sales,Manager,321,2019-04-29,169417.9
14814,Employee 14814,Operations,Associate,91,2019-07-12,76121.31
14815,Employee 14815,Finance,Manager,104,2024-02-18,127052.28
14816,Employee 14816,Logistics,Coordinator,675,2022-10-10,63124.17
14817,Employee 14817,Logistics,Supervisor,941,2015-04-24,64160.04
14818,Employee 14818,Procurement,Supervisor,641,2015-11-21,112768.34
14819,Employee 14819,Operations,Analyst,158,2019-01-22,-10000.0
14820,Employee 14820,Operations,Executive,772,2016-05-20,33829.4
14821,Employee 14821,Sales,Supervisor,721,2021-06-14,102930.4
14822,Employee 14822,Logistics,Coordinator,746,2017-08-07,29040.18
14823,Employee 14823,Finance,Analyst,838,2015-07-25,81092.97
14824,Employee 14824,Operations,Analyst,80,2016-12-21,168349.3
14825,Employee 14825,Finance,Manager,233,2022-04-02,27036.37
14826,Employee 14826,Operations,Manager,137,2019-05-12,31428.09
14827,Employee 14827,Sales,Associate,246,2020-01-11,64649.33
14828,Employee 14828,Operations,Coordinator,190,2017-10-03,107336.43
14829,Employee 14829,Finance,Analyst,212,2018-10-22,52340.22
14830,Employee 14830,Operations,Supervisor,629,2021-06-20,81121.32
14831,Employee 14831,Operations,Associate,505,2023-01-03,38236.09
14832,Employee 14832,Operations,Coordinator,253,2024-01-22,109800.48
14833,Employee 14833,Finance,Executive,476,2020-03-20,171292.8
14834,Employee 14834,Procurement,Associate,64,2018-10-09,82472.16
14835,Employee 14835,Operations,Coordinator,326,2016-05-27,95462.21
14836,Employee 14836,Operations,Coordinator,195,2017-11-28,118374.73
14837,Employee 14837,Warehouse,Analyst,499,2024-02-25,151849.99
14838,Employee 14838,Procurement,Analyst,767,2023-01-23,110109.16
14839,Employee 14839,Procurement ,Supervisor,918,2020-10-30,20761.25
14840,Employee 14840,Operations,Associate,146,2017-12-23,156325.02
14841,Employee 14841,Warehouse,Supervisor,872,2023-05-11,28206.54
14842,Employee 14842,Finance,Coordinator,948,2023-05-14,169131.76
14843,Employee 14843,Sales,Executive,164,2024-03-14,163107.32
14844,Employee 14844,Logistics,Executive,386,2020-08-06,64655.15
14845,Employee 14845,Procurement,Associate,8,2019-12-15,56199.6
14846,Employee 14846,Operations,Manager,348,2015-10-23,29303.62
14847,Employee 14847,Operations,Coordinator,961,2021-02-10,70752.1
14848,Employee 14848,Finance,Executive,839,2023-07-29,144314.13
14849,Employee 14849,Logistics,Analyst,783,2020-05-18,111006.18
14850,Employee 14850,Procurement,Executive,897,2015-01-29,49031.69
14851,Employee 14851,Logistics,Executive,471,2017-09-11,148220.81
14852,Employee 14852,Logistics,Analyst,801,2023-10-16,43672.72
14853,Employee 14853,Operations,Associate,681,2023-08-03,142339.48
14854,Employee 14854,Finance,Supervisor,225,2016-08-25,168332.79
14855,Employee 14855,Operations,Associate,604,2022-05-08,118951.41
14856,Employee 14856,Operations,Analyst,231,2016-05-21,161608.44
14857,Employee 14857,Warehouse,Executive,162,2016-06-10,71766.17
14858,Employee 14858,Operations,Analyst,499,2019-05-14,161639.55
14859,Employee 14859,Logistics,Supervisor,108,2018-12-20,76045.18
14860,Employee 14860,Logistics,Manager,179,2024-06-19,41109.27
14861,Employee 14861,Warehouse,Coordinator,323,2023-11-29,140275.44
14862,Employee 14862,Sales,Analyst,318,2018-11-03,22551.79
14863,Employee 14863,warehouse,Executive,648,2020-06-13,89313.95
14864,Employee 14864,Logistics,Manager,438,2021-09-28,32717.95
14865,Employee 14865,Finance,Supervisor,880,2020-10-13,155266.37
14866,Employee 14866,Finance,Executive,540,2021-09-05,31285.36
14867,Employee 14867,Warehouse,Associate,548,2019-07-17,125256.98
14868,Employee 14868,Logistics,Analyst,150,2020-08-29,77351.46
14869,Employee 14869,Operations,Executive,667,2021-08-11,140424.86
14870,Employee 14870,Warehouse,Coordinator,579,2016-10-16,24260.79
14871,Employee 14871,Procurement,Supervisor,882,2020-05-24,104071.5
14872,Employee 14872,Warehouse,Coordinator,633,2022-07-09,35504.58
14873,Employee 14873,Logistics,Coordinator,651,2020-05-16,135408.33
14874,Employee 14874,Logistics,Manager,669,2018-12-07,149411.5
14875,Employee 14875,Sales,Supervisor,405,2021-08-20,49268.96
14876,Employee 14876,Finance,Analyst,947,2023-04-05,53589.53
14877,Employee 14877,Logistics,Executive,137,2021-09-25,173478.38
14878,Employee 14878,Logistics,Associate,687,2017-05-04,52200.34
14879,Employee 14879,Sales,Manager,724,2024-05-30,77164.04
14880,Employee 14880,Operations,Analyst,261,2015-01-01,63203.02
14881,Employee 14881,Sales,Executive,722,2022-02-27,156155.77
14882,Employee 14882,Logistics,Associate,707,2015-10-09,55756.28
14883,Employee 14883,Finance,Associate,389,2015-05-10,47219.27
14884,Employee 14884,Finance,Manager,125,2020-05-05,160096.66
14885,Employee 14885,Operations,Analyst,634,2018-07-28,34993.59
14886,Employee 14886,Sales,Supervisor,491,2019-09-06,158780.4
14887,Employee 14887,Logistics ,Associate,285,2019-04-26,89490.63
14888,Employee 14888,sales,Coordinator,759,2021-06-25,163067.95
14889,Employee 14889,Logistics,Coordinator,968,2017-11-29,117519.24
14890,Employee 14890,Logistics,Executive,92,2020-04-08,133896.72
14891,Employee 14891,Logistics,Executive,402,2017-07-26,22976.99
14892,Employee 14892,Warehouse,Coordinator,33,2021-02-11,178417.39
14893,Employee 14893,Logistics,Supervisor,301,2018-12-31,49032.57
14894,Employee 14894,Finance,Executive,910,2019-12-26,154611.28
14895,Employee 14895,Finance,Analyst,21,2024-06-21,145049.56
14896,Employee 14896,Finance,Executive,997,2020-02-08,141212.87
14897,Employee 14897,Warehouse,Manager,622,2020-05-27,23912.13
14898,Employee 14898,Logistics,Executive,236,2018-11-11,41991.26
14899,Employee 14899,Warehouse,Coordinator,30,2023-10-16,152146.27
14900,Employee 14900,Operations ,Executive,495,2022-11-25,92721.28
14901,Employee 14901,Warehouse ,Coordinator,523,2021-08-15,137574.79
14902,Employee 14902,Procurement,Executive,513,2019-04-30,116224.6
14903,Employee 14903,Sales,Associate,188,2022-11-27,91223.3
14904,Employee 14904,Sales,Supervisor,514,2022-09-19,106629.52
14905,Employee 14905,Logistics,Supervisor,962,2023-05-26,165964.13
14906,Employee 14906,Sales,Analyst,109,2021-10-07,93451.86
14907,Employee 14907,Procurement,Analyst,462,2020-08-27,36520.37
14908,Employee 14908,Operations,Analyst,890,2018-11-27,148392.18
14909,Employee 14909,Procurement,Associate,818,2015-02-19,93994.87
14910,Employee 14910,Operations,Executive,104,2023-12-18,108689.03
14911,Employee 14911,Finance,Supervisor,37,2023-10-25,79110.4
14912,Employee 14912,Logistics,Analyst,970,2024-03-07,113319.79
14913,Employee 14913,Operations,Supervisor,329,2016-09-04,164786.85
14914,Employee 14914,Warehouse,Executive,150,2017-07-23,151739.65
14915,Employee 14915,Procurement,Analyst,838,2021-11-26,29340.54
14916,Employee 14916,Warehouse,Analyst,223,2016-05-04,61120.34
14917,Employee 14917,Operations,Associate,597,2015-03-03,124974.27
14918,Employee 14918,Finance,Coordinator,360,2021-05-23,69309.81
14919,Employee 14919,Warehouse,Executive,136,2023-04-16,145919.77
14920,Employee 14920,Procurement,Analyst,696,2018-04-14,170948.1
14921,Employee 14921,Procurement,Associate,147,2023-11-07,66545.87
14922,Employee 14922,logistics,Associate,25,2019-01-12,136442.02
14923,Employee 14923,Procurement,Associate,500,2018-06-21,45847.35
14924,Employee 14924,Logistics,Manager,215,2022-05-11,29790.04
14925,Employee 14925,Sales,Analyst,440,2017-01-02,74778.48
14926,Employee 14926,Sales,Coordinator,397,2023-07-02,57724.25
14927,Employee 14927,Logistics,Coordinator,261,2021-09-04,82320.23
14928,Employee 14928,Procurement,Coordinator,655,2019-07-26,39592.19
14929,Employee 14929,Finance,Supervisor,678,2017-08-07,37272.95
14930,Employee 14930,Sales,Associate,437,2021-12-01,125558.36
14931,Employee 14931,Procurement,Executive,35,2020-06-03,38624.01
14932,Employee 14932,Operations,Manager,630,2021-08-09,35933.82
14933,Employee 14933,Logistics,Executive,183,2019-06-19,-10000.0
14934,Employee 14934,Warehouse,Analyst,616,2024-02-18,90944.87
14935,Employee 14935,Finance,Associate,45,2024-01-20,22814.15
14936,Employee 14936,Finance,Supervisor,480,2023-08-08,167973.69
14937,Employee 14937,Procurement,Supervisor,137,2023-11-07,42265.53
14938,Employee 14938,Finance,Supervisor,113,2017-05-25,63252.63
14939,Employee 14939,Sales,Manager,955,2016-05-30,117235.45
14940,Employee 14940,Logistics,Executive,373,2015-04-03,81031.06
14941,Employee 14941,Procurement,Coordinator,888,2017-12-23,57440.54
14942,Employee 14942,Logistics,Analyst,925,2024-02-12,163846.65
14943,Employee 14943,Sales,Supervisor,994,2017-04-21,96719.9
14944,Employee 14944,Logistics,Coordinator,584,2024-05-16,35815.6
14945,Employee 14945,Logistics,Associate,182,2018-10-05,68608.32
14946,Employee 14946,Sales,Executive,175,2017-03-18,129340.51
14947,Employee 14947,Warehouse,Manager,803,2019-05-06,66006.74
14948,Employee 14948,Procurement,Executive,417,2023-05-08,74876.69
14949,Employee 14949,Finance,Manager,753,2018-10-22,92312.54
14950,Employee 14950,Operations,Supervisor,302,2023-11-06,144643.88
14951,Employee 14951,Logistics,Supervisor,554,2017-10-22,65162.83
14952,Employee 14952,Logistics,Manager,635,2016-12-05,-10000.0
14953,Employee 14953,Sales,Analyst,736,2022-03-04,165694.01
14954,Employee 14954,Finance,Executive,361,2015-07-09,24391.58
14955,Employee 14955,Logistics,Supervisor,19,2019-09-30,106600.61
14956,Employee 14956,Finance,Manager,989,2020-12-22,107191.52
14957,Employee 14957,Finance,Manager,338,2023-11-12,155279.7
14958,Employee 14958,Finance,Executive,562,2021-03-20,45003.2
14959,Employee 14959,Warehouse,Analyst,40,2018-07-15,114400.66
14960,Employee 14960,Sales,Associate,619,2015-12-27,151342.08
14961,Employee 14961,Logistics,Executive,546,2017-05-20,51264.82
14962,Employee 14962,Sales,Supervisor,11,2017-11-07,155774.65
14963,Employee 14963,Sales,Supervisor,518,2016-05-17,85267.23
14964,Employee 14964,Operations,Associate,268,2017-09-21,28908.92
14965,Employee 14965,Procurement,Associate,597,2020-04-18,79846.72
14966,Employee 14966,Warehouse,Manager,144,2019-04-29,146158.9
14967,Employee 14967,Logistics,Manager,632,2017-05-16,93026.26
14968,Employee 14968,Operations,Associate,62,2022-07-13,82830.64
14969,Employee 14969,Sales,Coordinator,929,2015-05-19,98068.15
14970,Employee 14970,Warehouse,Manager,638,2015-08-17,19083.5
14971,Employee 14971,Finance,Executive,566,2021-02-27,42624.09
14972,Employee 14972,Operations,Associate,708,2017-09-05,99846.78
14973,Employee 14973,Finance,Associate,127,2023-01-21,177372.05
14974,Employee 14974,Warehouse,Coordinator,39,2018-01-13,155493.05
14975,Employee 14975,Logistics,Executive,790,2016-03-10,112667.99
14976,Employee 14976,Finance,Analyst,674,2020-02-22,32283.75
14977,Employee 14977,Procurement,Coordinator,677,2022-09-16,82064.66
14978,Employee 14978,Sales,Supervisor,665,2024-06-19,93799.05
14979,Employee 14979,Operations,Supervisor,324,2018-06-03,164667.18
14980,Employee 14980,Operations,Supervisor,860,2016-09-21,78771.48
14981,Employee 14981,Finance,Coordinator,313,2019-02-07,174476.45
14982,Employee 14982,Logistics,Associate,377,2017-01-09,96543.1
14983,Employee 14983,Finance,Executive,508,2022-09-23,82248.51
14984,Employee 14984,Warehouse,Manager,875,2018-08-20,163161.61
14985,Employee 14985,Procurement,Manager,427,2023-03-11,100199.0
14986,Employee 14986,Warehouse,Manager,739,2019-10-22,66466.36
14987,Employee 14987,Logistics,Manager,422,2023-06-09,103022.23
14988,Employee 14988,Logistics,Executive,358,2019-01-18,126702.14
14989,Employee 14989,Sales,Coordinator,735,2017-08-10,67665.82
14990,Employee 14990,Warehouse,Manager,743,2016-10-20,69655.61
14991,Employee 14991,Operations,Analyst,589,2015-02-21,153642.44
14992,Employee 14992,Warehouse,Coordinator,940,2023-07-05,123530.11
14993,Employee 14993,Logistics,Manager,356,2022-08-22,28476.11
14994,Employee 14994,Operations,Analyst,911,2022-07-12,157454.84
14995,Employee 14995,procurement,Coordinator,410,2023-10-07,58430.34
14996,Employee 14996,Warehouse,Manager,259,2023-08-27,87305.78
14997,Employee 14997,Warehouse,Supervisor,922,2023-08-14,42175.74
14998,Employee 14998,Warehouse,Manager,84,2018-05-20,152388.67
14999,Employee 14999,Finance,Associate,55,2015-07-18,141295.77
15000,Employee 15000,Logistics,Coordinator,5,2016-05-04,28821.51
